"Index","Source","Generated","TableName","TransferPriority","Bytes"
"1","F:\NCKH\Product\Martime_product_v1.1\edge_product\edge-services\uploads\crew\documents\travel_documents\c0000001-0001-0001-0001-000000000001_visa.png","F:\NCKH\Product\Martime_product_v1.1\artifacts\research-sync\metadata-first-benchmark-1000\generated-corpus\travel_document\0001_c0000001-0001-0001-0001-000000000001_visa.png","travel_document","3","314715"
"2","F:\NCKH\Product\Martime_product_v1.1\edge_product\edge-services\uploads\crew\documents\health_documents\3bfa3d0b-d2f5-4236-b967-4a270f65e326_yellow_fever.png","F:\NCKH\Product\Martime_product_v1.1\artifacts\research-sync\metadata-first-benchmark-1000\generated-corpus\health_document\0002_3bfa3d0b-d2f5-4236-b967-4a270f65e326_yellow_fever.png","health_document","3","576399"
"3","F:\NCKH\Product\Martime_product_v1.1\edge_product\edge-services\uploads\crew\documents\health_documents\c0000001-0001-0001-0001-000000000001_medical.png","F:\NCKH\Product\Martime_product_v1.1\artifacts\research-sync\metadata-first-benchmark-1000\generated-corpus\health_document\0003_c0000001-0001-0001-0001-000000000001_medical.png","health_document","3","473003"
"4","F:\NCKH\Product\Martime_product_v1.1\edge_product\edge-services\uploads\crew\avatars\68000000-0000-4000-8000-000000000008-avatar-fdde8623c2ba412bab9cea83aa252de4.png","F:\NCKH\Product\Martime_product_v1.1\artifacts\research-sync\metadata-first-benchmark-1000\generated-corpus\crew_member\0004_68000000-0000-4000-8000-000000000008-avatar-fdde8623c2ba412bab9cea83aa252de4.png","crew_member","2","68"
"5","F:\NCKH\Product\Martime_product_v1.1\edge_product\edge-services\uploads\crew\documents\travel_documents\3bfa3d0b-d2f5-4236-b967-4a270f65e326_visa.png","F:\NCKH\Product\Martime_product_v1.1\artifacts\research-sync\metadata-first-benchmark-1000\generated-corpus\travel_document\0005_3bfa3d0b-d2f5-4236-b967-4a270f65e326_visa.png","travel_document","3","473003"
"6","F:\NCKH\Product\Martime_product_v1.1\edge_product\edge-services\uploads\crew\documents\health_documents\c0000001-0001-0001-0001-000000000001_medical.png","F:\NCKH\Product\Martime_product_v1.1\artifacts\research-sync\metadata-first-benchmark-1000\generated-corpus\health_document\0006_c0000001-0001-0001-0001-000000000001_medical.png","health_document","3","473003"
"7","F:\NCKH\Product\Martime_product_v1.1\edge_product\edge-services\uploads\crew\documents\travel_documents\c0000001-0001-0001-0001-000000000001_visa_20260225112400811.png","F:\NCKH\Product\Martime_product_v1.1\artifacts\research-sync\metadata-first-benchmark-1000\generated-corpus\travel_document\0007_c0000001-0001-0001-0001-000000000001_visa_20260225112400811.png","travel_document","3","288226"
"8","F:\NCKH\Product\Martime_product_v1.1\edge_product\edge-services\uploads\crew\documents\travel_documents\c0000001-0001-0001-0001-000000000003_passport.jpg","F:\NCKH\Product\Martime_product_v1.1\artifacts\research-sync\metadata-first-benchmark-1000\generated-corpus\travel_document\0008_c0000001-0001-0001-0001-000000000003_passport.jpg","travel_document","3","526059"
"9","F:\NCKH\Product\Martime_product_v1.1\edge_product\edge-services\uploads\crew\avatars\a0000001-0000-0000-0000-000000000001.jpg","F:\NCKH\Product\Martime_product_v1.1\artifacts\research-sync\metadata-first-benchmark-1000\generated-corpus\crew_member\0009_a0000001-0000-0000-0000-000000000001.jpg","crew_member","2","77331"
"10","F:\NCKH\Product\Martime_product_v1.1\edge_product\edge-services\uploads\crew\avatars\c0000001-0001-0001-0001-000000000001.jpg","F:\NCKH\Product\Martime_product_v1.1\artifacts\research-sync\metadata-first-benchmark-1000\generated-corpus\crew_member\0010_c0000001-0001-0001-0001-000000000001.jpg","crew_member","2","77331"
"11","F:\NCKH\Product\Martime_product_v1.1\edge_product\edge-services\uploads\crew\avatars\68000000-0000-4000-8000-000000000008-avatar-fdde8623c2ba412bab9cea83aa252de4.png","F:\NCKH\Product\Martime_product_v1.1\artifacts\research-sync\metadata-first-benchmark-1000\generated-corpus\crew_member\0011_68000000-0000-4000-8000-000000000008-avatar-fdde8623c2ba412bab9cea83aa252de4.png","crew_member","2","68"
"12","F:\NCKH\Product\Martime_product_v1.1\edge_product\edge-services\uploads\crew\documents\health_documents\c0000001-0001-0001-0001-000000000001_medical.png","F:\NCKH\Product\Martime_product_v1.1\artifacts\research-sync\metadata-first-benchmark-1000\generated-corpus\health_document\0012_c0000001-0001-0001-0001-000000000001_medical.png","health_document","3","473003"
"13","F:\NCKH\Product\Martime_product_v1.1\edge_product\edge-services\uploads\crew\documents\health_documents\3bfa3d0b-d2f5-4236-b967-4a270f65e326_yellow_fever.png","F:\NCKH\Product\Martime_product_v1.1\artifacts\research-sync\metadata-first-benchmark-1000\generated-corpus\health_document\0013_3bfa3d0b-d2f5-4236-b967-4a270f65e326_yellow_fever.png","health_document","3","576399"
"14","F:\NCKH\Product\Martime_product_v1.1\edge_product\edge-services\uploads\crew\documents\travel_documents\3bfa3d0b-d2f5-4236-b967-4a270f65e326_visa.png","F:\NCKH\Product\Martime_product_v1.1\artifacts\research-sync\metadata-first-benchmark-1000\generated-corpus\travel_document\0014_3bfa3d0b-d2f5-4236-b967-4a270f65e326_visa.png","travel_document","3","473003"
"15","F:\NCKH\Product\Martime_product_v1.1\edge_product\edge-services\uploads\crew\certificates\cert_31_20260225172956.png","F:\NCKH\Product\Martime_product_v1.1\artifacts\research-sync\metadata-first-benchmark-1000\generated-corpus\crew_certificate\0015_cert_31_20260225172956.png","crew_certificate","2","1023525"
"16","F:\NCKH\Product\Martime_product_v1.1\edge_product\edge-services\uploads\crew\documents\health_documents\3bfa3d0b-d2f5-4236-b967-4a270f65e326_yellow_fever.png","F:\NCKH\Product\Martime_product_v1.1\artifacts\research-sync\metadata-first-benchmark-1000\generated-corpus\health_document\0016_3bfa3d0b-d2f5-4236-b967-4a270f65e326_yellow_fever.png","health_document","3","576399"
"17","F:\NCKH\Product\Martime_product_v1.1\edge_product\edge-services\uploads\crew\documents\travel_documents\c0000001-0001-0001-0001-000000000003_passport.jpg","F:\NCKH\Product\Martime_product_v1.1\artifacts\research-sync\metadata-first-benchmark-1000\generated-corpus\travel_document\0017_c0000001-0001-0001-0001-000000000003_passport.jpg","travel_document","3","526059"
"18","F:\NCKH\Product\Martime_product_v1.1\edge_product\edge-services\uploads\crew\avatars\68000000-0000-4000-8000-000000000008-avatar-fdde8623c2ba412bab9cea83aa252de4.png","F:\NCKH\Product\Martime_product_v1.1\artifacts\research-sync\metadata-first-benchmark-1000\generated-corpus\crew_member\0018_68000000-0000-4000-8000-000000000008-avatar-fdde8623c2ba412bab9cea83aa252de4.png","crew_member","2","68"
"19","F:\NCKH\Product\Martime_product_v1.1\edge_product\edge-services\uploads\crew\documents\health_documents\3bfa3d0b-d2f5-4236-b967-4a270f65e326_yellow_fever.png","F:\NCKH\Product\Martime_product_v1.1\artifacts\research-sync\metadata-first-benchmark-1000\generated-corpus\health_document\0019_3bfa3d0b-d2f5-4236-b967-4a270f65e326_yellow_fever.png","health_document","3","576399"
"20","F:\NCKH\Product\Martime_product_v1.1\edge_product\edge-services\uploads\crew\documents\travel_documents\c0000001-0001-0001-0001-000000000001_visa_20260225112400811.png","F:\NCKH\Product\Martime_product_v1.1\artifacts\research-sync\metadata-first-benchmark-1000\generated-corpus\travel_document\0020_c0000001-0001-0001-0001-000000000001_visa_20260225112400811.png","travel_document","3","288226"
"21","F:\NCKH\Product\Martime_product_v1.1\edge_product\edge-services\uploads\crew\documents\travel_documents\3bfa3d0b-d2f5-4236-b967-4a270f65e326_visa.png","F:\NCKH\Product\Martime_product_v1.1\artifacts\research-sync\metadata-first-benchmark-1000\generated-corpus\travel_document\0021_3bfa3d0b-d2f5-4236-b967-4a270f65e326_visa.png","travel_document","3","473003"
"22","F:\NCKH\Product\Martime_product_v1.1\edge_product\edge-services\uploads\crew\certificates\cert_31_20260225172956.png","F:\NCKH\Product\Martime_product_v1.1\artifacts\research-sync\metadata-first-benchmark-1000\generated-corpus\crew_certificate\0022_cert_31_20260225172956.png","crew_certificate","2","1023525"
"23","F:\NCKH\Product\Martime_product_v1.1\edge_product\edge-services\uploads\crew\documents\travel_documents\c0000001-0001-0001-0001-000000000003_passport.jpg","F:\NCKH\Product\Martime_product_v1.1\artifacts\research-sync\metadata-first-benchmark-1000\generated-corpus\travel_document\0023_c0000001-0001-0001-0001-000000000003_passport.jpg","travel_document","3","526059"
"24","F:\NCKH\Product\Martime_product_v1.1\edge_product\edge-services\uploads\crew\avatars\68000000-0000-4000-8000-000000000008-avatar-fdde8623c2ba412bab9cea83aa252de4.png","F:\NCKH\Product\Martime_product_v1.1\artifacts\research-sync\metadata-first-benchmark-1000\generated-corpus\crew_member\0024_68000000-0000-4000-8000-000000000008-avatar-fdde8623c2ba412bab9cea83aa252de4.png","crew_member","2","68"
"25","F:\NCKH\Product\Martime_product_v1.1\edge_product\edge-services\uploads\crew\avatars\68000000-0000-4000-8000-000000000008-avatar-fdde8623c2ba412bab9cea83aa252de4.png","F:\NCKH\Product\Martime_product_v1.1\artifacts\research-sync\metadata-first-benchmark-1000\generated-corpus\crew_member\0025_68000000-0000-4000-8000-000000000008-avatar-fdde8623c2ba412bab9cea83aa252de4.png","crew_member","2","68"
"26","F:\NCKH\Product\Martime_product_v1.1\edge_product\edge-services\uploads\crew\documents\health_documents\3bfa3d0b-d2f5-4236-b967-4a270f65e326_yellow_fever.png","F:\NCKH\Product\Martime_product_v1.1\artifacts\research-sync\metadata-first-benchmark-1000\generated-corpus\health_document\0026_3bfa3d0b-d2f5-4236-b967-4a270f65e326_yellow_fever.png","health_document","3","576399"
"27","F:\NCKH\Product\Martime_product_v1.1\edge_product\edge-services\uploads\crew\documents\travel_documents\c0000001-0001-0001-0001-000000000003_passport.jpg","F:\NCKH\Product\Martime_product_v1.1\artifacts\research-sync\metadata-first-benchmark-1000\generated-corpus\travel_document\0027_c0000001-0001-0001-0001-000000000003_passport.jpg","travel_document","3","526059"
"28","F:\NCKH\Product\Martime_product_v1.1\edge_product\edge-services\uploads\crew\documents\health_documents\3bfa3d0b-d2f5-4236-b967-4a270f65e326_yellow_fever.png","F:\NCKH\Product\Martime_product_v1.1\artifacts\research-sync\metadata-first-benchmark-1000\generated-corpus\health_document\0028_3bfa3d0b-d2f5-4236-b967-4a270f65e326_yellow_fever.png","health_document","3","576399"
"29","F:\NCKH\Product\Martime_product_v1.1\edge_product\edge-services\uploads\crew\documents\travel_documents\c0000001-0001-0001-0001-000000000001_visa.png","F:\NCKH\Product\Martime_product_v1.1\artifacts\research-sync\metadata-first-benchmark-1000\generated-corpus\travel_document\0029_c0000001-0001-0001-0001-000000000001_visa.png","travel_document","3","314715"
"30","F:\NCKH\Product\Martime_product_v1.1\edge_product\edge-services\uploads\crew\documents\travel_documents\3bfa3d0b-d2f5-4236-b967-4a270f65e326_visa.png","F:\NCKH\Product\Martime_product_v1.1\artifacts\research-sync\metadata-first-benchmark-1000\generated-corpus\travel_document\0030_3bfa3d0b-d2f5-4236-b967-4a270f65e326_visa.png","travel_document","3","473003"
"31","F:\NCKH\Product\Martime_product_v1.1\edge_product\edge-services\uploads\crew\avatars\a0000001-0000-0000-0000-000000000001.jpg","F:\NCKH\Product\Martime_product_v1.1\artifacts\research-sync\metadata-first-benchmark-1000\generated-corpus\crew_member\0031_a0000001-0000-0000-0000-000000000001.jpg","crew_member","2","77331"
"32","F:\NCKH\Product\Martime_product_v1.1\edge_product\edge-services\uploads\crew\documents\health_documents\3bfa3d0b-d2f5-4236-b967-4a270f65e326_yellow_fever.png","F:\NCKH\Product\Martime_product_v1.1\artifacts\research-sync\metadata-first-benchmark-1000\generated-corpus\health_document\0032_3bfa3d0b-d2f5-4236-b967-4a270f65e326_yellow_fever.png","health_document","3","576399"
"33","F:\NCKH\Product\Martime_product_v1.1\edge_product\edge-services\uploads\crew\certificates\cert_31_20260225172956.png","F:\NCKH\Product\Martime_product_v1.1\artifacts\research-sync\metadata-first-benchmark-1000\generated-corpus\crew_certificate\0033_cert_31_20260225172956.png","crew_certificate","2","1023525"
"34","F:\NCKH\Product\Martime_product_v1.1\edge_product\edge-services\uploads\crew\documents\travel_documents\c0000001-0001-0001-0001-000000000001_visa_20260225112400811.png","F:\NCKH\Product\Martime_product_v1.1\artifacts\research-sync\metadata-first-benchmark-1000\generated-corpus\travel_document\0034_c0000001-0001-0001-0001-000000000001_visa_20260225112400811.png","travel_document","3","288226"
"35","F:\NCKH\Product\Martime_product_v1.1\edge_product\edge-services\uploads\crew\documents\travel_documents\c0000001-0001-0001-0001-000000000003_passport.jpg","F:\NCKH\Product\Martime_product_v1.1\artifacts\research-sync\metadata-first-benchmark-1000\generated-corpus\travel_document\0035_c0000001-0001-0001-0001-000000000003_passport.jpg","travel_document","3","526059"
"36","F:\NCKH\Product\Martime_product_v1.1\edge_product\edge-services\uploads\crew\documents\travel_documents\c0000001-0001-0001-0001-000000000003_passport.jpg","F:\NCKH\Product\Martime_product_v1.1\artifacts\research-sync\metadata-first-benchmark-1000\generated-corpus\travel_document\0036_c0000001-0001-0001-0001-000000000003_passport.jpg","travel_document","3","526059"
"37","F:\NCKH\Product\Martime_product_v1.1\edge_product\edge-services\uploads\crew\documents\travel_documents\3bfa3d0b-d2f5-4236-b967-4a270f65e326_visa.png","F:\NCKH\Product\Martime_product_v1.1\artifacts\research-sync\metadata-first-benchmark-1000\generated-corpus\travel_document\0037_3bfa3d0b-d2f5-4236-b967-4a270f65e326_visa.png","travel_document","3","473003"
"38","F:\NCKH\Product\Martime_product_v1.1\edge_product\edge-services\uploads\crew\documents\travel_documents\c0000001-0001-0001-0001-000000000001_visa_20260225112400811.png","F:\NCKH\Product\Martime_product_v1.1\artifacts\research-sync\metadata-first-benchmark-1000\generated-corpus\travel_document\0038_c0000001-0001-0001-0001-000000000001_visa_20260225112400811.png","travel_document","3","288226"
"39","F:\NCKH\Product\Martime_product_v1.1\edge_product\edge-services\uploads\crew\avatars\a0000001-0000-0000-0000-000000000001.jpg","F:\NCKH\Product\Martime_product_v1.1\artifacts\research-sync\metadata-first-benchmark-1000\generated-corpus\crew_member\0039_a0000001-0000-0000-0000-000000000001.jpg","crew_member","2","77331"
"40","F:\NCKH\Product\Martime_product_v1.1\edge_product\edge-services\uploads\crew\avatars\a0000001-0000-0000-0000-000000000001.jpg","F:\NCKH\Product\Martime_product_v1.1\artifacts\research-sync\metadata-first-benchmark-1000\generated-corpus\crew_member\0040_a0000001-0000-0000-0000-000000000001.jpg","crew_member","2","77331"
"41","F:\NCKH\Product\Martime_product_v1.1\edge_product\edge-services\uploads\crew\documents\health_documents\c0000001-0001-0001-0001-000000000001_medical.png","F:\NCKH\Product\Martime_product_v1.1\artifacts\research-sync\metadata-first-benchmark-1000\generated-corpus\health_document\0041_c0000001-0001-0001-0001-000000000001_medical.png","health_document","3","473003"
"42","F:\NCKH\Product\Martime_product_v1.1\edge_product\edge-services\uploads\crew\avatars\a0000001-0000-0000-0000-000000000001.jpg","F:\NCKH\Product\Martime_product_v1.1\artifacts\research-sync\metadata-first-benchmark-1000\generated-corpus\crew_member\0042_a0000001-0000-0000-0000-000000000001.jpg","crew_member","2","77331"
"43","F:\NCKH\Product\Martime_product_v1.1\edge_product\edge-services\uploads\crew\documents\health_documents\3bfa3d0b-d2f5-4236-b967-4a270f65e326_yellow_fever.png","F:\NCKH\Product\Martime_product_v1.1\artifacts\research-sync\metadata-first-benchmark-1000\generated-corpus\health_document\0043_3bfa3d0b-d2f5-4236-b967-4a270f65e326_yellow_fever.png","health_document","3","576399"
"44","F:\NCKH\Product\Martime_product_v1.1\edge_product\edge-services\uploads\crew\certificates\cert_31_20260225172956.png","F:\NCKH\Product\Martime_product_v1.1\artifacts\research-sync\metadata-first-benchmark-1000\generated-corpus\crew_certificate\0044_cert_31_20260225172956.png","crew_certificate","2","1023525"
"45","F:\NCKH\Product\Martime_product_v1.1\edge_product\edge-services\uploads\crew\documents\health_documents\c0000001-0001-0001-0001-000000000001_medical.png","F:\NCKH\Product\Martime_product_v1.1\artifacts\research-sync\metadata-first-benchmark-1000\generated-corpus\health_document\0045_c0000001-0001-0001-0001-000000000001_medical.png","health_document","3","473003"
"46","F:\NCKH\Product\Martime_product_v1.1\edge_product\edge-services\uploads\crew\documents\health_documents\3bfa3d0b-d2f5-4236-b967-4a270f65e326_yellow_fever.png","F:\NCKH\Product\Martime_product_v1.1\artifacts\research-sync\metadata-first-benchmark-1000\generated-corpus\health_document\0046_3bfa3d0b-d2f5-4236-b967-4a270f65e326_yellow_fever.png","health_document","3","576399"
"47","F:\NCKH\Product\Martime_product_v1.1\edge_product\edge-services\uploads\crew\avatars\a0000001-0000-0000-0000-000000000001.jpg","F:\NCKH\Product\Martime_product_v1.1\artifacts\research-sync\metadata-first-benchmark-1000\generated-corpus\crew_member\0047_a0000001-0000-0000-0000-000000000001.jpg","crew_member","2","77331"
"48","F:\NCKH\Product\Martime_product_v1.1\edge_product\edge-services\uploads\crew\documents\health_documents\c0000001-0001-0001-0001-000000000001_medical.png","F:\NCKH\Product\Martime_product_v1.1\artifacts\research-sync\metadata-first-benchmark-1000\generated-corpus\health_document\0048_c0000001-0001-0001-0001-000000000001_medical.png","health_document","3","473003"
"49","F:\NCKH\Product\Martime_product_v1.1\edge_product\edge-services\uploads\crew\avatars\a0000001-0000-0000-0000-000000000001.jpg","F:\NCKH\Product\Martime_product_v1.1\artifacts\research-sync\metadata-first-benchmark-1000\generated-corpus\crew_member\0049_a0000001-0000-0000-0000-000000000001.jpg","crew_member","2","77331"
"50","F:\NCKH\Product\Martime_product_v1.1\edge_product\edge-services\uploads\crew\avatars\c0000001-0001-0001-0001-000000000001.jpg","F:\NCKH\Product\Martime_product_v1.1\artifacts\research-sync\metadata-first-benchmark-1000\generated-corpus\crew_member\0050_c0000001-0001-0001-0001-000000000001.jpg","crew_member","2","77331"
"51","F:\NCKH\Product\Martime_product_v1.1\edge_product\edge-services\uploads\crew\documents\travel_documents\c0000001-0001-0001-0001-000000000001_visa.png","F:\NCKH\Product\Martime_product_v1.1\artifacts\research-sync\metadata-first-benchmark-1000\generated-corpus\travel_document\0051_c0000001-0001-0001-0001-000000000001_visa.png","travel_document","3","314715"
"52","F:\NCKH\Product\Martime_product_v1.1\edge_product\edge-services\uploads\crew\avatars\68000000-0000-4000-8000-000000000008-avatar-fdde8623c2ba412bab9cea83aa252de4.png","F:\NCKH\Product\Martime_product_v1.1\artifacts\research-sync\metadata-first-benchmark-1000\generated-corpus\crew_member\0052_68000000-0000-4000-8000-000000000008-avatar-fdde8623c2ba412bab9cea83aa252de4.png","crew_member","2","68"
"53","F:\NCKH\Product\Martime_product_v1.1\edge_product\edge-services\uploads\crew\avatars\a0000001-0000-0000-0000-000000000001.jpg","F:\NCKH\Product\Martime_product_v1.1\artifacts\research-sync\metadata-first-benchmark-1000\generated-corpus\crew_member\0053_a0000001-0000-0000-0000-000000000001.jpg","crew_member","2","77331"
"54","F:\NCKH\Product\Martime_product_v1.1\edge_product\edge-services\uploads\crew\avatars\c0000001-0001-0001-0001-000000000003.jpg","F:\NCKH\Product\Martime_product_v1.1\artifacts\research-sync\metadata-first-benchmark-1000\generated-corpus\crew_member\0054_c0000001-0001-0001-0001-000000000003.jpg","crew_member","2","87541"
"55","F:\NCKH\Product\Martime_product_v1.1\edge_product\edge-services\uploads\crew\documents\travel_documents\3bfa3d0b-d2f5-4236-b967-4a270f65e326_passport.webp","F:\NCKH\Product\Martime_product_v1.1\artifacts\research-sync\metadata-first-benchmark-1000\generated-corpus\travel_document\0055_3bfa3d0b-d2f5-4236-b967-4a270f65e326_passport.webp","travel_document","3","136104"
"56","F:\NCKH\Product\Martime_product_v1.1\edge_product\edge-services\uploads\crew\documents\health_documents\3bfa3d0b-d2f5-4236-b967-4a270f65e326_yellow_fever.png","F:\NCKH\Product\Martime_product_v1.1\artifacts\research-sync\metadata-first-benchmark-1000\generated-corpus\health_document\0056_3bfa3d0b-d2f5-4236-b967-4a270f65e326_yellow_fever.png","health_document","3","576399"
"57","F:\NCKH\Product\Martime_product_v1.1\edge_product\edge-services\uploads\crew\documents\health_documents\c0000001-0001-0001-0001-000000000001_medical.png","F:\NCKH\Product\Martime_product_v1.1\artifacts\research-sync\metadata-first-benchmark-1000\generated-corpus\health_document\0057_c0000001-0001-0001-0001-000000000001_medical.png","health_document","3","473003"
"58","F:\NCKH\Product\Martime_product_v1.1\edge_product\edge-services\uploads\crew\documents\health_documents\3bfa3d0b-d2f5-4236-b967-4a270f65e326_yellow_fever.png","F:\NCKH\Product\Martime_product_v1.1\artifacts\research-sync\metadata-first-benchmark-1000\generated-corpus\health_document\0058_3bfa3d0b-d2f5-4236-b967-4a270f65e326_yellow_fever.png","health_document","3","576399"
"59","F:\NCKH\Product\Martime_product_v1.1\edge_product\edge-services\uploads\crew\avatars\68000000-0000-4000-8000-000000000008-avatar-fdde8623c2ba412bab9cea83aa252de4.png","F:\NCKH\Product\Martime_product_v1.1\artifacts\research-sync\metadata-first-benchmark-1000\generated-corpus\crew_member\0059_68000000-0000-4000-8000-000000000008-avatar-fdde8623c2ba412bab9cea83aa252de4.png","crew_member","2","68"
"60","F:\NCKH\Product\Martime_product_v1.1\edge_product\edge-services\uploads\crew\avatars\c0000001-0001-0001-0001-000000000001.jpg","F:\NCKH\Product\Martime_product_v1.1\artifacts\research-sync\metadata-first-benchmark-1000\generated-corpus\crew_member\0060_c0000001-0001-0001-0001-000000000001.jpg","crew_member","2","77331"
"61","F:\NCKH\Product\Martime_product_v1.1\edge_product\edge-services\uploads\crew\documents\health_documents\c0000001-0001-0001-0001-000000000001_medical.png","F:\NCKH\Product\Martime_product_v1.1\artifacts\research-sync\metadata-first-benchmark-1000\generated-corpus\health_document\0061_c0000001-0001-0001-0001-000000000001_medical.png","health_document","3","473003"
"62","F:\NCKH\Product\Martime_product_v1.1\edge_product\edge-services\uploads\crew\certificates\cert_31_20260225172956.png","F:\NCKH\Product\Martime_product_v1.1\artifacts\research-sync\metadata-first-benchmark-1000\generated-corpus\crew_certificate\0062_cert_31_20260225172956.png","crew_certificate","2","1023525"
"63","F:\NCKH\Product\Martime_product_v1.1\edge_product\edge-services\uploads\crew\avatars\c0000001-0001-0001-0001-000000000001.jpg","F:\NCKH\Product\Martime_product_v1.1\artifacts\research-sync\metadata-first-benchmark-1000\generated-corpus\crew_member\0063_c0000001-0001-0001-0001-000000000001.jpg","crew_member","2","77331"
"64","F:\NCKH\Product\Martime_product_v1.1\edge_product\edge-services\uploads\crew\documents\health_documents\3bfa3d0b-d2f5-4236-b967-4a270f65e326_yellow_fever.png","F:\NCKH\Product\Martime_product_v1.1\artifacts\research-sync\metadata-first-benchmark-1000\generated-corpus\health_document\0064_3bfa3d0b-d2f5-4236-b967-4a270f65e326_yellow_fever.png","health_document","3","576399"
"65","F:\NCKH\Product\Martime_product_v1.1\edge_product\edge-services\uploads\crew\avatars\a0000001-0000-0000-0000-000000000001.jpg","F:\NCKH\Product\Martime_product_v1.1\artifacts\research-sync\metadata-first-benchmark-1000\generated-corpus\crew_member\0065_a0000001-0000-0000-0000-000000000001.jpg","crew_member","2","77331"
"66","F:\NCKH\Product\Martime_product_v1.1\edge_product\edge-services\uploads\crew\documents\health_documents\c0000001-0001-0001-0001-000000000001_medical.png","F:\NCKH\Product\Martime_product_v1.1\artifacts\research-sync\metadata-first-benchmark-1000\generated-corpus\health_document\0066_c0000001-0001-0001-0001-000000000001_medical.png","health_document","3","473003"
"67","F:\NCKH\Product\Martime_product_v1.1\edge_product\edge-services\uploads\crew\avatars\c0000001-0001-0001-0001-000000000001.jpg","F:\NCKH\Product\Martime_product_v1.1\artifacts\research-sync\metadata-first-benchmark-1000\generated-corpus\crew_member\0067_c0000001-0001-0001-0001-000000000001.jpg","crew_member","2","77331"
"68","F:\NCKH\Product\Martime_product_v1.1\edge_product\edge-services\uploads\crew\documents\health_documents\c0000001-0001-0001-0001-000000000001_medical.png","F:\NCKH\Product\Martime_product_v1.1\artifacts\research-sync\metadata-first-benchmark-1000\generated-corpus\health_document\0068_c0000001-0001-0001-0001-000000000001_medical.png","health_document","3","473003"
"69","F:\NCKH\Product\Martime_product_v1.1\edge_product\edge-services\uploads\crew\documents\travel_documents\c0000001-0001-0001-0001-000000000001_visa.png","F:\NCKH\Product\Martime_product_v1.1\artifacts\research-sync\metadata-first-benchmark-1000\generated-corpus\travel_document\0069_c0000001-0001-0001-0001-000000000001_visa.png","travel_document","3","314715"
"70","F:\NCKH\Product\Martime_product_v1.1\edge_product\edge-services\uploads\crew\documents\health_documents\3bfa3d0b-d2f5-4236-b967-4a270f65e326_yellow_fever.png","F:\NCKH\Product\Martime_product_v1.1\artifacts\research-sync\metadata-first-benchmark-1000\generated-corpus\health_document\0070_3bfa3d0b-d2f5-4236-b967-4a270f65e326_yellow_fever.png","health_document","3","576399"
"71","F:\NCKH\Product\Martime_product_v1.1\edge_product\edge-services\uploads\crew\documents\travel_documents\c0000001-0001-0001-0001-000000000001_visa.png","F:\NCKH\Product\Martime_product_v1.1\artifacts\research-sync\metadata-first-benchmark-1000\generated-corpus\travel_document\0071_c0000001-0001-0001-0001-000000000001_visa.png","travel_document","3","314715"
"72","F:\NCKH\Product\Martime_product_v1.1\edge_product\edge-services\uploads\crew\avatars\a0000001-0000-0000-0000-000000000001.jpg","F:\NCKH\Product\Martime_product_v1.1\artifacts\research-sync\metadata-first-benchmark-1000\generated-corpus\crew_member\0072_a0000001-0000-0000-0000-000000000001.jpg","crew_member","2","77331"
"73","F:\NCKH\Product\Martime_product_v1.1\edge_product\edge-services\uploads\crew\documents\travel_documents\c0000001-0001-0001-0001-000000000001_visa_20260225112400811.png","F:\NCKH\Product\Martime_product_v1.1\artifacts\research-sync\metadata-first-benchmark-1000\generated-corpus\travel_document\0073_c0000001-0001-0001-0001-000000000001_visa_20260225112400811.png","travel_document","3","288226"
"74","F:\NCKH\Product\Martime_product_v1.1\edge_product\edge-services\uploads\crew\avatars\c0000001-0001-0001-0001-000000000003.jpg","F:\NCKH\Product\Martime_product_v1.1\artifacts\research-sync\metadata-first-benchmark-1000\generated-corpus\crew_member\0074_c0000001-0001-0001-0001-000000000003.jpg","crew_member","2","87541"
"75","F:\NCKH\Product\Martime_product_v1.1\edge_product\edge-services\uploads\crew\certificates\cert_31_20260225172956.png","F:\NCKH\Product\Martime_product_v1.1\artifacts\research-sync\metadata-first-benchmark-1000\generated-corpus\crew_certificate\0075_cert_31_20260225172956.png","crew_certificate","2","1023525"
"76","F:\NCKH\Product\Martime_product_v1.1\edge_product\edge-services\uploads\crew\documents\health_documents\c0000001-0001-0001-0001-000000000001_medical.png","F:\NCKH\Product\Martime_product_v1.1\artifacts\research-sync\metadata-first-benchmark-1000\generated-corpus\health_document\0076_c0000001-0001-0001-0001-000000000001_medical.png","health_document","3","473003"
"77","F:\NCKH\Product\Martime_product_v1.1\edge_product\edge-services\uploads\crew\documents\travel_documents\c0000001-0001-0001-0001-000000000001_visa_20260225112400811.png","F:\NCKH\Product\Martime_product_v1.1\artifacts\research-sync\metadata-first-benchmark-1000\generated-corpus\travel_document\0077_c0000001-0001-0001-0001-000000000001_visa_20260225112400811.png","travel_document","3","288226"
"78","F:\NCKH\Product\Martime_product_v1.1\edge_product\edge-services\uploads\crew\documents\health_documents\c0000001-0001-0001-0001-000000000001_medical.png","F:\NCKH\Product\Martime_product_v1.1\artifacts\research-sync\metadata-first-benchmark-1000\generated-corpus\health_document\0078_c0000001-0001-0001-0001-000000000001_medical.png","health_document","3","473003"
"79","F:\NCKH\Product\Martime_product_v1.1\edge_product\edge-services\uploads\crew\documents\health_documents\3bfa3d0b-d2f5-4236-b967-4a270f65e326_yellow_fever.png","F:\NCKH\Product\Martime_product_v1.1\artifacts\research-sync\metadata-first-benchmark-1000\generated-corpus\health_document\0079_3bfa3d0b-d2f5-4236-b967-4a270f65e326_yellow_fever.png","health_document","3","576399"
"80","F:\NCKH\Product\Martime_product_v1.1\edge_product\edge-services\uploads\crew\documents\health_documents\c0000001-0001-0001-0001-000000000001_medical.png","F:\NCKH\Product\Martime_product_v1.1\artifacts\research-sync\metadata-first-benchmark-1000\generated-corpus\health_document\0080_c0000001-0001-0001-0001-000000000001_medical.png","health_document","3","473003"
"81","F:\NCKH\Product\Martime_product_v1.1\edge_product\edge-services\uploads\crew\avatars\c0000001-0001-0001-0001-000000000003.jpg","F:\NCKH\Product\Martime_product_v1.1\artifacts\research-sync\metadata-first-benchmark-1000\generated-corpus\crew_member\0081_c0000001-0001-0001-0001-000000000003.jpg","crew_member","2","87541"
"82","F:\NCKH\Product\Martime_product_v1.1\edge_product\edge-services\uploads\crew\certificates\cert_31_20260225172956.png","F:\NCKH\Product\Martime_product_v1.1\artifacts\research-sync\metadata-first-benchmark-1000\generated-corpus\crew_certificate\0082_cert_31_20260225172956.png","crew_certificate","2","1023525"
"83","F:\NCKH\Product\Martime_product_v1.1\edge_product\edge-services\uploads\crew\avatars\c0000001-0001-0001-0001-000000000003.jpg","F:\NCKH\Product\Martime_product_v1.1\artifacts\research-sync\metadata-first-benchmark-1000\generated-corpus\crew_member\0083_c0000001-0001-0001-0001-000000000003.jpg","crew_member","2","87541"
"84","F:\NCKH\Product\Martime_product_v1.1\edge_product\edge-services\uploads\crew\documents\health_documents\c0000001-0001-0001-0001-000000000001_medical.png","F:\NCKH\Product\Martime_product_v1.1\artifacts\research-sync\metadata-first-benchmark-1000\generated-corpus\health_document\0084_c0000001-0001-0001-0001-000000000001_medical.png","health_document","3","473003"
"85","F:\NCKH\Product\Martime_product_v1.1\edge_product\edge-services\uploads\crew\documents\travel_documents\c0000001-0001-0001-0001-000000000003_passport.jpg","F:\NCKH\Product\Martime_product_v1.1\artifacts\research-sync\metadata-first-benchmark-1000\generated-corpus\travel_document\0085_c0000001-0001-0001-0001-000000000003_passport.jpg","travel_document","3","526059"
"86","F:\NCKH\Product\Martime_product_v1.1\edge_product\edge-services\uploads\crew\avatars\68000000-0000-4000-8000-000000000008-avatar-fdde8623c2ba412bab9cea83aa252de4.png","F:\NCKH\Product\Martime_product_v1.1\artifacts\research-sync\metadata-first-benchmark-1000\generated-corpus\crew_member\0086_68000000-0000-4000-8000-000000000008-avatar-fdde8623c2ba412bab9cea83aa252de4.png","crew_member","2","68"
"87","F:\NCKH\Product\Martime_product_v1.1\edge_product\edge-services\uploads\crew\avatars\c0000001-0001-0001-0001-000000000003.jpg","F:\NCKH\Product\Martime_product_v1.1\artifacts\research-sync\metadata-first-benchmark-1000\generated-corpus\crew_member\0087_c0000001-0001-0001-0001-000000000003.jpg","crew_member","2","87541"
"88","F:\NCKH\Product\Martime_product_v1.1\edge_product\edge-services\uploads\crew\avatars\68000000-0000-4000-8000-000000000008-avatar-fdde8623c2ba412bab9cea83aa252de4.png","F:\NCKH\Product\Martime_product_v1.1\artifacts\research-sync\metadata-first-benchmark-1000\generated-corpus\crew_member\0088_68000000-0000-4000-8000-000000000008-avatar-fdde8623c2ba412bab9cea83aa252de4.png","crew_member","2","68"
"89","F:\NCKH\Product\Martime_product_v1.1\edge_product\edge-services\uploads\crew\avatars\c0000001-0001-0001-0001-000000000003.jpg","F:\NCKH\Product\Martime_product_v1.1\artifacts\research-sync\metadata-first-benchmark-1000\generated-corpus\crew_member\0089_c0000001-0001-0001-0001-000000000003.jpg","crew_member","2","87541"
"90","F:\NCKH\Product\Martime_product_v1.1\edge_product\edge-services\uploads\crew\documents\health_documents\c0000001-0001-0001-0001-000000000001_medical.png","F:\NCKH\Product\Martime_product_v1.1\artifacts\research-sync\metadata-first-benchmark-1000\generated-corpus\health_document\0090_c0000001-0001-0001-0001-000000000001_medical.png","health_document","3","473003"
"91","F:\NCKH\Product\Martime_product_v1.1\edge_product\edge-services\uploads\crew\certificates\cert_31_20260225172956.png","F:\NCKH\Product\Martime_product_v1.1\artifacts\research-sync\metadata-first-benchmark-1000\generated-corpus\crew_certificate\0091_cert_31_20260225172956.png","crew_certificate","2","1023525"
"92","F:\NCKH\Product\Martime_product_v1.1\edge_product\edge-services\uploads\crew\avatars\c0000001-0001-0001-0001-000000000001.jpg","F:\NCKH\Product\Martime_product_v1.1\artifacts\research-sync\metadata-first-benchmark-1000\generated-corpus\crew_member\0092_c0000001-0001-0001-0001-000000000001.jpg","crew_member","2","77331"
"93","F:\NCKH\Product\Martime_product_v1.1\edge_product\edge-services\uploads\crew\documents\travel_documents\c0000001-0001-0001-0001-000000000001_visa.png","F:\NCKH\Product\Martime_product_v1.1\artifacts\research-sync\metadata-first-benchmark-1000\generated-corpus\travel_document\0093_c0000001-0001-0001-0001-000000000001_visa.png","travel_document","3","314715"
"94","F:\NCKH\Product\Martime_product_v1.1\edge_product\edge-services\uploads\crew\documents\travel_documents\c0000001-0001-0001-0001-000000000001_visa_20260225112400811.png","F:\NCKH\Product\Martime_product_v1.1\artifacts\research-sync\metadata-first-benchmark-1000\generated-corpus\travel_document\0094_c0000001-0001-0001-0001-000000000001_visa_20260225112400811.png","travel_document","3","288226"
"95","F:\NCKH\Product\Martime_product_v1.1\edge_product\edge-services\uploads\crew\documents\travel_documents\3bfa3d0b-d2f5-4236-b967-4a270f65e326_passport.webp","F:\NCKH\Product\Martime_product_v1.1\artifacts\research-sync\metadata-first-benchmark-1000\generated-corpus\travel_document\0095_3bfa3d0b-d2f5-4236-b967-4a270f65e326_passport.webp","travel_document","3","136104"
"96","F:\NCKH\Product\Martime_product_v1.1\edge_product\edge-services\uploads\crew\avatars\a0000001-0000-0000-0000-000000000001.jpg","F:\NCKH\Product\Martime_product_v1.1\artifacts\research-sync\metadata-first-benchmark-1000\generated-corpus\crew_member\0096_a0000001-0000-0000-0000-000000000001.jpg","crew_member","2","77331"
"97","F:\NCKH\Product\Martime_product_v1.1\edge_product\edge-services\uploads\crew\documents\travel_documents\c0000001-0001-0001-0001-000000000003_passport.jpg","F:\NCKH\Product\Martime_product_v1.1\artifacts\research-sync\metadata-first-benchmark-1000\generated-corpus\travel_document\0097_c0000001-0001-0001-0001-000000000003_passport.jpg","travel_document","3","526059"
"98","F:\NCKH\Product\Martime_product_v1.1\edge_product\edge-services\uploads\crew\avatars\68000000-0000-4000-8000-000000000008-avatar-fdde8623c2ba412bab9cea83aa252de4.png","F:\NCKH\Product\Martime_product_v1.1\artifacts\research-sync\metadata-first-benchmark-1000\generated-corpus\crew_member\0098_68000000-0000-4000-8000-000000000008-avatar-fdde8623c2ba412bab9cea83aa252de4.png","crew_member","2","68"
"99","F:\NCKH\Product\Martime_product_v1.1\edge_product\edge-services\uploads\crew\avatars\c0000001-0001-0001-0001-000000000001.jpg","F:\NCKH\Product\Martime_product_v1.1\artifacts\research-sync\metadata-first-benchmark-1000\generated-corpus\crew_member\0099_c0000001-0001-0001-0001-000000000001.jpg","crew_member","2","77331"
"100","F:\NCKH\Product\Martime_product_v1.1\edge_product\edge-services\uploads\crew\avatars\68000000-0000-4000-8000-000000000008-avatar-fdde8623c2ba412bab9cea83aa252de4.png","F:\NCKH\Product\Martime_product_v1.1\artifacts\research-sync\metadata-first-benchmark-1000\generated-corpus\crew_member\0100_68000000-0000-4000-8000-000000000008-avatar-fdde8623c2ba412bab9cea83aa252de4.png","crew_member","2","68"
"101","F:\NCKH\Product\Martime_product_v1.1\edge_product\edge-services\uploads\crew\avatars\c0000001-0001-0001-0001-000000000003.jpg","F:\NCKH\Product\Martime_product_v1.1\artifacts\research-sync\metadata-first-benchmark-1000\generated-corpus\crew_member\0101_c0000001-0001-0001-0001-000000000003.jpg","crew_member","2","87541"
"102","F:\NCKH\Product\Martime_product_v1.1\edge_product\edge-services\uploads\crew\documents\health_documents\c0000001-0001-0001-0001-000000000001_medical.png","F:\NCKH\Product\Martime_product_v1.1\artifacts\research-sync\metadata-first-benchmark-1000\generated-corpus\health_document\0102_c0000001-0001-0001-0001-000000000001_medical.png","health_document","3","473003"
"103","F:\NCKH\Product\Martime_product_v1.1\edge_product\edge-services\uploads\crew\documents\travel_documents\c0000001-0001-0001-0001-000000000001_visa.png","F:\NCKH\Product\Martime_product_v1.1\artifacts\research-sync\metadata-first-benchmark-1000\generated-corpus\travel_document\0103_c0000001-0001-0001-0001-000000000001_visa.png","travel_document","3","314715"
"104","F:\NCKH\Product\Martime_product_v1.1\edge_product\edge-services\uploads\crew\documents\travel_documents\3bfa3d0b-d2f5-4236-b967-4a270f65e326_visa.png","F:\NCKH\Product\Martime_product_v1.1\artifacts\research-sync\metadata-first-benchmark-1000\generated-corpus\travel_document\0104_3bfa3d0b-d2f5-4236-b967-4a270f65e326_visa.png","travel_document","3","473003"
"105","F:\NCKH\Product\Martime_product_v1.1\edge_product\edge-services\uploads\crew\documents\health_documents\3bfa3d0b-d2f5-4236-b967-4a270f65e326_yellow_fever.png","F:\NCKH\Product\Martime_product_v1.1\artifacts\research-sync\metadata-first-benchmark-1000\generated-corpus\health_document\0105_3bfa3d0b-d2f5-4236-b967-4a270f65e326_yellow_fever.png","health_document","3","576399"
"106","F:\NCKH\Product\Martime_product_v1.1\edge_product\edge-services\uploads\crew\documents\travel_documents\3bfa3d0b-d2f5-4236-b967-4a270f65e326_visa.png","F:\NCKH\Product\Martime_product_v1.1\artifacts\research-sync\metadata-first-benchmark-1000\generated-corpus\travel_document\0106_3bfa3d0b-d2f5-4236-b967-4a270f65e326_visa.png","travel_document","3","473003"
"107","F:\NCKH\Product\Martime_product_v1.1\edge_product\edge-services\uploads\crew\avatars\c0000001-0001-0001-0001-000000000001.jpg","F:\NCKH\Product\Martime_product_v1.1\artifacts\research-sync\metadata-first-benchmark-1000\generated-corpus\crew_member\0107_c0000001-0001-0001-0001-000000000001.jpg","crew_member","2","77331"
"108","F:\NCKH\Product\Martime_product_v1.1\edge_product\edge-services\uploads\crew\documents\travel_documents\c0000001-0001-0001-0001-000000000001_visa_20260225112400811.png","F:\NCKH\Product\Martime_product_v1.1\artifacts\research-sync\metadata-first-benchmark-1000\generated-corpus\travel_document\0108_c0000001-0001-0001-0001-000000000001_visa_20260225112400811.png","travel_document","3","288226"
"109","F:\NCKH\Product\Martime_product_v1.1\edge_product\edge-services\uploads\crew\documents\travel_documents\c0000001-0001-0001-0001-000000000003_passport.jpg","F:\NCKH\Product\Martime_product_v1.1\artifacts\research-sync\metadata-first-benchmark-1000\generated-corpus\travel_document\0109_c0000001-0001-0001-0001-000000000003_passport.jpg","travel_document","3","526059"
"110","F:\NCKH\Product\Martime_product_v1.1\edge_product\edge-services\uploads\crew\avatars\68000000-0000-4000-8000-000000000008-avatar-fdde8623c2ba412bab9cea83aa252de4.png","F:\NCKH\Product\Martime_product_v1.1\artifacts\research-sync\metadata-first-benchmark-1000\generated-corpus\crew_member\0110_68000000-0000-4000-8000-000000000008-avatar-fdde8623c2ba412bab9cea83aa252de4.png","crew_member","2","68"
"111","F:\NCKH\Product\Martime_product_v1.1\edge_product\edge-services\uploads\crew\documents\travel_documents\3bfa3d0b-d2f5-4236-b967-4a270f65e326_passport.webp","F:\NCKH\Product\Martime_product_v1.1\artifacts\research-sync\metadata-first-benchmark-1000\generated-corpus\travel_document\0111_3bfa3d0b-d2f5-4236-b967-4a270f65e326_passport.webp","travel_document","3","136104"
"112","F:\NCKH\Product\Martime_product_v1.1\edge_product\edge-services\uploads\crew\avatars\68000000-0000-4000-8000-000000000008-avatar-fdde8623c2ba412bab9cea83aa252de4.png","F:\NCKH\Product\Martime_product_v1.1\artifacts\research-sync\metadata-first-benchmark-1000\generated-corpus\crew_member\0112_68000000-0000-4000-8000-000000000008-avatar-fdde8623c2ba412bab9cea83aa252de4.png","crew_member","2","68"
"113","F:\NCKH\Product\Martime_product_v1.1\edge_product\edge-services\uploads\crew\avatars\68000000-0000-4000-8000-000000000008-avatar-fdde8623c2ba412bab9cea83aa252de4.png","F:\NCKH\Product\Martime_product_v1.1\artifacts\research-sync\metadata-first-benchmark-1000\generated-corpus\crew_member\0113_68000000-0000-4000-8000-000000000008-avatar-fdde8623c2ba412bab9cea83aa252de4.png","crew_member","2","68"
"114","F:\NCKH\Product\Martime_product_v1.1\edge_product\edge-services\uploads\crew\documents\health_documents\c0000001-0001-0001-0001-000000000001_medical.png","F:\NCKH\Product\Martime_product_v1.1\artifacts\research-sync\metadata-first-benchmark-1000\generated-corpus\health_document\0114_c0000001-0001-0001-0001-000000000001_medical.png","health_document","3","473003"
"115","F:\NCKH\Product\Martime_product_v1.1\edge_product\edge-services\uploads\crew\documents\travel_documents\c0000001-0001-0001-0001-000000000003_passport.jpg","F:\NCKH\Product\Martime_product_v1.1\artifacts\research-sync\metadata-first-benchmark-1000\generated-corpus\travel_document\0115_c0000001-0001-0001-0001-000000000003_passport.jpg","travel_document","3","526059"
"116","F:\NCKH\Product\Martime_product_v1.1\edge_product\edge-services\uploads\crew\avatars\a0000001-0000-0000-0000-000000000001.jpg","F:\NCKH\Product\Martime_product_v1.1\artifacts\research-sync\metadata-first-benchmark-1000\generated-corpus\crew_member\0116_a0000001-0000-0000-0000-000000000001.jpg","crew_member","2","77331"
"117","F:\NCKH\Product\Martime_product_v1.1\edge_product\edge-services\uploads\crew\avatars\a0000001-0000-0000-0000-000000000001.jpg","F:\NCKH\Product\Martime_product_v1.1\artifacts\research-sync\metadata-first-benchmark-1000\generated-corpus\crew_member\0117_a0000001-0000-0000-0000-000000000001.jpg","crew_member","2","77331"
"118","F:\NCKH\Product\Martime_product_v1.1\edge_product\edge-services\uploads\crew\documents\travel_documents\3bfa3d0b-d2f5-4236-b967-4a270f65e326_passport.webp","F:\NCKH\Product\Martime_product_v1.1\artifacts\research-sync\metadata-first-benchmark-1000\generated-corpus\travel_document\0118_3bfa3d0b-d2f5-4236-b967-4a270f65e326_passport.webp","travel_document","3","136104"
"119","F:\NCKH\Product\Martime_product_v1.1\edge_product\edge-services\uploads\crew\documents\health_documents\c0000001-0001-0001-0001-000000000001_medical.png","F:\NCKH\Product\Martime_product_v1.1\artifacts\research-sync\metadata-first-benchmark-1000\generated-corpus\health_document\0119_c0000001-0001-0001-0001-000000000001_medical.png","health_document","3","473003"
"120","F:\NCKH\Product\Martime_product_v1.1\edge_product\edge-services\uploads\crew\avatars\68000000-0000-4000-8000-000000000008-avatar-fdde8623c2ba412bab9cea83aa252de4.png","F:\NCKH\Product\Martime_product_v1.1\artifacts\research-sync\metadata-first-benchmark-1000\generated-corpus\crew_member\0120_68000000-0000-4000-8000-000000000008-avatar-fdde8623c2ba412bab9cea83aa252de4.png","crew_member","2","68"
"121","F:\NCKH\Product\Martime_product_v1.1\edge_product\edge-services\uploads\crew\avatars\c0000001-0001-0001-0001-000000000001.jpg","F:\NCKH\Product\Martime_product_v1.1\artifacts\research-sync\metadata-first-benchmark-1000\generated-corpus\crew_member\0121_c0000001-0001-0001-0001-000000000001.jpg","crew_member","2","77331"
"122","F:\NCKH\Product\Martime_product_v1.1\edge_product\edge-services\uploads\crew\avatars\a0000001-0000-0000-0000-000000000001.jpg","F:\NCKH\Product\Martime_product_v1.1\artifacts\research-sync\metadata-first-benchmark-1000\generated-corpus\crew_member\0122_a0000001-0000-0000-0000-000000000001.jpg","crew_member","2","77331"
"123","F:\NCKH\Product\Martime_product_v1.1\edge_product\edge-services\uploads\crew\avatars\c0000001-0001-0001-0001-000000000003.jpg","F:\NCKH\Product\Martime_product_v1.1\artifacts\research-sync\metadata-first-benchmark-1000\generated-corpus\crew_member\0123_c0000001-0001-0001-0001-000000000003.jpg","crew_member","2","87541"
"124","F:\NCKH\Product\Martime_product_v1.1\edge_product\edge-services\uploads\crew\avatars\c0000001-0001-0001-0001-000000000001.jpg","F:\NCKH\Product\Martime_product_v1.1\artifacts\research-sync\metadata-first-benchmark-1000\generated-corpus\crew_member\0124_c0000001-0001-0001-0001-000000000001.jpg","crew_member","2","77331"
"125","F:\NCKH\Product\Martime_product_v1.1\edge_product\edge-services\uploads\crew\avatars\68000000-0000-4000-8000-000000000008-avatar-fdde8623c2ba412bab9cea83aa252de4.png","F:\NCKH\Product\Martime_product_v1.1\artifacts\research-sync\metadata-first-benchmark-1000\generated-corpus\crew_member\0125_68000000-0000-4000-8000-000000000008-avatar-fdde8623c2ba412bab9cea83aa252de4.png","crew_member","2","68"
"126","F:\NCKH\Product\Martime_product_v1.1\edge_product\edge-services\uploads\crew\documents\health_documents\c0000001-0001-0001-0001-000000000001_medical.png","F:\NCKH\Product\Martime_product_v1.1\artifacts\research-sync\metadata-first-benchmark-1000\generated-corpus\health_document\0126_c0000001-0001-0001-0001-000000000001_medical.png","health_document","3","473003"
"127","F:\NCKH\Product\Martime_product_v1.1\edge_product\edge-services\uploads\crew\avatars\c0000001-0001-0001-0001-000000000003.jpg","F:\NCKH\Product\Martime_product_v1.1\artifacts\research-sync\metadata-first-benchmark-1000\generated-corpus\crew_member\0127_c0000001-0001-0001-0001-000000000003.jpg","crew_member","2","87541"
"128","F:\NCKH\Product\Martime_product_v1.1\edge_product\edge-services\uploads\crew\documents\travel_documents\c0000001-0001-0001-0001-000000000003_passport.jpg","F:\NCKH\Product\Martime_product_v1.1\artifacts\research-sync\metadata-first-benchmark-1000\generated-corpus\travel_document\0128_c0000001-0001-0001-0001-000000000003_passport.jpg","travel_document","3","526059"
"129","F:\NCKH\Product\Martime_product_v1.1\edge_product\edge-services\uploads\crew\documents\travel_documents\3bfa3d0b-d2f5-4236-b967-4a270f65e326_visa.png","F:\NCKH\Product\Martime_product_v1.1\artifacts\research-sync\metadata-first-benchmark-1000\generated-corpus\travel_document\0129_3bfa3d0b-d2f5-4236-b967-4a270f65e326_visa.png","travel_document","3","473003"
"130","F:\NCKH\Product\Martime_product_v1.1\edge_product\edge-services\uploads\crew\avatars\c0000001-0001-0001-0001-000000000001.jpg","F:\NCKH\Product\Martime_product_v1.1\artifacts\research-sync\metadata-first-benchmark-1000\generated-corpus\crew_member\0130_c0000001-0001-0001-0001-000000000001.jpg","crew_member","2","77331"
"131","F:\NCKH\Product\Martime_product_v1.1\edge_product\edge-services\uploads\crew\documents\travel_documents\3bfa3d0b-d2f5-4236-b967-4a270f65e326_passport.webp","F:\NCKH\Product\Martime_product_v1.1\artifacts\research-sync\metadata-first-benchmark-1000\generated-corpus\travel_document\0131_3bfa3d0b-d2f5-4236-b967-4a270f65e326_passport.webp","travel_document","3","136104"
"132","F:\NCKH\Product\Martime_product_v1.1\edge_product\edge-services\uploads\crew\documents\travel_documents\c0000001-0001-0001-0001-000000000001_visa_20260225112400811.png","F:\NCKH\Product\Martime_product_v1.1\artifacts\research-sync\metadata-first-benchmark-1000\generated-corpus\travel_document\0132_c0000001-0001-0001-0001-000000000001_visa_20260225112400811.png","travel_document","3","288226"
"133","F:\NCKH\Product\Martime_product_v1.1\edge_product\edge-services\uploads\crew\avatars\c0000001-0001-0001-0001-000000000003.jpg","F:\NCKH\Product\Martime_product_v1.1\artifacts\research-sync\metadata-first-benchmark-1000\generated-corpus\crew_member\0133_c0000001-0001-0001-0001-000000000003.jpg","crew_member","2","87541"
"134","F:\NCKH\Product\Martime_product_v1.1\edge_product\edge-services\uploads\crew\certificates\cert_31_20260225172956.png","F:\NCKH\Product\Martime_product_v1.1\artifacts\research-sync\metadata-first-benchmark-1000\generated-corpus\crew_certificate\0134_cert_31_20260225172956.png","crew_certificate","2","1023525"
"135","F:\NCKH\Product\Martime_product_v1.1\edge_product\edge-services\uploads\crew\avatars\c0000001-0001-0001-0001-000000000001.jpg","F:\NCKH\Product\Martime_product_v1.1\artifacts\research-sync\metadata-first-benchmark-1000\generated-corpus\crew_member\0135_c0000001-0001-0001-0001-000000000001.jpg","crew_member","2","77331"
"136","F:\NCKH\Product\Martime_product_v1.1\edge_product\edge-services\uploads\crew\documents\travel_documents\3bfa3d0b-d2f5-4236-b967-4a270f65e326_visa.png","F:\NCKH\Product\Martime_product_v1.1\artifacts\research-sync\metadata-first-benchmark-1000\generated-corpus\travel_document\0136_3bfa3d0b-d2f5-4236-b967-4a270f65e326_visa.png","travel_document","3","473003"
"137","F:\NCKH\Product\Martime_product_v1.1\edge_product\edge-services\uploads\crew\documents\travel_documents\3bfa3d0b-d2f5-4236-b967-4a270f65e326_passport.webp","F:\NCKH\Product\Martime_product_v1.1\artifacts\research-sync\metadata-first-benchmark-1000\generated-corpus\travel_document\0137_3bfa3d0b-d2f5-4236-b967-4a270f65e326_passport.webp","travel_document","3","136104"
"138","F:\NCKH\Product\Martime_product_v1.1\edge_product\edge-services\uploads\crew\documents\travel_documents\3bfa3d0b-d2f5-4236-b967-4a270f65e326_passport.webp","F:\NCKH\Product\Martime_product_v1.1\artifacts\research-sync\metadata-first-benchmark-1000\generated-corpus\travel_document\0138_3bfa3d0b-d2f5-4236-b967-4a270f65e326_passport.webp","travel_document","3","136104"
"139","F:\NCKH\Product\Martime_product_v1.1\edge_product\edge-services\uploads\crew\avatars\a0000001-0000-0000-0000-000000000001.jpg","F:\NCKH\Product\Martime_product_v1.1\artifacts\research-sync\metadata-first-benchmark-1000\generated-corpus\crew_member\0139_a0000001-0000-0000-0000-000000000001.jpg","crew_member","2","77331"
"140","F:\NCKH\Product\Martime_product_v1.1\edge_product\edge-services\uploads\crew\avatars\c0000001-0001-0001-0001-000000000001.jpg","F:\NCKH\Product\Martime_product_v1.1\artifacts\research-sync\metadata-first-benchmark-1000\generated-corpus\crew_member\0140_c0000001-0001-0001-0001-000000000001.jpg","crew_member","2","77331"
"141","F:\NCKH\Product\Martime_product_v1.1\edge_product\edge-services\uploads\crew\documents\travel_documents\c0000001-0001-0001-0001-000000000001_visa_20260225112400811.png","F:\NCKH\Product\Martime_product_v1.1\artifacts\research-sync\metadata-first-benchmark-1000\generated-corpus\travel_document\0141_c0000001-0001-0001-0001-000000000001_visa_20260225112400811.png","travel_document","3","288226"
"142","F:\NCKH\Product\Martime_product_v1.1\edge_product\edge-services\uploads\crew\certificates\cert_31_20260225172956.png","F:\NCKH\Product\Martime_product_v1.1\artifacts\research-sync\metadata-first-benchmark-1000\generated-corpus\crew_certificate\0142_cert_31_20260225172956.png","crew_certificate","2","1023525"
"143","F:\NCKH\Product\Martime_product_v1.1\edge_product\edge-services\uploads\crew\avatars\68000000-0000-4000-8000-000000000008-avatar-fdde8623c2ba412bab9cea83aa252de4.png","F:\NCKH\Product\Martime_product_v1.1\artifacts\research-sync\metadata-first-benchmark-1000\generated-corpus\crew_member\0143_68000000-0000-4000-8000-000000000008-avatar-fdde8623c2ba412bab9cea83aa252de4.png","crew_member","2","68"
"144","F:\NCKH\Product\Martime_product_v1.1\edge_product\edge-services\uploads\crew\avatars\c0000001-0001-0001-0001-000000000001.jpg","F:\NCKH\Product\Martime_product_v1.1\artifacts\research-sync\metadata-first-benchmark-1000\generated-corpus\crew_member\0144_c0000001-0001-0001-0001-000000000001.jpg","crew_member","2","77331"
"145","F:\NCKH\Product\Martime_product_v1.1\edge_product\edge-services\uploads\crew\documents\travel_documents\c0000001-0001-0001-0001-000000000003_passport.jpg","F:\NCKH\Product\Martime_product_v1.1\artifacts\research-sync\metadata-first-benchmark-1000\generated-corpus\travel_document\0145_c0000001-0001-0001-0001-000000000003_passport.jpg","travel_document","3","526059"
"146","F:\NCKH\Product\Martime_product_v1.1\edge_product\edge-services\uploads\crew\certificates\cert_31_20260225172956.png","F:\NCKH\Product\Martime_product_v1.1\artifacts\research-sync\metadata-first-benchmark-1000\generated-corpus\crew_certificate\0146_cert_31_20260225172956.png","crew_certificate","2","1023525"
"147","F:\NCKH\Product\Martime_product_v1.1\edge_product\edge-services\uploads\crew\avatars\c0000001-0001-0001-0001-000000000001.jpg","F:\NCKH\Product\Martime_product_v1.1\artifacts\research-sync\metadata-first-benchmark-1000\generated-corpus\crew_member\0147_c0000001-0001-0001-0001-000000000001.jpg","crew_member","2","77331"
"148","F:\NCKH\Product\Martime_product_v1.1\edge_product\edge-services\uploads\crew\avatars\c0000001-0001-0001-0001-000000000003.jpg","F:\NCKH\Product\Martime_product_v1.1\artifacts\research-sync\metadata-first-benchmark-1000\generated-corpus\crew_member\0148_c0000001-0001-0001-0001-000000000003.jpg","crew_member","2","87541"
"149","F:\NCKH\Product\Martime_product_v1.1\edge_product\edge-services\uploads\crew\documents\travel_documents\c0000001-0001-0001-0001-000000000003_passport.jpg","F:\NCKH\Product\Martime_product_v1.1\artifacts\research-sync\metadata-first-benchmark-1000\generated-corpus\travel_document\0149_c0000001-0001-0001-0001-000000000003_passport.jpg","travel_document","3","526059"
"150","F:\NCKH\Product\Martime_product_v1.1\edge_product\edge-services\uploads\crew\documents\health_documents\3bfa3d0b-d2f5-4236-b967-4a270f65e326_yellow_fever.png","F:\NCKH\Product\Martime_product_v1.1\artifacts\research-sync\metadata-first-benchmark-1000\generated-corpus\health_document\0150_3bfa3d0b-d2f5-4236-b967-4a270f65e326_yellow_fever.png","health_document","3","576399"
"151","F:\NCKH\Product\Martime_product_v1.1\edge_product\edge-services\uploads\crew\avatars\68000000-0000-4000-8000-000000000008-avatar-fdde8623c2ba412bab9cea83aa252de4.png","F:\NCKH\Product\Martime_product_v1.1\artifacts\research-sync\metadata-first-benchmark-1000\generated-corpus\crew_member\0151_68000000-0000-4000-8000-000000000008-avatar-fdde8623c2ba412bab9cea83aa252de4.png","crew_member","2","68"
"152","F:\NCKH\Product\Martime_product_v1.1\edge_product\edge-services\uploads\crew\avatars\c0000001-0001-0001-0001-000000000003.jpg","F:\NCKH\Product\Martime_product_v1.1\artifacts\research-sync\metadata-first-benchmark-1000\generated-corpus\crew_member\0152_c0000001-0001-0001-0001-000000000003.jpg","crew_member","2","87541"
"153","F:\NCKH\Product\Martime_product_v1.1\edge_product\edge-services\uploads\crew\documents\health_documents\3bfa3d0b-d2f5-4236-b967-4a270f65e326_yellow_fever.png","F:\NCKH\Product\Martime_product_v1.1\artifacts\research-sync\metadata-first-benchmark-1000\generated-corpus\health_document\0153_3bfa3d0b-d2f5-4236-b967-4a270f65e326_yellow_fever.png","health_document","3","576399"
"154","F:\NCKH\Product\Martime_product_v1.1\edge_product\edge-services\uploads\crew\avatars\a0000001-0000-0000-0000-000000000001.jpg","F:\NCKH\Product\Martime_product_v1.1\artifacts\research-sync\metadata-first-benchmark-1000\generated-corpus\crew_member\0154_a0000001-0000-0000-0000-000000000001.jpg","crew_member","2","77331"
"155","F:\NCKH\Product\Martime_product_v1.1\edge_product\edge-services\uploads\crew\documents\travel_documents\c0000001-0001-0001-0001-000000000001_visa_20260225112400811.png","F:\NCKH\Product\Martime_product_v1.1\artifacts\research-sync\metadata-first-benchmark-1000\generated-corpus\travel_document\0155_c0000001-0001-0001-0001-000000000001_visa_20260225112400811.png","travel_document","3","288226"
"156","F:\NCKH\Product\Martime_product_v1.1\edge_product\edge-services\uploads\crew\avatars\a0000001-0000-0000-0000-000000000001.jpg","F:\NCKH\Product\Martime_product_v1.1\artifacts\research-sync\metadata-first-benchmark-1000\generated-corpus\crew_member\0156_a0000001-0000-0000-0000-000000000001.jpg","crew_member","2","77331"
"157","F:\NCKH\Product\Martime_product_v1.1\edge_product\edge-services\uploads\crew\avatars\c0000001-0001-0001-0001-000000000003.jpg","F:\NCKH\Product\Martime_product_v1.1\artifacts\research-sync\metadata-first-benchmark-1000\generated-corpus\crew_member\0157_c0000001-0001-0001-0001-000000000003.jpg","crew_member","2","87541"
"158","F:\NCKH\Product\Martime_product_v1.1\edge_product\edge-services\uploads\crew\documents\health_documents\c0000001-0001-0001-0001-000000000001_medical.png","F:\NCKH\Product\Martime_product_v1.1\artifacts\research-sync\metadata-first-benchmark-1000\generated-corpus\health_document\0158_c0000001-0001-0001-0001-000000000001_medical.png","health_document","3","473003"
"159","F:\NCKH\Product\Martime_product_v1.1\edge_product\edge-services\uploads\crew\documents\travel_documents\3bfa3d0b-d2f5-4236-b967-4a270f65e326_passport.webp","F:\NCKH\Product\Martime_product_v1.1\artifacts\research-sync\metadata-first-benchmark-1000\generated-corpus\travel_document\0159_3bfa3d0b-d2f5-4236-b967-4a270f65e326_passport.webp","travel_document","3","136104"
"160","F:\NCKH\Product\Martime_product_v1.1\edge_product\edge-services\uploads\crew\documents\travel_documents\c0000001-0001-0001-0001-000000000001_visa_20260225112400811.png","F:\NCKH\Product\Martime_product_v1.1\artifacts\research-sync\metadata-first-benchmark-1000\generated-corpus\travel_document\0160_c0000001-0001-0001-0001-000000000001_visa_20260225112400811.png","travel_document","3","288226"
"161","F:\NCKH\Product\Martime_product_v1.1\edge_product\edge-services\uploads\crew\certificates\cert_31_20260225172956.png","F:\NCKH\Product\Martime_product_v1.1\artifacts\research-sync\metadata-first-benchmark-1000\generated-corpus\crew_certificate\0161_cert_31_20260225172956.png","crew_certificate","2","1023525"
"162","F:\NCKH\Product\Martime_product_v1.1\edge_product\edge-services\uploads\crew\avatars\c0000001-0001-0001-0001-000000000003.jpg","F:\NCKH\Product\Martime_product_v1.1\artifacts\research-sync\metadata-first-benchmark-1000\generated-corpus\crew_member\0162_c0000001-0001-0001-0001-000000000003.jpg","crew_member","2","87541"
"163","F:\NCKH\Product\Martime_product_v1.1\edge_product\edge-services\uploads\crew\avatars\c0000001-0001-0001-0001-000000000001.jpg","F:\NCKH\Product\Martime_product_v1.1\artifacts\research-sync\metadata-first-benchmark-1000\generated-corpus\crew_member\0163_c0000001-0001-0001-0001-000000000001.jpg","crew_member","2","77331"
"164","F:\NCKH\Product\Martime_product_v1.1\edge_product\edge-services\uploads\crew\documents\travel_documents\c0000001-0001-0001-0001-000000000001_visa.png","F:\NCKH\Product\Martime_product_v1.1\artifacts\research-sync\metadata-first-benchmark-1000\generated-corpus\travel_document\0164_c0000001-0001-0001-0001-000000000001_visa.png","travel_document","3","314715"
"165","F:\NCKH\Product\Martime_product_v1.1\edge_product\edge-services\uploads\crew\certificates\cert_31_20260225172956.png","F:\NCKH\Product\Martime_product_v1.1\artifacts\research-sync\metadata-first-benchmark-1000\generated-corpus\crew_certificate\0165_cert_31_20260225172956.png","crew_certificate","2","1023525"
"166","F:\NCKH\Product\Martime_product_v1.1\edge_product\edge-services\uploads\crew\documents\travel_documents\3bfa3d0b-d2f5-4236-b967-4a270f65e326_visa.png","F:\NCKH\Product\Martime_product_v1.1\artifacts\research-sync\metadata-first-benchmark-1000\generated-corpus\travel_document\0166_3bfa3d0b-d2f5-4236-b967-4a270f65e326_visa.png","travel_document","3","473003"
"167","F:\NCKH\Product\Martime_product_v1.1\edge_product\edge-services\uploads\crew\documents\travel_documents\3bfa3d0b-d2f5-4236-b967-4a270f65e326_visa.png","F:\NCKH\Product\Martime_product_v1.1\artifacts\research-sync\metadata-first-benchmark-1000\generated-corpus\travel_document\0167_3bfa3d0b-d2f5-4236-b967-4a270f65e326_visa.png","travel_document","3","473003"
"168","F:\NCKH\Product\Martime_product_v1.1\edge_product\edge-services\uploads\crew\documents\travel_documents\3bfa3d0b-d2f5-4236-b967-4a270f65e326_passport.webp","F:\NCKH\Product\Martime_product_v1.1\artifacts\research-sync\metadata-first-benchmark-1000\generated-corpus\travel_document\0168_3bfa3d0b-d2f5-4236-b967-4a270f65e326_passport.webp","travel_document","3","136104"
"169","F:\NCKH\Product\Martime_product_v1.1\edge_product\edge-services\uploads\crew\avatars\c0000001-0001-0001-0001-000000000003.jpg","F:\NCKH\Product\Martime_product_v1.1\artifacts\research-sync\metadata-first-benchmark-1000\generated-corpus\crew_member\0169_c0000001-0001-0001-0001-000000000003.jpg","crew_member","2","87541"
"170","F:\NCKH\Product\Martime_product_v1.1\edge_product\edge-services\uploads\crew\avatars\c0000001-0001-0001-0001-000000000001.jpg","F:\NCKH\Product\Martime_product_v1.1\artifacts\research-sync\metadata-first-benchmark-1000\generated-corpus\crew_member\0170_c0000001-0001-0001-0001-000000000001.jpg","crew_member","2","77331"
"171","F:\NCKH\Product\Martime_product_v1.1\edge_product\edge-services\uploads\crew\documents\health_documents\c0000001-0001-0001-0001-000000000001_medical.png","F:\NCKH\Product\Martime_product_v1.1\artifacts\research-sync\metadata-first-benchmark-1000\generated-corpus\health_document\0171_c0000001-0001-0001-0001-000000000001_medical.png","health_document","3","473003"
"172","F:\NCKH\Product\Martime_product_v1.1\edge_product\edge-services\uploads\crew\documents\health_documents\c0000001-0001-0001-0001-000000000001_medical.png","F:\NCKH\Product\Martime_product_v1.1\artifacts\research-sync\metadata-first-benchmark-1000\generated-corpus\health_document\0172_c0000001-0001-0001-0001-000000000001_medical.png","health_document","3","473003"
"173","F:\NCKH\Product\Martime_product_v1.1\edge_product\edge-services\uploads\crew\documents\health_documents\c0000001-0001-0001-0001-000000000001_medical.png","F:\NCKH\Product\Martime_product_v1.1\artifacts\research-sync\metadata-first-benchmark-1000\generated-corpus\health_document\0173_c0000001-0001-0001-0001-000000000001_medical.png","health_document","3","473003"
"174","F:\NCKH\Product\Martime_product_v1.1\edge_product\edge-services\uploads\crew\avatars\c0000001-0001-0001-0001-000000000003.jpg","F:\NCKH\Product\Martime_product_v1.1\artifacts\research-sync\metadata-first-benchmark-1000\generated-corpus\crew_member\0174_c0000001-0001-0001-0001-000000000003.jpg","crew_member","2","87541"
"175","F:\NCKH\Product\Martime_product_v1.1\edge_product\edge-services\uploads\crew\avatars\c0000001-0001-0001-0001-000000000001.jpg","F:\NCKH\Product\Martime_product_v1.1\artifacts\research-sync\metadata-first-benchmark-1000\generated-corpus\crew_member\0175_c0000001-0001-0001-0001-000000000001.jpg","crew_member","2","77331"
"176","F:\NCKH\Product\Martime_product_v1.1\edge_product\edge-services\uploads\crew\documents\travel_documents\c0000001-0001-0001-0001-000000000001_visa.png","F:\NCKH\Product\Martime_product_v1.1\artifacts\research-sync\metadata-first-benchmark-1000\generated-corpus\travel_document\0176_c0000001-0001-0001-0001-000000000001_visa.png","travel_document","3","314715"
"177","F:\NCKH\Product\Martime_product_v1.1\edge_product\edge-services\uploads\crew\avatars\a0000001-0000-0000-0000-000000000001.jpg","F:\NCKH\Product\Martime_product_v1.1\artifacts\research-sync\metadata-first-benchmark-1000\generated-corpus\crew_member\0177_a0000001-0000-0000-0000-000000000001.jpg","crew_member","2","77331"
"178","F:\NCKH\Product\Martime_product_v1.1\edge_product\edge-services\uploads\crew\avatars\a0000001-0000-0000-0000-000000000001.jpg","F:\NCKH\Product\Martime_product_v1.1\artifacts\research-sync\metadata-first-benchmark-1000\generated-corpus\crew_member\0178_a0000001-0000-0000-0000-000000000001.jpg","crew_member","2","77331"
"179","F:\NCKH\Product\Martime_product_v1.1\edge_product\edge-services\uploads\crew\avatars\c0000001-0001-0001-0001-000000000003.jpg","F:\NCKH\Product\Martime_product_v1.1\artifacts\research-sync\metadata-first-benchmark-1000\generated-corpus\crew_member\0179_c0000001-0001-0001-0001-000000000003.jpg","crew_member","2","87541"
"180","F:\NCKH\Product\Martime_product_v1.1\edge_product\edge-services\uploads\crew\documents\travel_documents\3bfa3d0b-d2f5-4236-b967-4a270f65e326_visa.png","F:\NCKH\Product\Martime_product_v1.1\artifacts\research-sync\metadata-first-benchmark-1000\generated-corpus\travel_document\0180_3bfa3d0b-d2f5-4236-b967-4a270f65e326_visa.png","travel_document","3","473003"
"181","F:\NCKH\Product\Martime_product_v1.1\edge_product\edge-services\uploads\crew\certificates\cert_31_20260225172956.png","F:\NCKH\Product\Martime_product_v1.1\artifacts\research-sync\metadata-first-benchmark-1000\generated-corpus\crew_certificate\0181_cert_31_20260225172956.png","crew_certificate","2","1023525"
"182","F:\NCKH\Product\Martime_product_v1.1\edge_product\edge-services\uploads\crew\documents\travel_documents\c0000001-0001-0001-0001-000000000003_passport.jpg","F:\NCKH\Product\Martime_product_v1.1\artifacts\research-sync\metadata-first-benchmark-1000\generated-corpus\travel_document\0182_c0000001-0001-0001-0001-000000000003_passport.jpg","travel_document","3","526059"
"183","F:\NCKH\Product\Martime_product_v1.1\edge_product\edge-services\uploads\crew\documents\travel_documents\c0000001-0001-0001-0001-000000000003_passport.jpg","F:\NCKH\Product\Martime_product_v1.1\artifacts\research-sync\metadata-first-benchmark-1000\generated-corpus\travel_document\0183_c0000001-0001-0001-0001-000000000003_passport.jpg","travel_document","3","526059"
"184","F:\NCKH\Product\Martime_product_v1.1\edge_product\edge-services\uploads\crew\avatars\c0000001-0001-0001-0001-000000000001.jpg","F:\NCKH\Product\Martime_product_v1.1\artifacts\research-sync\metadata-first-benchmark-1000\generated-corpus\crew_member\0184_c0000001-0001-0001-0001-000000000001.jpg","crew_member","2","77331"
"185","F:\NCKH\Product\Martime_product_v1.1\edge_product\edge-services\uploads\crew\avatars\a0000001-0000-0000-0000-000000000001.jpg","F:\NCKH\Product\Martime_product_v1.1\artifacts\research-sync\metadata-first-benchmark-1000\generated-corpus\crew_member\0185_a0000001-0000-0000-0000-000000000001.jpg","crew_member","2","77331"
"186","F:\NCKH\Product\Martime_product_v1.1\edge_product\edge-services\uploads\crew\certificates\cert_31_20260225172956.png","F:\NCKH\Product\Martime_product_v1.1\artifacts\research-sync\metadata-first-benchmark-1000\generated-corpus\crew_certificate\0186_cert_31_20260225172956.png","crew_certificate","2","1023525"
"187","F:\NCKH\Product\Martime_product_v1.1\edge_product\edge-services\uploads\crew\certificates\cert_31_20260225172956.png","F:\NCKH\Product\Martime_product_v1.1\artifacts\research-sync\metadata-first-benchmark-1000\generated-corpus\crew_certificate\0187_cert_31_20260225172956.png","crew_certificate","2","1023525"
"188","F:\NCKH\Product\Martime_product_v1.1\edge_product\edge-services\uploads\crew\avatars\c0000001-0001-0001-0001-000000000001.jpg","F:\NCKH\Product\Martime_product_v1.1\artifacts\research-sync\metadata-first-benchmark-1000\generated-corpus\crew_member\0188_c0000001-0001-0001-0001-000000000001.jpg","crew_member","2","77331"
"189","F:\NCKH\Product\Martime_product_v1.1\edge_product\edge-services\uploads\crew\documents\health_documents\c0000001-0001-0001-0001-000000000001_medical.png","F:\NCKH\Product\Martime_product_v1.1\artifacts\research-sync\metadata-first-benchmark-1000\generated-corpus\health_document\0189_c0000001-0001-0001-0001-000000000001_medical.png","health_document","3","473003"
"190","F:\NCKH\Product\Martime_product_v1.1\edge_product\edge-services\uploads\crew\avatars\a0000001-0000-0000-0000-000000000001.jpg","F:\NCKH\Product\Martime_product_v1.1\artifacts\research-sync\metadata-first-benchmark-1000\generated-corpus\crew_member\0190_a0000001-0000-0000-0000-000000000001.jpg","crew_member","2","77331"
"191","F:\NCKH\Product\Martime_product_v1.1\edge_product\edge-services\uploads\crew\documents\health_documents\3bfa3d0b-d2f5-4236-b967-4a270f65e326_yellow_fever.png","F:\NCKH\Product\Martime_product_v1.1\artifacts\research-sync\metadata-first-benchmark-1000\generated-corpus\health_document\0191_3bfa3d0b-d2f5-4236-b967-4a270f65e326_yellow_fever.png","health_document","3","576399"
"192","F:\NCKH\Product\Martime_product_v1.1\edge_product\edge-services\uploads\crew\avatars\a0000001-0000-0000-0000-000000000001.jpg","F:\NCKH\Product\Martime_product_v1.1\artifacts\research-sync\metadata-first-benchmark-1000\generated-corpus\crew_member\0192_a0000001-0000-0000-0000-000000000001.jpg","crew_member","2","77331"
"193","F:\NCKH\Product\Martime_product_v1.1\edge_product\edge-services\uploads\crew\documents\travel_documents\c0000001-0001-0001-0001-000000000003_passport.jpg","F:\NCKH\Product\Martime_product_v1.1\artifacts\research-sync\metadata-first-benchmark-1000\generated-corpus\travel_document\0193_c0000001-0001-0001-0001-000000000003_passport.jpg","travel_document","3","526059"
"194","F:\NCKH\Product\Martime_product_v1.1\edge_product\edge-services\uploads\crew\avatars\c0000001-0001-0001-0001-000000000001.jpg","F:\NCKH\Product\Martime_product_v1.1\artifacts\research-sync\metadata-first-benchmark-1000\generated-corpus\crew_member\0194_c0000001-0001-0001-0001-000000000001.jpg","crew_member","2","77331"
"195","F:\NCKH\Product\Martime_product_v1.1\edge_product\edge-services\uploads\crew\documents\travel_documents\c0000001-0001-0001-0001-000000000001_visa_20260225112400811.png","F:\NCKH\Product\Martime_product_v1.1\artifacts\research-sync\metadata-first-benchmark-1000\generated-corpus\travel_document\0195_c0000001-0001-0001-0001-000000000001_visa_20260225112400811.png","travel_document","3","288226"
"196","F:\NCKH\Product\Martime_product_v1.1\edge_product\edge-services\uploads\crew\documents\health_documents\c0000001-0001-0001-0001-000000000001_medical.png","F:\NCKH\Product\Martime_product_v1.1\artifacts\research-sync\metadata-first-benchmark-1000\generated-corpus\health_document\0196_c0000001-0001-0001-0001-000000000001_medical.png","health_document","3","473003"
"197","F:\NCKH\Product\Martime_product_v1.1\edge_product\edge-services\uploads\crew\avatars\c0000001-0001-0001-0001-000000000001.jpg","F:\NCKH\Product\Martime_product_v1.1\artifacts\research-sync\metadata-first-benchmark-1000\generated-corpus\crew_member\0197_c0000001-0001-0001-0001-000000000001.jpg","crew_member","2","77331"
"198","F:\NCKH\Product\Martime_product_v1.1\edge_product\edge-services\uploads\crew\avatars\c0000001-0001-0001-0001-000000000003.jpg","F:\NCKH\Product\Martime_product_v1.1\artifacts\research-sync\metadata-first-benchmark-1000\generated-corpus\crew_member\0198_c0000001-0001-0001-0001-000000000003.jpg","crew_member","2","87541"
"199","F:\NCKH\Product\Martime_product_v1.1\edge_product\edge-services\uploads\crew\documents\travel_documents\c0000001-0001-0001-0001-000000000001_visa.png","F:\NCKH\Product\Martime_product_v1.1\artifacts\research-sync\metadata-first-benchmark-1000\generated-corpus\travel_document\0199_c0000001-0001-0001-0001-000000000001_visa.png","travel_document","3","314715"
"200","F:\NCKH\Product\Martime_product_v1.1\edge_product\edge-services\uploads\crew\avatars\c0000001-0001-0001-0001-000000000001.jpg","F:\NCKH\Product\Martime_product_v1.1\artifacts\research-sync\metadata-first-benchmark-1000\generated-corpus\crew_member\0200_c0000001-0001-0001-0001-000000000001.jpg","crew_member","2","77331"
"201","F:\NCKH\Product\Martime_product_v1.1\edge_product\edge-services\uploads\crew\documents\travel_documents\3bfa3d0b-d2f5-4236-b967-4a270f65e326_passport.webp","F:\NCKH\Product\Martime_product_v1.1\artifacts\research-sync\metadata-first-benchmark-1000\generated-corpus\travel_document\0201_3bfa3d0b-d2f5-4236-b967-4a270f65e326_passport.webp","travel_document","3","136104"
"202","F:\NCKH\Product\Martime_product_v1.1\edge_product\edge-services\uploads\crew\documents\health_documents\c0000001-0001-0001-0001-000000000001_medical.png","F:\NCKH\Product\Martime_product_v1.1\artifacts\research-sync\metadata-first-benchmark-1000\generated-corpus\health_document\0202_c0000001-0001-0001-0001-000000000001_medical.png","health_document","3","473003"
"203","F:\NCKH\Product\Martime_product_v1.1\edge_product\edge-services\uploads\crew\avatars\68000000-0000-4000-8000-000000000008-avatar-fdde8623c2ba412bab9cea83aa252de4.png","F:\NCKH\Product\Martime_product_v1.1\artifacts\research-sync\metadata-first-benchmark-1000\generated-corpus\crew_member\0203_68000000-0000-4000-8000-000000000008-avatar-fdde8623c2ba412bab9cea83aa252de4.png","crew_member","2","68"
"204","F:\NCKH\Product\Martime_product_v1.1\edge_product\edge-services\uploads\crew\documents\travel_documents\3bfa3d0b-d2f5-4236-b967-4a270f65e326_visa.png","F:\NCKH\Product\Martime_product_v1.1\artifacts\research-sync\metadata-first-benchmark-1000\generated-corpus\travel_document\0204_3bfa3d0b-d2f5-4236-b967-4a270f65e326_visa.png","travel_document","3","473003"
"205","F:\NCKH\Product\Martime_product_v1.1\edge_product\edge-services\uploads\crew\documents\travel_documents\c0000001-0001-0001-0001-000000000001_visa_20260225112400811.png","F:\NCKH\Product\Martime_product_v1.1\artifacts\research-sync\metadata-first-benchmark-1000\generated-corpus\travel_document\0205_c0000001-0001-0001-0001-000000000001_visa_20260225112400811.png","travel_document","3","288226"
"206","F:\NCKH\Product\Martime_product_v1.1\edge_product\edge-services\uploads\crew\documents\health_documents\c0000001-0001-0001-0001-000000000001_medical.png","F:\NCKH\Product\Martime_product_v1.1\artifacts\research-sync\metadata-first-benchmark-1000\generated-corpus\health_document\0206_c0000001-0001-0001-0001-000000000001_medical.png","health_document","3","473003"
"207","F:\NCKH\Product\Martime_product_v1.1\edge_product\edge-services\uploads\crew\documents\travel_documents\3bfa3d0b-d2f5-4236-b967-4a270f65e326_visa.png","F:\NCKH\Product\Martime_product_v1.1\artifacts\research-sync\metadata-first-benchmark-1000\generated-corpus\travel_document\0207_3bfa3d0b-d2f5-4236-b967-4a270f65e326_visa.png","travel_document","3","473003"
"208","F:\NCKH\Product\Martime_product_v1.1\edge_product\edge-services\uploads\crew\avatars\c0000001-0001-0001-0001-000000000001.jpg","F:\NCKH\Product\Martime_product_v1.1\artifacts\research-sync\metadata-first-benchmark-1000\generated-corpus\crew_member\0208_c0000001-0001-0001-0001-000000000001.jpg","crew_member","2","77331"
"209","F:\NCKH\Product\Martime_product_v1.1\edge_product\edge-services\uploads\crew\documents\travel_documents\c0000001-0001-0001-0001-000000000003_passport.jpg","F:\NCKH\Product\Martime_product_v1.1\artifacts\research-sync\metadata-first-benchmark-1000\generated-corpus\travel_document\0209_c0000001-0001-0001-0001-000000000003_passport.jpg","travel_document","3","526059"
"210","F:\NCKH\Product\Martime_product_v1.1\edge_product\edge-services\uploads\crew\avatars\68000000-0000-4000-8000-000000000008-avatar-fdde8623c2ba412bab9cea83aa252de4.png","F:\NCKH\Product\Martime_product_v1.1\artifacts\research-sync\metadata-first-benchmark-1000\generated-corpus\crew_member\0210_68000000-0000-4000-8000-000000000008-avatar-fdde8623c2ba412bab9cea83aa252de4.png","crew_member","2","68"
"211","F:\NCKH\Product\Martime_product_v1.1\edge_product\edge-services\uploads\crew\avatars\68000000-0000-4000-8000-000000000008-avatar-fdde8623c2ba412bab9cea83aa252de4.png","F:\NCKH\Product\Martime_product_v1.1\artifacts\research-sync\metadata-first-benchmark-1000\generated-corpus\crew_member\0211_68000000-0000-4000-8000-000000000008-avatar-fdde8623c2ba412bab9cea83aa252de4.png","crew_member","2","68"
"212","F:\NCKH\Product\Martime_product_v1.1\edge_product\edge-services\uploads\crew\avatars\a0000001-0000-0000-0000-000000000001.jpg","F:\NCKH\Product\Martime_product_v1.1\artifacts\research-sync\metadata-first-benchmark-1000\generated-corpus\crew_member\0212_a0000001-0000-0000-0000-000000000001.jpg","crew_member","2","77331"
"213","F:\NCKH\Product\Martime_product_v1.1\edge_product\edge-services\uploads\crew\avatars\c0000001-0001-0001-0001-000000000001.jpg","F:\NCKH\Product\Martime_product_v1.1\artifacts\research-sync\metadata-first-benchmark-1000\generated-corpus\crew_member\0213_c0000001-0001-0001-0001-000000000001.jpg","crew_member","2","77331"
"214","F:\NCKH\Product\Martime_product_v1.1\edge_product\edge-services\uploads\crew\documents\travel_documents\c0000001-0001-0001-0001-000000000003_passport.jpg","F:\NCKH\Product\Martime_product_v1.1\artifacts\research-sync\metadata-first-benchmark-1000\generated-corpus\travel_document\0214_c0000001-0001-0001-0001-000000000003_passport.jpg","travel_document","3","526059"
"215","F:\NCKH\Product\Martime_product_v1.1\edge_product\edge-services\uploads\crew\documents\health_documents\3bfa3d0b-d2f5-4236-b967-4a270f65e326_yellow_fever.png","F:\NCKH\Product\Martime_product_v1.1\artifacts\research-sync\metadata-first-benchmark-1000\generated-corpus\health_document\0215_3bfa3d0b-d2f5-4236-b967-4a270f65e326_yellow_fever.png","health_document","3","576399"
"216","F:\NCKH\Product\Martime_product_v1.1\edge_product\edge-services\uploads\crew\documents\health_documents\3bfa3d0b-d2f5-4236-b967-4a270f65e326_yellow_fever.png","F:\NCKH\Product\Martime_product_v1.1\artifacts\research-sync\metadata-first-benchmark-1000\generated-corpus\health_document\0216_3bfa3d0b-d2f5-4236-b967-4a270f65e326_yellow_fever.png","health_document","3","576399"
"217","F:\NCKH\Product\Martime_product_v1.1\edge_product\edge-services\uploads\crew\avatars\c0000001-0001-0001-0001-000000000003.jpg","F:\NCKH\Product\Martime_product_v1.1\artifacts\research-sync\metadata-first-benchmark-1000\generated-corpus\crew_member\0217_c0000001-0001-0001-0001-000000000003.jpg","crew_member","2","87541"
"218","F:\NCKH\Product\Martime_product_v1.1\edge_product\edge-services\uploads\crew\documents\travel_documents\c0000001-0001-0001-0001-000000000003_passport.jpg","F:\NCKH\Product\Martime_product_v1.1\artifacts\research-sync\metadata-first-benchmark-1000\generated-corpus\travel_document\0218_c0000001-0001-0001-0001-000000000003_passport.jpg","travel_document","3","526059"
"219","F:\NCKH\Product\Martime_product_v1.1\edge_product\edge-services\uploads\crew\documents\travel_documents\3bfa3d0b-d2f5-4236-b967-4a270f65e326_passport.webp","F:\NCKH\Product\Martime_product_v1.1\artifacts\research-sync\metadata-first-benchmark-1000\generated-corpus\travel_document\0219_3bfa3d0b-d2f5-4236-b967-4a270f65e326_passport.webp","travel_document","3","136104"
"220","F:\NCKH\Product\Martime_product_v1.1\edge_product\edge-services\uploads\crew\avatars\68000000-0000-4000-8000-000000000008-avatar-fdde8623c2ba412bab9cea83aa252de4.png","F:\NCKH\Product\Martime_product_v1.1\artifacts\research-sync\metadata-first-benchmark-1000\generated-corpus\crew_member\0220_68000000-0000-4000-8000-000000000008-avatar-fdde8623c2ba412bab9cea83aa252de4.png","crew_member","2","68"
"221","F:\NCKH\Product\Martime_product_v1.1\edge_product\edge-services\uploads\crew\certificates\cert_31_20260225172956.png","F:\NCKH\Product\Martime_product_v1.1\artifacts\research-sync\metadata-first-benchmark-1000\generated-corpus\crew_certificate\0221_cert_31_20260225172956.png","crew_certificate","2","1023525"
"222","F:\NCKH\Product\Martime_product_v1.1\edge_product\edge-services\uploads\crew\documents\health_documents\c0000001-0001-0001-0001-000000000001_medical.png","F:\NCKH\Product\Martime_product_v1.1\artifacts\research-sync\metadata-first-benchmark-1000\generated-corpus\health_document\0222_c0000001-0001-0001-0001-000000000001_medical.png","health_document","3","473003"
"223","F:\NCKH\Product\Martime_product_v1.1\edge_product\edge-services\uploads\crew\avatars\a0000001-0000-0000-0000-000000000001.jpg","F:\NCKH\Product\Martime_product_v1.1\artifacts\research-sync\metadata-first-benchmark-1000\generated-corpus\crew_member\0223_a0000001-0000-0000-0000-000000000001.jpg","crew_member","2","77331"
"224","F:\NCKH\Product\Martime_product_v1.1\edge_product\edge-services\uploads\crew\avatars\a0000001-0000-0000-0000-000000000001.jpg","F:\NCKH\Product\Martime_product_v1.1\artifacts\research-sync\metadata-first-benchmark-1000\generated-corpus\crew_member\0224_a0000001-0000-0000-0000-000000000001.jpg","crew_member","2","77331"
"225","F:\NCKH\Product\Martime_product_v1.1\edge_product\edge-services\uploads\crew\documents\travel_documents\c0000001-0001-0001-0001-000000000001_visa.png","F:\NCKH\Product\Martime_product_v1.1\artifacts\research-sync\metadata-first-benchmark-1000\generated-corpus\travel_document\0225_c0000001-0001-0001-0001-000000000001_visa.png","travel_document","3","314715"
"226","F:\NCKH\Product\Martime_product_v1.1\edge_product\edge-services\uploads\crew\documents\health_documents\3bfa3d0b-d2f5-4236-b967-4a270f65e326_yellow_fever.png","F:\NCKH\Product\Martime_product_v1.1\artifacts\research-sync\metadata-first-benchmark-1000\generated-corpus\health_document\0226_3bfa3d0b-d2f5-4236-b967-4a270f65e326_yellow_fever.png","health_document","3","576399"
"227","F:\NCKH\Product\Martime_product_v1.1\edge_product\edge-services\uploads\crew\documents\health_documents\c0000001-0001-0001-0001-000000000001_medical.png","F:\NCKH\Product\Martime_product_v1.1\artifacts\research-sync\metadata-first-benchmark-1000\generated-corpus\health_document\0227_c0000001-0001-0001-0001-000000000001_medical.png","health_document","3","473003"
"228","F:\NCKH\Product\Martime_product_v1.1\edge_product\edge-services\uploads\crew\certificates\cert_31_20260225172956.png","F:\NCKH\Product\Martime_product_v1.1\artifacts\research-sync\metadata-first-benchmark-1000\generated-corpus\crew_certificate\0228_cert_31_20260225172956.png","crew_certificate","2","1023525"
"229","F:\NCKH\Product\Martime_product_v1.1\edge_product\edge-services\uploads\crew\documents\health_documents\3bfa3d0b-d2f5-4236-b967-4a270f65e326_yellow_fever.png","F:\NCKH\Product\Martime_product_v1.1\artifacts\research-sync\metadata-first-benchmark-1000\generated-corpus\health_document\0229_3bfa3d0b-d2f5-4236-b967-4a270f65e326_yellow_fever.png","health_document","3","576399"
"230","F:\NCKH\Product\Martime_product_v1.1\edge_product\edge-services\uploads\crew\documents\travel_documents\3bfa3d0b-d2f5-4236-b967-4a270f65e326_passport.webp","F:\NCKH\Product\Martime_product_v1.1\artifacts\research-sync\metadata-first-benchmark-1000\generated-corpus\travel_document\0230_3bfa3d0b-d2f5-4236-b967-4a270f65e326_passport.webp","travel_document","3","136104"
"231","F:\NCKH\Product\Martime_product_v1.1\edge_product\edge-services\uploads\crew\documents\travel_documents\3bfa3d0b-d2f5-4236-b967-4a270f65e326_passport.webp","F:\NCKH\Product\Martime_product_v1.1\artifacts\research-sync\metadata-first-benchmark-1000\generated-corpus\travel_document\0231_3bfa3d0b-d2f5-4236-b967-4a270f65e326_passport.webp","travel_document","3","136104"
"232","F:\NCKH\Product\Martime_product_v1.1\edge_product\edge-services\uploads\crew\documents\travel_documents\c0000001-0001-0001-0001-000000000001_visa_20260225112400811.png","F:\NCKH\Product\Martime_product_v1.1\artifacts\research-sync\metadata-first-benchmark-1000\generated-corpus\travel_document\0232_c0000001-0001-0001-0001-000000000001_visa_20260225112400811.png","travel_document","3","288226"
"233","F:\NCKH\Product\Martime_product_v1.1\edge_product\edge-services\uploads\crew\avatars\c0000001-0001-0001-0001-000000000003.jpg","F:\NCKH\Product\Martime_product_v1.1\artifacts\research-sync\metadata-first-benchmark-1000\generated-corpus\crew_member\0233_c0000001-0001-0001-0001-000000000003.jpg","crew_member","2","87541"
"234","F:\NCKH\Product\Martime_product_v1.1\edge_product\edge-services\uploads\crew\avatars\a0000001-0000-0000-0000-000000000001.jpg","F:\NCKH\Product\Martime_product_v1.1\artifacts\research-sync\metadata-first-benchmark-1000\generated-corpus\crew_member\0234_a0000001-0000-0000-0000-000000000001.jpg","crew_member","2","77331"
"235","F:\NCKH\Product\Martime_product_v1.1\edge_product\edge-services\uploads\crew\avatars\68000000-0000-4000-8000-000000000008-avatar-fdde8623c2ba412bab9cea83aa252de4.png","F:\NCKH\Product\Martime_product_v1.1\artifacts\research-sync\metadata-first-benchmark-1000\generated-corpus\crew_member\0235_68000000-0000-4000-8000-000000000008-avatar-fdde8623c2ba412bab9cea83aa252de4.png","crew_member","2","68"
"236","F:\NCKH\Product\Martime_product_v1.1\edge_product\edge-services\uploads\crew\documents\travel_documents\c0000001-0001-0001-0001-000000000001_visa_20260225112400811.png","F:\NCKH\Product\Martime_product_v1.1\artifacts\research-sync\metadata-first-benchmark-1000\generated-corpus\travel_document\0236_c0000001-0001-0001-0001-000000000001_visa_20260225112400811.png","travel_document","3","288226"
"237","F:\NCKH\Product\Martime_product_v1.1\edge_product\edge-services\uploads\crew\documents\travel_documents\c0000001-0001-0001-0001-000000000001_visa_20260225112400811.png","F:\NCKH\Product\Martime_product_v1.1\artifacts\research-sync\metadata-first-benchmark-1000\generated-corpus\travel_document\0237_c0000001-0001-0001-0001-000000000001_visa_20260225112400811.png","travel_document","3","288226"
"238","F:\NCKH\Product\Martime_product_v1.1\edge_product\edge-services\uploads\crew\avatars\c0000001-0001-0001-0001-000000000001.jpg","F:\NCKH\Product\Martime_product_v1.1\artifacts\research-sync\metadata-first-benchmark-1000\generated-corpus\crew_member\0238_c0000001-0001-0001-0001-000000000001.jpg","crew_member","2","77331"
"239","F:\NCKH\Product\Martime_product_v1.1\edge_product\edge-services\uploads\crew\avatars\c0000001-0001-0001-0001-000000000003.jpg","F:\NCKH\Product\Martime_product_v1.1\artifacts\research-sync\metadata-first-benchmark-1000\generated-corpus\crew_member\0239_c0000001-0001-0001-0001-000000000003.jpg","crew_member","2","87541"
"240","F:\NCKH\Product\Martime_product_v1.1\edge_product\edge-services\uploads\crew\documents\travel_documents\3bfa3d0b-d2f5-4236-b967-4a270f65e326_passport.webp","F:\NCKH\Product\Martime_product_v1.1\artifacts\research-sync\metadata-first-benchmark-1000\generated-corpus\travel_document\0240_3bfa3d0b-d2f5-4236-b967-4a270f65e326_passport.webp","travel_document","3","136104"
"241","F:\NCKH\Product\Martime_product_v1.1\edge_product\edge-services\uploads\crew\documents\travel_documents\3bfa3d0b-d2f5-4236-b967-4a270f65e326_passport.webp","F:\NCKH\Product\Martime_product_v1.1\artifacts\research-sync\metadata-first-benchmark-1000\generated-corpus\travel_document\0241_3bfa3d0b-d2f5-4236-b967-4a270f65e326_passport.webp","travel_document","3","136104"
"242","F:\NCKH\Product\Martime_product_v1.1\edge_product\edge-services\uploads\crew\avatars\a0000001-0000-0000-0000-000000000001.jpg","F:\NCKH\Product\Martime_product_v1.1\artifacts\research-sync\metadata-first-benchmark-1000\generated-corpus\crew_member\0242_a0000001-0000-0000-0000-000000000001.jpg","crew_member","2","77331"
"243","F:\NCKH\Product\Martime_product_v1.1\edge_product\edge-services\uploads\crew\avatars\c0000001-0001-0001-0001-000000000003.jpg","F:\NCKH\Product\Martime_product_v1.1\artifacts\research-sync\metadata-first-benchmark-1000\generated-corpus\crew_member\0243_c0000001-0001-0001-0001-000000000003.jpg","crew_member","2","87541"
"244","F:\NCKH\Product\Martime_product_v1.1\edge_product\edge-services\uploads\crew\documents\health_documents\3bfa3d0b-d2f5-4236-b967-4a270f65e326_yellow_fever.png","F:\NCKH\Product\Martime_product_v1.1\artifacts\research-sync\metadata-first-benchmark-1000\generated-corpus\health_document\0244_3bfa3d0b-d2f5-4236-b967-4a270f65e326_yellow_fever.png","health_document","3","576399"
"245","F:\NCKH\Product\Martime_product_v1.1\edge_product\edge-services\uploads\crew\avatars\a0000001-0000-0000-0000-000000000001.jpg","F:\NCKH\Product\Martime_product_v1.1\artifacts\research-sync\metadata-first-benchmark-1000\generated-corpus\crew_member\0245_a0000001-0000-0000-0000-000000000001.jpg","crew_member","2","77331"
"246","F:\NCKH\Product\Martime_product_v1.1\edge_product\edge-services\uploads\crew\avatars\c0000001-0001-0001-0001-000000000003.jpg","F:\NCKH\Product\Martime_product_v1.1\artifacts\research-sync\metadata-first-benchmark-1000\generated-corpus\crew_member\0246_c0000001-0001-0001-0001-000000000003.jpg","crew_member","2","87541"
"247","F:\NCKH\Product\Martime_product_v1.1\edge_product\edge-services\uploads\crew\documents\travel_documents\c0000001-0001-0001-0001-000000000001_visa_20260225112400811.png","F:\NCKH\Product\Martime_product_v1.1\artifacts\research-sync\metadata-first-benchmark-1000\generated-corpus\travel_document\0247_c0000001-0001-0001-0001-000000000001_visa_20260225112400811.png","travel_document","3","288226"
"248","F:\NCKH\Product\Martime_product_v1.1\edge_product\edge-services\uploads\crew\avatars\68000000-0000-4000-8000-000000000008-avatar-fdde8623c2ba412bab9cea83aa252de4.png","F:\NCKH\Product\Martime_product_v1.1\artifacts\research-sync\metadata-first-benchmark-1000\generated-corpus\crew_member\0248_68000000-0000-4000-8000-000000000008-avatar-fdde8623c2ba412bab9cea83aa252de4.png","crew_member","2","68"
"249","F:\NCKH\Product\Martime_product_v1.1\edge_product\edge-services\uploads\crew\documents\travel_documents\3bfa3d0b-d2f5-4236-b967-4a270f65e326_visa.png","F:\NCKH\Product\Martime_product_v1.1\artifacts\research-sync\metadata-first-benchmark-1000\generated-corpus\travel_document\0249_3bfa3d0b-d2f5-4236-b967-4a270f65e326_visa.png","travel_document","3","473003"
"250","F:\NCKH\Product\Martime_product_v1.1\edge_product\edge-services\uploads\crew\certificates\cert_31_20260225172956.png","F:\NCKH\Product\Martime_product_v1.1\artifacts\research-sync\metadata-first-benchmark-1000\generated-corpus\crew_certificate\0250_cert_31_20260225172956.png","crew_certificate","2","1023525"
"251","F:\NCKH\Product\Martime_product_v1.1\edge_product\edge-services\uploads\crew\avatars\c0000001-0001-0001-0001-000000000003.jpg","F:\NCKH\Product\Martime_product_v1.1\artifacts\research-sync\metadata-first-benchmark-1000\generated-corpus\crew_member\0251_c0000001-0001-0001-0001-000000000003.jpg","crew_member","2","87541"
"252","F:\NCKH\Product\Martime_product_v1.1\edge_product\edge-services\uploads\crew\avatars\c0000001-0001-0001-0001-000000000001.jpg","F:\NCKH\Product\Martime_product_v1.1\artifacts\research-sync\metadata-first-benchmark-1000\generated-corpus\crew_member\0252_c0000001-0001-0001-0001-000000000001.jpg","crew_member","2","77331"
"253","F:\NCKH\Product\Martime_product_v1.1\edge_product\edge-services\uploads\crew\documents\travel_documents\3bfa3d0b-d2f5-4236-b967-4a270f65e326_passport.webp","F:\NCKH\Product\Martime_product_v1.1\artifacts\research-sync\metadata-first-benchmark-1000\generated-corpus\travel_document\0253_3bfa3d0b-d2f5-4236-b967-4a270f65e326_passport.webp","travel_document","3","136104"
"254","F:\NCKH\Product\Martime_product_v1.1\edge_product\edge-services\uploads\crew\documents\travel_documents\c0000001-0001-0001-0001-000000000001_visa.png","F:\NCKH\Product\Martime_product_v1.1\artifacts\research-sync\metadata-first-benchmark-1000\generated-corpus\travel_document\0254_c0000001-0001-0001-0001-000000000001_visa.png","travel_document","3","314715"
"255","F:\NCKH\Product\Martime_product_v1.1\edge_product\edge-services\uploads\crew\documents\travel_documents\c0000001-0001-0001-0001-000000000001_visa.png","F:\NCKH\Product\Martime_product_v1.1\artifacts\research-sync\metadata-first-benchmark-1000\generated-corpus\travel_document\0255_c0000001-0001-0001-0001-000000000001_visa.png","travel_document","3","314715"
"256","F:\NCKH\Product\Martime_product_v1.1\edge_product\edge-services\uploads\crew\avatars\a0000001-0000-0000-0000-000000000001.jpg","F:\NCKH\Product\Martime_product_v1.1\artifacts\research-sync\metadata-first-benchmark-1000\generated-corpus\crew_member\0256_a0000001-0000-0000-0000-000000000001.jpg","crew_member","2","77331"
"257","F:\NCKH\Product\Martime_product_v1.1\edge_product\edge-services\uploads\crew\documents\health_documents\3bfa3d0b-d2f5-4236-b967-4a270f65e326_yellow_fever.png","F:\NCKH\Product\Martime_product_v1.1\artifacts\research-sync\metadata-first-benchmark-1000\generated-corpus\health_document\0257_3bfa3d0b-d2f5-4236-b967-4a270f65e326_yellow_fever.png","health_document","3","576399"
"258","F:\NCKH\Product\Martime_product_v1.1\edge_product\edge-services\uploads\crew\documents\travel_documents\c0000001-0001-0001-0001-000000000003_passport.jpg","F:\NCKH\Product\Martime_product_v1.1\artifacts\research-sync\metadata-first-benchmark-1000\generated-corpus\travel_document\0258_c0000001-0001-0001-0001-000000000003_passport.jpg","travel_document","3","526059"
"259","F:\NCKH\Product\Martime_product_v1.1\edge_product\edge-services\uploads\crew\documents\travel_documents\c0000001-0001-0001-0001-000000000003_passport.jpg","F:\NCKH\Product\Martime_product_v1.1\artifacts\research-sync\metadata-first-benchmark-1000\generated-corpus\travel_document\0259_c0000001-0001-0001-0001-000000000003_passport.jpg","travel_document","3","526059"
"260","F:\NCKH\Product\Martime_product_v1.1\edge_product\edge-services\uploads\crew\documents\health_documents\3bfa3d0b-d2f5-4236-b967-4a270f65e326_yellow_fever.png","F:\NCKH\Product\Martime_product_v1.1\artifacts\research-sync\metadata-first-benchmark-1000\generated-corpus\health_document\0260_3bfa3d0b-d2f5-4236-b967-4a270f65e326_yellow_fever.png","health_document","3","576399"
"261","F:\NCKH\Product\Martime_product_v1.1\edge_product\edge-services\uploads\crew\avatars\68000000-0000-4000-8000-000000000008-avatar-fdde8623c2ba412bab9cea83aa252de4.png","F:\NCKH\Product\Martime_product_v1.1\artifacts\research-sync\metadata-first-benchmark-1000\generated-corpus\crew_member\0261_68000000-0000-4000-8000-000000000008-avatar-fdde8623c2ba412bab9cea83aa252de4.png","crew_member","2","68"
"262","F:\NCKH\Product\Martime_product_v1.1\edge_product\edge-services\uploads\crew\certificates\cert_31_20260225172956.png","F:\NCKH\Product\Martime_product_v1.1\artifacts\research-sync\metadata-first-benchmark-1000\generated-corpus\crew_certificate\0262_cert_31_20260225172956.png","crew_certificate","2","1023525"
"263","F:\NCKH\Product\Martime_product_v1.1\edge_product\edge-services\uploads\crew\documents\travel_documents\c0000001-0001-0001-0001-000000000001_visa.png","F:\NCKH\Product\Martime_product_v1.1\artifacts\research-sync\metadata-first-benchmark-1000\generated-corpus\travel_document\0263_c0000001-0001-0001-0001-000000000001_visa.png","travel_document","3","314715"
"264","F:\NCKH\Product\Martime_product_v1.1\edge_product\edge-services\uploads\crew\avatars\c0000001-0001-0001-0001-000000000003.jpg","F:\NCKH\Product\Martime_product_v1.1\artifacts\research-sync\metadata-first-benchmark-1000\generated-corpus\crew_member\0264_c0000001-0001-0001-0001-000000000003.jpg","crew_member","2","87541"
"265","F:\NCKH\Product\Martime_product_v1.1\edge_product\edge-services\uploads\crew\documents\health_documents\3bfa3d0b-d2f5-4236-b967-4a270f65e326_yellow_fever.png","F:\NCKH\Product\Martime_product_v1.1\artifacts\research-sync\metadata-first-benchmark-1000\generated-corpus\health_document\0265_3bfa3d0b-d2f5-4236-b967-4a270f65e326_yellow_fever.png","health_document","3","576399"
"266","F:\NCKH\Product\Martime_product_v1.1\edge_product\edge-services\uploads\crew\avatars\a0000001-0000-0000-0000-000000000001.jpg","F:\NCKH\Product\Martime_product_v1.1\artifacts\research-sync\metadata-first-benchmark-1000\generated-corpus\crew_member\0266_a0000001-0000-0000-0000-000000000001.jpg","crew_member","2","77331"
"267","F:\NCKH\Product\Martime_product_v1.1\edge_product\edge-services\uploads\crew\documents\travel_documents\c0000001-0001-0001-0001-000000000001_visa_20260225112400811.png","F:\NCKH\Product\Martime_product_v1.1\artifacts\research-sync\metadata-first-benchmark-1000\generated-corpus\travel_document\0267_c0000001-0001-0001-0001-000000000001_visa_20260225112400811.png","travel_document","3","288226"
"268","F:\NCKH\Product\Martime_product_v1.1\edge_product\edge-services\uploads\crew\avatars\68000000-0000-4000-8000-000000000008-avatar-fdde8623c2ba412bab9cea83aa252de4.png","F:\NCKH\Product\Martime_product_v1.1\artifacts\research-sync\metadata-first-benchmark-1000\generated-corpus\crew_member\0268_68000000-0000-4000-8000-000000000008-avatar-fdde8623c2ba412bab9cea83aa252de4.png","crew_member","2","68"
"269","F:\NCKH\Product\Martime_product_v1.1\edge_product\edge-services\uploads\crew\documents\travel_documents\c0000001-0001-0001-0001-000000000001_visa_20260225112400811.png","F:\NCKH\Product\Martime_product_v1.1\artifacts\research-sync\metadata-first-benchmark-1000\generated-corpus\travel_document\0269_c0000001-0001-0001-0001-000000000001_visa_20260225112400811.png","travel_document","3","288226"
"270","F:\NCKH\Product\Martime_product_v1.1\edge_product\edge-services\uploads\crew\documents\travel_documents\3bfa3d0b-d2f5-4236-b967-4a270f65e326_passport.webp","F:\NCKH\Product\Martime_product_v1.1\artifacts\research-sync\metadata-first-benchmark-1000\generated-corpus\travel_document\0270_3bfa3d0b-d2f5-4236-b967-4a270f65e326_passport.webp","travel_document","3","136104"
"271","F:\NCKH\Product\Martime_product_v1.1\edge_product\edge-services\uploads\crew\documents\health_documents\c0000001-0001-0001-0001-000000000001_medical.png","F:\NCKH\Product\Martime_product_v1.1\artifacts\research-sync\metadata-first-benchmark-1000\generated-corpus\health_document\0271_c0000001-0001-0001-0001-000000000001_medical.png","health_document","3","473003"
"272","F:\NCKH\Product\Martime_product_v1.1\edge_product\edge-services\uploads\crew\avatars\a0000001-0000-0000-0000-000000000001.jpg","F:\NCKH\Product\Martime_product_v1.1\artifacts\research-sync\metadata-first-benchmark-1000\generated-corpus\crew_member\0272_a0000001-0000-0000-0000-000000000001.jpg","crew_member","2","77331"
"273","F:\NCKH\Product\Martime_product_v1.1\edge_product\edge-services\uploads\crew\documents\travel_documents\3bfa3d0b-d2f5-4236-b967-4a270f65e326_visa.png","F:\NCKH\Product\Martime_product_v1.1\artifacts\research-sync\metadata-first-benchmark-1000\generated-corpus\travel_document\0273_3bfa3d0b-d2f5-4236-b967-4a270f65e326_visa.png","travel_document","3","473003"
"274","F:\NCKH\Product\Martime_product_v1.1\edge_product\edge-services\uploads\crew\avatars\68000000-0000-4000-8000-000000000008-avatar-fdde8623c2ba412bab9cea83aa252de4.png","F:\NCKH\Product\Martime_product_v1.1\artifacts\research-sync\metadata-first-benchmark-1000\generated-corpus\crew_member\0274_68000000-0000-4000-8000-000000000008-avatar-fdde8623c2ba412bab9cea83aa252de4.png","crew_member","2","68"
"275","F:\NCKH\Product\Martime_product_v1.1\edge_product\edge-services\uploads\crew\certificates\cert_31_20260225172956.png","F:\NCKH\Product\Martime_product_v1.1\artifacts\research-sync\metadata-first-benchmark-1000\generated-corpus\crew_certificate\0275_cert_31_20260225172956.png","crew_certificate","2","1023525"
"276","F:\NCKH\Product\Martime_product_v1.1\edge_product\edge-services\uploads\crew\avatars\c0000001-0001-0001-0001-000000000001.jpg","F:\NCKH\Product\Martime_product_v1.1\artifacts\research-sync\metadata-first-benchmark-1000\generated-corpus\crew_member\0276_c0000001-0001-0001-0001-000000000001.jpg","crew_member","2","77331"
"277","F:\NCKH\Product\Martime_product_v1.1\edge_product\edge-services\uploads\crew\avatars\c0000001-0001-0001-0001-000000000001.jpg","F:\NCKH\Product\Martime_product_v1.1\artifacts\research-sync\metadata-first-benchmark-1000\generated-corpus\crew_member\0277_c0000001-0001-0001-0001-000000000001.jpg","crew_member","2","77331"
"278","F:\NCKH\Product\Martime_product_v1.1\edge_product\edge-services\uploads\crew\documents\travel_documents\3bfa3d0b-d2f5-4236-b967-4a270f65e326_passport.webp","F:\NCKH\Product\Martime_product_v1.1\artifacts\research-sync\metadata-first-benchmark-1000\generated-corpus\travel_document\0278_3bfa3d0b-d2f5-4236-b967-4a270f65e326_passport.webp","travel_document","3","136104"
"279","F:\NCKH\Product\Martime_product_v1.1\edge_product\edge-services\uploads\crew\avatars\68000000-0000-4000-8000-000000000008-avatar-fdde8623c2ba412bab9cea83aa252de4.png","F:\NCKH\Product\Martime_product_v1.1\artifacts\research-sync\metadata-first-benchmark-1000\generated-corpus\crew_member\0279_68000000-0000-4000-8000-000000000008-avatar-fdde8623c2ba412bab9cea83aa252de4.png","crew_member","2","68"
"280","F:\NCKH\Product\Martime_product_v1.1\edge_product\edge-services\uploads\crew\documents\health_documents\3bfa3d0b-d2f5-4236-b967-4a270f65e326_yellow_fever.png","F:\NCKH\Product\Martime_product_v1.1\artifacts\research-sync\metadata-first-benchmark-1000\generated-corpus\health_document\0280_3bfa3d0b-d2f5-4236-b967-4a270f65e326_yellow_fever.png","health_document","3","576399"
"281","F:\NCKH\Product\Martime_product_v1.1\edge_product\edge-services\uploads\crew\documents\health_documents\c0000001-0001-0001-0001-000000000001_medical.png","F:\NCKH\Product\Martime_product_v1.1\artifacts\research-sync\metadata-first-benchmark-1000\generated-corpus\health_document\0281_c0000001-0001-0001-0001-000000000001_medical.png","health_document","3","473003"
"282","F:\NCKH\Product\Martime_product_v1.1\edge_product\edge-services\uploads\crew\documents\health_documents\c0000001-0001-0001-0001-000000000001_medical.png","F:\NCKH\Product\Martime_product_v1.1\artifacts\research-sync\metadata-first-benchmark-1000\generated-corpus\health_document\0282_c0000001-0001-0001-0001-000000000001_medical.png","health_document","3","473003"
"283","F:\NCKH\Product\Martime_product_v1.1\edge_product\edge-services\uploads\crew\documents\travel_documents\3bfa3d0b-d2f5-4236-b967-4a270f65e326_passport.webp","F:\NCKH\Product\Martime_product_v1.1\artifacts\research-sync\metadata-first-benchmark-1000\generated-corpus\travel_document\0283_3bfa3d0b-d2f5-4236-b967-4a270f65e326_passport.webp","travel_document","3","136104"
"284","F:\NCKH\Product\Martime_product_v1.1\edge_product\edge-services\uploads\crew\avatars\68000000-0000-4000-8000-000000000008-avatar-fdde8623c2ba412bab9cea83aa252de4.png","F:\NCKH\Product\Martime_product_v1.1\artifacts\research-sync\metadata-first-benchmark-1000\generated-corpus\crew_member\0284_68000000-0000-4000-8000-000000000008-avatar-fdde8623c2ba412bab9cea83aa252de4.png","crew_member","2","68"
"285","F:\NCKH\Product\Martime_product_v1.1\edge_product\edge-services\uploads\crew\certificates\cert_31_20260225172956.png","F:\NCKH\Product\Martime_product_v1.1\artifacts\research-sync\metadata-first-benchmark-1000\generated-corpus\crew_certificate\0285_cert_31_20260225172956.png","crew_certificate","2","1023525"
"286","F:\NCKH\Product\Martime_product_v1.1\edge_product\edge-services\uploads\crew\documents\health_documents\3bfa3d0b-d2f5-4236-b967-4a270f65e326_yellow_fever.png","F:\NCKH\Product\Martime_product_v1.1\artifacts\research-sync\metadata-first-benchmark-1000\generated-corpus\health_document\0286_3bfa3d0b-d2f5-4236-b967-4a270f65e326_yellow_fever.png","health_document","3","576399"
"287","F:\NCKH\Product\Martime_product_v1.1\edge_product\edge-services\uploads\crew\avatars\c0000001-0001-0001-0001-000000000001.jpg","F:\NCKH\Product\Martime_product_v1.1\artifacts\research-sync\metadata-first-benchmark-1000\generated-corpus\crew_member\0287_c0000001-0001-0001-0001-000000000001.jpg","crew_member","2","77331"
"288","F:\NCKH\Product\Martime_product_v1.1\edge_product\edge-services\uploads\crew\documents\health_documents\c0000001-0001-0001-0001-000000000001_medical.png","F:\NCKH\Product\Martime_product_v1.1\artifacts\research-sync\metadata-first-benchmark-1000\generated-corpus\health_document\0288_c0000001-0001-0001-0001-000000000001_medical.png","health_document","3","473003"
"289","F:\NCKH\Product\Martime_product_v1.1\edge_product\edge-services\uploads\crew\avatars\c0000001-0001-0001-0001-000000000003.jpg","F:\NCKH\Product\Martime_product_v1.1\artifacts\research-sync\metadata-first-benchmark-1000\generated-corpus\crew_member\0289_c0000001-0001-0001-0001-000000000003.jpg","crew_member","2","87541"
"290","F:\NCKH\Product\Martime_product_v1.1\edge_product\edge-services\uploads\crew\documents\travel_documents\c0000001-0001-0001-0001-000000000001_visa_20260225112400811.png","F:\NCKH\Product\Martime_product_v1.1\artifacts\research-sync\metadata-first-benchmark-1000\generated-corpus\travel_document\0290_c0000001-0001-0001-0001-000000000001_visa_20260225112400811.png","travel_document","3","288226"
"291","F:\NCKH\Product\Martime_product_v1.1\edge_product\edge-services\uploads\crew\documents\health_documents\3bfa3d0b-d2f5-4236-b967-4a270f65e326_yellow_fever.png","F:\NCKH\Product\Martime_product_v1.1\artifacts\research-sync\metadata-first-benchmark-1000\generated-corpus\health_document\0291_3bfa3d0b-d2f5-4236-b967-4a270f65e326_yellow_fever.png","health_document","3","576399"
"292","F:\NCKH\Product\Martime_product_v1.1\edge_product\edge-services\uploads\crew\documents\travel_documents\c0000001-0001-0001-0001-000000000003_passport.jpg","F:\NCKH\Product\Martime_product_v1.1\artifacts\research-sync\metadata-first-benchmark-1000\generated-corpus\travel_document\0292_c0000001-0001-0001-0001-000000000003_passport.jpg","travel_document","3","526059"
"293","F:\NCKH\Product\Martime_product_v1.1\edge_product\edge-services\uploads\crew\avatars\c0000001-0001-0001-0001-000000000001.jpg","F:\NCKH\Product\Martime_product_v1.1\artifacts\research-sync\metadata-first-benchmark-1000\generated-corpus\crew_member\0293_c0000001-0001-0001-0001-000000000001.jpg","crew_member","2","77331"
"294","F:\NCKH\Product\Martime_product_v1.1\edge_product\edge-services\uploads\crew\documents\travel_documents\c0000001-0001-0001-0001-000000000001_visa_20260225112400811.png","F:\NCKH\Product\Martime_product_v1.1\artifacts\research-sync\metadata-first-benchmark-1000\generated-corpus\travel_document\0294_c0000001-0001-0001-0001-000000000001_visa_20260225112400811.png","travel_document","3","288226"
"295","F:\NCKH\Product\Martime_product_v1.1\edge_product\edge-services\uploads\crew\documents\travel_documents\3bfa3d0b-d2f5-4236-b967-4a270f65e326_passport.webp","F:\NCKH\Product\Martime_product_v1.1\artifacts\research-sync\metadata-first-benchmark-1000\generated-corpus\travel_document\0295_3bfa3d0b-d2f5-4236-b967-4a270f65e326_passport.webp","travel_document","3","136104"
"296","F:\NCKH\Product\Martime_product_v1.1\edge_product\edge-services\uploads\crew\avatars\c0000001-0001-0001-0001-000000000003.jpg","F:\NCKH\Product\Martime_product_v1.1\artifacts\research-sync\metadata-first-benchmark-1000\generated-corpus\crew_member\0296_c0000001-0001-0001-0001-000000000003.jpg","crew_member","2","87541"
"297","F:\NCKH\Product\Martime_product_v1.1\edge_product\edge-services\uploads\crew\certificates\cert_31_20260225172956.png","F:\NCKH\Product\Martime_product_v1.1\artifacts\research-sync\metadata-first-benchmark-1000\generated-corpus\crew_certificate\0297_cert_31_20260225172956.png","crew_certificate","2","1023525"
"298","F:\NCKH\Product\Martime_product_v1.1\edge_product\edge-services\uploads\crew\documents\travel_documents\c0000001-0001-0001-0001-000000000003_passport.jpg","F:\NCKH\Product\Martime_product_v1.1\artifacts\research-sync\metadata-first-benchmark-1000\generated-corpus\travel_document\0298_c0000001-0001-0001-0001-000000000003_passport.jpg","travel_document","3","526059"
"299","F:\NCKH\Product\Martime_product_v1.1\edge_product\edge-services\uploads\crew\avatars\68000000-0000-4000-8000-000000000008-avatar-fdde8623c2ba412bab9cea83aa252de4.png","F:\NCKH\Product\Martime_product_v1.1\artifacts\research-sync\metadata-first-benchmark-1000\generated-corpus\crew_member\0299_68000000-0000-4000-8000-000000000008-avatar-fdde8623c2ba412bab9cea83aa252de4.png","crew_member","2","68"
"300","F:\NCKH\Product\Martime_product_v1.1\edge_product\edge-services\uploads\crew\documents\travel_documents\c0000001-0001-0001-0001-000000000003_passport.jpg","F:\NCKH\Product\Martime_product_v1.1\artifacts\research-sync\metadata-first-benchmark-1000\generated-corpus\travel_document\0300_c0000001-0001-0001-0001-000000000003_passport.jpg","travel_document","3","526059"
"301","F:\NCKH\Product\Martime_product_v1.1\edge_product\edge-services\uploads\crew\documents\health_documents\3bfa3d0b-d2f5-4236-b967-4a270f65e326_yellow_fever.png","F:\NCKH\Product\Martime_product_v1.1\artifacts\research-sync\metadata-first-benchmark-1000\generated-corpus\health_document\0301_3bfa3d0b-d2f5-4236-b967-4a270f65e326_yellow_fever.png","health_document","3","576399"
"302","F:\NCKH\Product\Martime_product_v1.1\edge_product\edge-services\uploads\crew\documents\travel_documents\c0000001-0001-0001-0001-000000000001_visa.png","F:\NCKH\Product\Martime_product_v1.1\artifacts\research-sync\metadata-first-benchmark-1000\generated-corpus\travel_document\0302_c0000001-0001-0001-0001-000000000001_visa.png","travel_document","3","314715"
"303","F:\NCKH\Product\Martime_product_v1.1\edge_product\edge-services\uploads\crew\avatars\c0000001-0001-0001-0001-000000000001.jpg","F:\NCKH\Product\Martime_product_v1.1\artifacts\research-sync\metadata-first-benchmark-1000\generated-corpus\crew_member\0303_c0000001-0001-0001-0001-000000000001.jpg","crew_member","2","77331"
"304","F:\NCKH\Product\Martime_product_v1.1\edge_product\edge-services\uploads\crew\avatars\a0000001-0000-0000-0000-000000000001.jpg","F:\NCKH\Product\Martime_product_v1.1\artifacts\research-sync\metadata-first-benchmark-1000\generated-corpus\crew_member\0304_a0000001-0000-0000-0000-000000000001.jpg","crew_member","2","77331"
"305","F:\NCKH\Product\Martime_product_v1.1\edge_product\edge-services\uploads\crew\documents\travel_documents\c0000001-0001-0001-0001-000000000001_visa.png","F:\NCKH\Product\Martime_product_v1.1\artifacts\research-sync\metadata-first-benchmark-1000\generated-corpus\travel_document\0305_c0000001-0001-0001-0001-000000000001_visa.png","travel_document","3","314715"
"306","F:\NCKH\Product\Martime_product_v1.1\edge_product\edge-services\uploads\crew\avatars\a0000001-0000-0000-0000-000000000001.jpg","F:\NCKH\Product\Martime_product_v1.1\artifacts\research-sync\metadata-first-benchmark-1000\generated-corpus\crew_member\0306_a0000001-0000-0000-0000-000000000001.jpg","crew_member","2","77331"
"307","F:\NCKH\Product\Martime_product_v1.1\edge_product\edge-services\uploads\crew\documents\health_documents\c0000001-0001-0001-0001-000000000001_medical.png","F:\NCKH\Product\Martime_product_v1.1\artifacts\research-sync\metadata-first-benchmark-1000\generated-corpus\health_document\0307_c0000001-0001-0001-0001-000000000001_medical.png","health_document","3","473003"
"308","F:\NCKH\Product\Martime_product_v1.1\edge_product\edge-services\uploads\crew\documents\travel_documents\3bfa3d0b-d2f5-4236-b967-4a270f65e326_passport.webp","F:\NCKH\Product\Martime_product_v1.1\artifacts\research-sync\metadata-first-benchmark-1000\generated-corpus\travel_document\0308_3bfa3d0b-d2f5-4236-b967-4a270f65e326_passport.webp","travel_document","3","136104"
"309","F:\NCKH\Product\Martime_product_v1.1\edge_product\edge-services\uploads\crew\certificates\cert_31_20260225172956.png","F:\NCKH\Product\Martime_product_v1.1\artifacts\research-sync\metadata-first-benchmark-1000\generated-corpus\crew_certificate\0309_cert_31_20260225172956.png","crew_certificate","2","1023525"
"310","F:\NCKH\Product\Martime_product_v1.1\edge_product\edge-services\uploads\crew\documents\travel_documents\3bfa3d0b-d2f5-4236-b967-4a270f65e326_passport.webp","F:\NCKH\Product\Martime_product_v1.1\artifacts\research-sync\metadata-first-benchmark-1000\generated-corpus\travel_document\0310_3bfa3d0b-d2f5-4236-b967-4a270f65e326_passport.webp","travel_document","3","136104"
"311","F:\NCKH\Product\Martime_product_v1.1\edge_product\edge-services\uploads\crew\documents\travel_documents\c0000001-0001-0001-0001-000000000003_passport.jpg","F:\NCKH\Product\Martime_product_v1.1\artifacts\research-sync\metadata-first-benchmark-1000\generated-corpus\travel_document\0311_c0000001-0001-0001-0001-000000000003_passport.jpg","travel_document","3","526059"
"312","F:\NCKH\Product\Martime_product_v1.1\edge_product\edge-services\uploads\crew\documents\travel_documents\c0000001-0001-0001-0001-000000000001_visa_20260225112400811.png","F:\NCKH\Product\Martime_product_v1.1\artifacts\research-sync\metadata-first-benchmark-1000\generated-corpus\travel_document\0312_c0000001-0001-0001-0001-000000000001_visa_20260225112400811.png","travel_document","3","288226"
"313","F:\NCKH\Product\Martime_product_v1.1\edge_product\edge-services\uploads\crew\documents\travel_documents\c0000001-0001-0001-0001-000000000001_visa_20260225112400811.png","F:\NCKH\Product\Martime_product_v1.1\artifacts\research-sync\metadata-first-benchmark-1000\generated-corpus\travel_document\0313_c0000001-0001-0001-0001-000000000001_visa_20260225112400811.png","travel_document","3","288226"
"314","F:\NCKH\Product\Martime_product_v1.1\edge_product\edge-services\uploads\crew\documents\health_documents\3bfa3d0b-d2f5-4236-b967-4a270f65e326_yellow_fever.png","F:\NCKH\Product\Martime_product_v1.1\artifacts\research-sync\metadata-first-benchmark-1000\generated-corpus\health_document\0314_3bfa3d0b-d2f5-4236-b967-4a270f65e326_yellow_fever.png","health_document","3","576399"
"315","F:\NCKH\Product\Martime_product_v1.1\edge_product\edge-services\uploads\crew\documents\travel_documents\c0000001-0001-0001-0001-000000000003_passport.jpg","F:\NCKH\Product\Martime_product_v1.1\artifacts\research-sync\metadata-first-benchmark-1000\generated-corpus\travel_document\0315_c0000001-0001-0001-0001-000000000003_passport.jpg","travel_document","3","526059"
"316","F:\NCKH\Product\Martime_product_v1.1\edge_product\edge-services\uploads\crew\documents\health_documents\3bfa3d0b-d2f5-4236-b967-4a270f65e326_yellow_fever.png","F:\NCKH\Product\Martime_product_v1.1\artifacts\research-sync\metadata-first-benchmark-1000\generated-corpus\health_document\0316_3bfa3d0b-d2f5-4236-b967-4a270f65e326_yellow_fever.png","health_document","3","576399"
"317","F:\NCKH\Product\Martime_product_v1.1\edge_product\edge-services\uploads\crew\documents\travel_documents\c0000001-0001-0001-0001-000000000001_visa.png","F:\NCKH\Product\Martime_product_v1.1\artifacts\research-sync\metadata-first-benchmark-1000\generated-corpus\travel_document\0317_c0000001-0001-0001-0001-000000000001_visa.png","travel_document","3","314715"
"318","F:\NCKH\Product\Martime_product_v1.1\edge_product\edge-services\uploads\crew\documents\travel_documents\3bfa3d0b-d2f5-4236-b967-4a270f65e326_visa.png","F:\NCKH\Product\Martime_product_v1.1\artifacts\research-sync\metadata-first-benchmark-1000\generated-corpus\travel_document\0318_3bfa3d0b-d2f5-4236-b967-4a270f65e326_visa.png","travel_document","3","473003"
"319","F:\NCKH\Product\Martime_product_v1.1\edge_product\edge-services\uploads\crew\documents\travel_documents\c0000001-0001-0001-0001-000000000001_visa_20260225112400811.png","F:\NCKH\Product\Martime_product_v1.1\artifacts\research-sync\metadata-first-benchmark-1000\generated-corpus\travel_document\0319_c0000001-0001-0001-0001-000000000001_visa_20260225112400811.png","travel_document","3","288226"
"320","F:\NCKH\Product\Martime_product_v1.1\edge_product\edge-services\uploads\crew\avatars\68000000-0000-4000-8000-000000000008-avatar-fdde8623c2ba412bab9cea83aa252de4.png","F:\NCKH\Product\Martime_product_v1.1\artifacts\research-sync\metadata-first-benchmark-1000\generated-corpus\crew_member\0320_68000000-0000-4000-8000-000000000008-avatar-fdde8623c2ba412bab9cea83aa252de4.png","crew_member","2","68"
"321","F:\NCKH\Product\Martime_product_v1.1\edge_product\edge-services\uploads\crew\documents\travel_documents\c0000001-0001-0001-0001-000000000003_passport.jpg","F:\NCKH\Product\Martime_product_v1.1\artifacts\research-sync\metadata-first-benchmark-1000\generated-corpus\travel_document\0321_c0000001-0001-0001-0001-000000000003_passport.jpg","travel_document","3","526059"
"322","F:\NCKH\Product\Martime_product_v1.1\edge_product\edge-services\uploads\crew\avatars\c0000001-0001-0001-0001-000000000003.jpg","F:\NCKH\Product\Martime_product_v1.1\artifacts\research-sync\metadata-first-benchmark-1000\generated-corpus\crew_member\0322_c0000001-0001-0001-0001-000000000003.jpg","crew_member","2","87541"
"323","F:\NCKH\Product\Martime_product_v1.1\edge_product\edge-services\uploads\crew\documents\travel_documents\3bfa3d0b-d2f5-4236-b967-4a270f65e326_visa.png","F:\NCKH\Product\Martime_product_v1.1\artifacts\research-sync\metadata-first-benchmark-1000\generated-corpus\travel_document\0323_3bfa3d0b-d2f5-4236-b967-4a270f65e326_visa.png","travel_document","3","473003"
"324","F:\NCKH\Product\Martime_product_v1.1\edge_product\edge-services\uploads\crew\documents\travel_documents\c0000001-0001-0001-0001-000000000003_passport.jpg","F:\NCKH\Product\Martime_product_v1.1\artifacts\research-sync\metadata-first-benchmark-1000\generated-corpus\travel_document\0324_c0000001-0001-0001-0001-000000000003_passport.jpg","travel_document","3","526059"
"325","F:\NCKH\Product\Martime_product_v1.1\edge_product\edge-services\uploads\crew\avatars\c0000001-0001-0001-0001-000000000001.jpg","F:\NCKH\Product\Martime_product_v1.1\artifacts\research-sync\metadata-first-benchmark-1000\generated-corpus\crew_member\0325_c0000001-0001-0001-0001-000000000001.jpg","crew_member","2","77331"
"326","F:\NCKH\Product\Martime_product_v1.1\edge_product\edge-services\uploads\crew\documents\travel_documents\3bfa3d0b-d2f5-4236-b967-4a270f65e326_passport.webp","F:\NCKH\Product\Martime_product_v1.1\artifacts\research-sync\metadata-first-benchmark-1000\generated-corpus\travel_document\0326_3bfa3d0b-d2f5-4236-b967-4a270f65e326_passport.webp","travel_document","3","136104"
"327","F:\NCKH\Product\Martime_product_v1.1\edge_product\edge-services\uploads\crew\documents\travel_documents\c0000001-0001-0001-0001-000000000001_visa_20260225112400811.png","F:\NCKH\Product\Martime_product_v1.1\artifacts\research-sync\metadata-first-benchmark-1000\generated-corpus\travel_document\0327_c0000001-0001-0001-0001-000000000001_visa_20260225112400811.png","travel_document","3","288226"
"328","F:\NCKH\Product\Martime_product_v1.1\edge_product\edge-services\uploads\crew\documents\travel_documents\c0000001-0001-0001-0001-000000000001_visa.png","F:\NCKH\Product\Martime_product_v1.1\artifacts\research-sync\metadata-first-benchmark-1000\generated-corpus\travel_document\0328_c0000001-0001-0001-0001-000000000001_visa.png","travel_document","3","314715"
"329","F:\NCKH\Product\Martime_product_v1.1\edge_product\edge-services\uploads\crew\documents\health_documents\3bfa3d0b-d2f5-4236-b967-4a270f65e326_yellow_fever.png","F:\NCKH\Product\Martime_product_v1.1\artifacts\research-sync\metadata-first-benchmark-1000\generated-corpus\health_document\0329_3bfa3d0b-d2f5-4236-b967-4a270f65e326_yellow_fever.png","health_document","3","576399"
"330","F:\NCKH\Product\Martime_product_v1.1\edge_product\edge-services\uploads\crew\avatars\68000000-0000-4000-8000-000000000008-avatar-fdde8623c2ba412bab9cea83aa252de4.png","F:\NCKH\Product\Martime_product_v1.1\artifacts\research-sync\metadata-first-benchmark-1000\generated-corpus\crew_member\0330_68000000-0000-4000-8000-000000000008-avatar-fdde8623c2ba412bab9cea83aa252de4.png","crew_member","2","68"
"331","F:\NCKH\Product\Martime_product_v1.1\edge_product\edge-services\uploads\crew\documents\travel_documents\c0000001-0001-0001-0001-000000000001_visa.png","F:\NCKH\Product\Martime_product_v1.1\artifacts\research-sync\metadata-first-benchmark-1000\generated-corpus\travel_document\0331_c0000001-0001-0001-0001-000000000001_visa.png","travel_document","3","314715"
"332","F:\NCKH\Product\Martime_product_v1.1\edge_product\edge-services\uploads\crew\avatars\c0000001-0001-0001-0001-000000000003.jpg","F:\NCKH\Product\Martime_product_v1.1\artifacts\research-sync\metadata-first-benchmark-1000\generated-corpus\crew_member\0332_c0000001-0001-0001-0001-000000000003.jpg","crew_member","2","87541"
"333","F:\NCKH\Product\Martime_product_v1.1\edge_product\edge-services\uploads\crew\documents\health_documents\c0000001-0001-0001-0001-000000000001_medical.png","F:\NCKH\Product\Martime_product_v1.1\artifacts\research-sync\metadata-first-benchmark-1000\generated-corpus\health_document\0333_c0000001-0001-0001-0001-000000000001_medical.png","health_document","3","473003"
"334","F:\NCKH\Product\Martime_product_v1.1\edge_product\edge-services\uploads\crew\avatars\a0000001-0000-0000-0000-000000000001.jpg","F:\NCKH\Product\Martime_product_v1.1\artifacts\research-sync\metadata-first-benchmark-1000\generated-corpus\crew_member\0334_a0000001-0000-0000-0000-000000000001.jpg","crew_member","2","77331"
"335","F:\NCKH\Product\Martime_product_v1.1\edge_product\edge-services\uploads\crew\avatars\68000000-0000-4000-8000-000000000008-avatar-fdde8623c2ba412bab9cea83aa252de4.png","F:\NCKH\Product\Martime_product_v1.1\artifacts\research-sync\metadata-first-benchmark-1000\generated-corpus\crew_member\0335_68000000-0000-4000-8000-000000000008-avatar-fdde8623c2ba412bab9cea83aa252de4.png","crew_member","2","68"
"336","F:\NCKH\Product\Martime_product_v1.1\edge_product\edge-services\uploads\crew\documents\travel_documents\3bfa3d0b-d2f5-4236-b967-4a270f65e326_visa.png","F:\NCKH\Product\Martime_product_v1.1\artifacts\research-sync\metadata-first-benchmark-1000\generated-corpus\travel_document\0336_3bfa3d0b-d2f5-4236-b967-4a270f65e326_visa.png","travel_document","3","473003"
"337","F:\NCKH\Product\Martime_product_v1.1\edge_product\edge-services\uploads\crew\certificates\cert_31_20260225172956.png","F:\NCKH\Product\Martime_product_v1.1\artifacts\research-sync\metadata-first-benchmark-1000\generated-corpus\crew_certificate\0337_cert_31_20260225172956.png","crew_certificate","2","1023525"
"338","F:\NCKH\Product\Martime_product_v1.1\edge_product\edge-services\uploads\crew\documents\health_documents\3bfa3d0b-d2f5-4236-b967-4a270f65e326_yellow_fever.png","F:\NCKH\Product\Martime_product_v1.1\artifacts\research-sync\metadata-first-benchmark-1000\generated-corpus\health_document\0338_3bfa3d0b-d2f5-4236-b967-4a270f65e326_yellow_fever.png","health_document","3","576399"
"339","F:\NCKH\Product\Martime_product_v1.1\edge_product\edge-services\uploads\crew\avatars\c0000001-0001-0001-0001-000000000003.jpg","F:\NCKH\Product\Martime_product_v1.1\artifacts\research-sync\metadata-first-benchmark-1000\generated-corpus\crew_member\0339_c0000001-0001-0001-0001-000000000003.jpg","crew_member","2","87541"
"340","F:\NCKH\Product\Martime_product_v1.1\edge_product\edge-services\uploads\crew\avatars\c0000001-0001-0001-0001-000000000001.jpg","F:\NCKH\Product\Martime_product_v1.1\artifacts\research-sync\metadata-first-benchmark-1000\generated-corpus\crew_member\0340_c0000001-0001-0001-0001-000000000001.jpg","crew_member","2","77331"
"341","F:\NCKH\Product\Martime_product_v1.1\edge_product\edge-services\uploads\crew\documents\travel_documents\c0000001-0001-0001-0001-000000000003_passport.jpg","F:\NCKH\Product\Martime_product_v1.1\artifacts\research-sync\metadata-first-benchmark-1000\generated-corpus\travel_document\0341_c0000001-0001-0001-0001-000000000003_passport.jpg","travel_document","3","526059"
"342","F:\NCKH\Product\Martime_product_v1.1\edge_product\edge-services\uploads\crew\documents\travel_documents\3bfa3d0b-d2f5-4236-b967-4a270f65e326_passport.webp","F:\NCKH\Product\Martime_product_v1.1\artifacts\research-sync\metadata-first-benchmark-1000\generated-corpus\travel_document\0342_3bfa3d0b-d2f5-4236-b967-4a270f65e326_passport.webp","travel_document","3","136104"
"343","F:\NCKH\Product\Martime_product_v1.1\edge_product\edge-services\uploads\crew\avatars\c0000001-0001-0001-0001-000000000001.jpg","F:\NCKH\Product\Martime_product_v1.1\artifacts\research-sync\metadata-first-benchmark-1000\generated-corpus\crew_member\0343_c0000001-0001-0001-0001-000000000001.jpg","crew_member","2","77331"
"344","F:\NCKH\Product\Martime_product_v1.1\edge_product\edge-services\uploads\crew\documents\travel_documents\3bfa3d0b-d2f5-4236-b967-4a270f65e326_visa.png","F:\NCKH\Product\Martime_product_v1.1\artifacts\research-sync\metadata-first-benchmark-1000\generated-corpus\travel_document\0344_3bfa3d0b-d2f5-4236-b967-4a270f65e326_visa.png","travel_document","3","473003"
"345","F:\NCKH\Product\Martime_product_v1.1\edge_product\edge-services\uploads\crew\documents\travel_documents\c0000001-0001-0001-0001-000000000003_passport.jpg","F:\NCKH\Product\Martime_product_v1.1\artifacts\research-sync\metadata-first-benchmark-1000\generated-corpus\travel_document\0345_c0000001-0001-0001-0001-000000000003_passport.jpg","travel_document","3","526059"
"346","F:\NCKH\Product\Martime_product_v1.1\edge_product\edge-services\uploads\crew\documents\health_documents\c0000001-0001-0001-0001-000000000001_medical.png","F:\NCKH\Product\Martime_product_v1.1\artifacts\research-sync\metadata-first-benchmark-1000\generated-corpus\health_document\0346_c0000001-0001-0001-0001-000000000001_medical.png","health_document","3","473003"
"347","F:\NCKH\Product\Martime_product_v1.1\edge_product\edge-services\uploads\crew\avatars\68000000-0000-4000-8000-000000000008-avatar-fdde8623c2ba412bab9cea83aa252de4.png","F:\NCKH\Product\Martime_product_v1.1\artifacts\research-sync\metadata-first-benchmark-1000\generated-corpus\crew_member\0347_68000000-0000-4000-8000-000000000008-avatar-fdde8623c2ba412bab9cea83aa252de4.png","crew_member","2","68"
"348","F:\NCKH\Product\Martime_product_v1.1\edge_product\edge-services\uploads\crew\documents\travel_documents\c0000001-0001-0001-0001-000000000001_visa.png","F:\NCKH\Product\Martime_product_v1.1\artifacts\research-sync\metadata-first-benchmark-1000\generated-corpus\travel_document\0348_c0000001-0001-0001-0001-000000000001_visa.png","travel_document","3","314715"
"349","F:\NCKH\Product\Martime_product_v1.1\edge_product\edge-services\uploads\crew\documents\travel_documents\c0000001-0001-0001-0001-000000000001_visa_20260225112400811.png","F:\NCKH\Product\Martime_product_v1.1\artifacts\research-sync\metadata-first-benchmark-1000\generated-corpus\travel_document\0349_c0000001-0001-0001-0001-000000000001_visa_20260225112400811.png","travel_document","3","288226"
"350","F:\NCKH\Product\Martime_product_v1.1\edge_product\edge-services\uploads\crew\avatars\a0000001-0000-0000-0000-000000000001.jpg","F:\NCKH\Product\Martime_product_v1.1\artifacts\research-sync\metadata-first-benchmark-1000\generated-corpus\crew_member\0350_a0000001-0000-0000-0000-000000000001.jpg","crew_member","2","77331"
"351","F:\NCKH\Product\Martime_product_v1.1\edge_product\edge-services\uploads\crew\documents\health_documents\c0000001-0001-0001-0001-000000000001_medical.png","F:\NCKH\Product\Martime_product_v1.1\artifacts\research-sync\metadata-first-benchmark-1000\generated-corpus\health_document\0351_c0000001-0001-0001-0001-000000000001_medical.png","health_document","3","473003"
"352","F:\NCKH\Product\Martime_product_v1.1\edge_product\edge-services\uploads\crew\documents\travel_documents\3bfa3d0b-d2f5-4236-b967-4a270f65e326_visa.png","F:\NCKH\Product\Martime_product_v1.1\artifacts\research-sync\metadata-first-benchmark-1000\generated-corpus\travel_document\0352_3bfa3d0b-d2f5-4236-b967-4a270f65e326_visa.png","travel_document","3","473003"
"353","F:\NCKH\Product\Martime_product_v1.1\edge_product\edge-services\uploads\crew\avatars\a0000001-0000-0000-0000-000000000001.jpg","F:\NCKH\Product\Martime_product_v1.1\artifacts\research-sync\metadata-first-benchmark-1000\generated-corpus\crew_member\0353_a0000001-0000-0000-0000-000000000001.jpg","crew_member","2","77331"
"354","F:\NCKH\Product\Martime_product_v1.1\edge_product\edge-services\uploads\crew\avatars\68000000-0000-4000-8000-000000000008-avatar-fdde8623c2ba412bab9cea83aa252de4.png","F:\NCKH\Product\Martime_product_v1.1\artifacts\research-sync\metadata-first-benchmark-1000\generated-corpus\crew_member\0354_68000000-0000-4000-8000-000000000008-avatar-fdde8623c2ba412bab9cea83aa252de4.png","crew_member","2","68"
"355","F:\NCKH\Product\Martime_product_v1.1\edge_product\edge-services\uploads\crew\documents\travel_documents\c0000001-0001-0001-0001-000000000003_passport.jpg","F:\NCKH\Product\Martime_product_v1.1\artifacts\research-sync\metadata-first-benchmark-1000\generated-corpus\travel_document\0355_c0000001-0001-0001-0001-000000000003_passport.jpg","travel_document","3","526059"
"356","F:\NCKH\Product\Martime_product_v1.1\edge_product\edge-services\uploads\crew\avatars\c0000001-0001-0001-0001-000000000001.jpg","F:\NCKH\Product\Martime_product_v1.1\artifacts\research-sync\metadata-first-benchmark-1000\generated-corpus\crew_member\0356_c0000001-0001-0001-0001-000000000001.jpg","crew_member","2","77331"
"357","F:\NCKH\Product\Martime_product_v1.1\edge_product\edge-services\uploads\crew\avatars\68000000-0000-4000-8000-000000000008-avatar-fdde8623c2ba412bab9cea83aa252de4.png","F:\NCKH\Product\Martime_product_v1.1\artifacts\research-sync\metadata-first-benchmark-1000\generated-corpus\crew_member\0357_68000000-0000-4000-8000-000000000008-avatar-fdde8623c2ba412bab9cea83aa252de4.png","crew_member","2","68"
"358","F:\NCKH\Product\Martime_product_v1.1\edge_product\edge-services\uploads\crew\avatars\c0000001-0001-0001-0001-000000000001.jpg","F:\NCKH\Product\Martime_product_v1.1\artifacts\research-sync\metadata-first-benchmark-1000\generated-corpus\crew_member\0358_c0000001-0001-0001-0001-000000000001.jpg","crew_member","2","77331"
"359","F:\NCKH\Product\Martime_product_v1.1\edge_product\edge-services\uploads\crew\documents\travel_documents\c0000001-0001-0001-0001-000000000003_passport.jpg","F:\NCKH\Product\Martime_product_v1.1\artifacts\research-sync\metadata-first-benchmark-1000\generated-corpus\travel_document\0359_c0000001-0001-0001-0001-000000000003_passport.jpg","travel_document","3","526059"
"360","F:\NCKH\Product\Martime_product_v1.1\edge_product\edge-services\uploads\crew\avatars\c0000001-0001-0001-0001-000000000001.jpg","F:\NCKH\Product\Martime_product_v1.1\artifacts\research-sync\metadata-first-benchmark-1000\generated-corpus\crew_member\0360_c0000001-0001-0001-0001-000000000001.jpg","crew_member","2","77331"
"361","F:\NCKH\Product\Martime_product_v1.1\edge_product\edge-services\uploads\crew\avatars\c0000001-0001-0001-0001-000000000003.jpg","F:\NCKH\Product\Martime_product_v1.1\artifacts\research-sync\metadata-first-benchmark-1000\generated-corpus\crew_member\0361_c0000001-0001-0001-0001-000000000003.jpg","crew_member","2","87541"
"362","F:\NCKH\Product\Martime_product_v1.1\edge_product\edge-services\uploads\crew\documents\travel_documents\3bfa3d0b-d2f5-4236-b967-4a270f65e326_visa.png","F:\NCKH\Product\Martime_product_v1.1\artifacts\research-sync\metadata-first-benchmark-1000\generated-corpus\travel_document\0362_3bfa3d0b-d2f5-4236-b967-4a270f65e326_visa.png","travel_document","3","473003"
"363","F:\NCKH\Product\Martime_product_v1.1\edge_product\edge-services\uploads\crew\avatars\a0000001-0000-0000-0000-000000000001.jpg","F:\NCKH\Product\Martime_product_v1.1\artifacts\research-sync\metadata-first-benchmark-1000\generated-corpus\crew_member\0363_a0000001-0000-0000-0000-000000000001.jpg","crew_member","2","77331"
"364","F:\NCKH\Product\Martime_product_v1.1\edge_product\edge-services\uploads\crew\avatars\c0000001-0001-0001-0001-000000000003.jpg","F:\NCKH\Product\Martime_product_v1.1\artifacts\research-sync\metadata-first-benchmark-1000\generated-corpus\crew_member\0364_c0000001-0001-0001-0001-000000000003.jpg","crew_member","2","87541"
"365","F:\NCKH\Product\Martime_product_v1.1\edge_product\edge-services\uploads\crew\documents\travel_documents\c0000001-0001-0001-0001-000000000001_visa.png","F:\NCKH\Product\Martime_product_v1.1\artifacts\research-sync\metadata-first-benchmark-1000\generated-corpus\travel_document\0365_c0000001-0001-0001-0001-000000000001_visa.png","travel_document","3","314715"
"366","F:\NCKH\Product\Martime_product_v1.1\edge_product\edge-services\uploads\crew\documents\travel_documents\3bfa3d0b-d2f5-4236-b967-4a270f65e326_passport.webp","F:\NCKH\Product\Martime_product_v1.1\artifacts\research-sync\metadata-first-benchmark-1000\generated-corpus\travel_document\0366_3bfa3d0b-d2f5-4236-b967-4a270f65e326_passport.webp","travel_document","3","136104"
"367","F:\NCKH\Product\Martime_product_v1.1\edge_product\edge-services\uploads\crew\certificates\cert_31_20260225172956.png","F:\NCKH\Product\Martime_product_v1.1\artifacts\research-sync\metadata-first-benchmark-1000\generated-corpus\crew_certificate\0367_cert_31_20260225172956.png","crew_certificate","2","1023525"
"368","F:\NCKH\Product\Martime_product_v1.1\edge_product\edge-services\uploads\crew\documents\travel_documents\c0000001-0001-0001-0001-000000000001_visa.png","F:\NCKH\Product\Martime_product_v1.1\artifacts\research-sync\metadata-first-benchmark-1000\generated-corpus\travel_document\0368_c0000001-0001-0001-0001-000000000001_visa.png","travel_document","3","314715"
"369","F:\NCKH\Product\Martime_product_v1.1\edge_product\edge-services\uploads\crew\documents\health_documents\3bfa3d0b-d2f5-4236-b967-4a270f65e326_yellow_fever.png","F:\NCKH\Product\Martime_product_v1.1\artifacts\research-sync\metadata-first-benchmark-1000\generated-corpus\health_document\0369_3bfa3d0b-d2f5-4236-b967-4a270f65e326_yellow_fever.png","health_document","3","576399"
"370","F:\NCKH\Product\Martime_product_v1.1\edge_product\edge-services\uploads\crew\avatars\c0000001-0001-0001-0001-000000000001.jpg","F:\NCKH\Product\Martime_product_v1.1\artifacts\research-sync\metadata-first-benchmark-1000\generated-corpus\crew_member\0370_c0000001-0001-0001-0001-000000000001.jpg","crew_member","2","77331"
"371","F:\NCKH\Product\Martime_product_v1.1\edge_product\edge-services\uploads\crew\avatars\a0000001-0000-0000-0000-000000000001.jpg","F:\NCKH\Product\Martime_product_v1.1\artifacts\research-sync\metadata-first-benchmark-1000\generated-corpus\crew_member\0371_a0000001-0000-0000-0000-000000000001.jpg","crew_member","2","77331"
"372","F:\NCKH\Product\Martime_product_v1.1\edge_product\edge-services\uploads\crew\avatars\c0000001-0001-0001-0001-000000000003.jpg","F:\NCKH\Product\Martime_product_v1.1\artifacts\research-sync\metadata-first-benchmark-1000\generated-corpus\crew_member\0372_c0000001-0001-0001-0001-000000000003.jpg","crew_member","2","87541"
"373","F:\NCKH\Product\Martime_product_v1.1\edge_product\edge-services\uploads\crew\documents\health_documents\3bfa3d0b-d2f5-4236-b967-4a270f65e326_yellow_fever.png","F:\NCKH\Product\Martime_product_v1.1\artifacts\research-sync\metadata-first-benchmark-1000\generated-corpus\health_document\0373_3bfa3d0b-d2f5-4236-b967-4a270f65e326_yellow_fever.png","health_document","3","576399"
"374","F:\NCKH\Product\Martime_product_v1.1\edge_product\edge-services\uploads\crew\documents\travel_documents\3bfa3d0b-d2f5-4236-b967-4a270f65e326_visa.png","F:\NCKH\Product\Martime_product_v1.1\artifacts\research-sync\metadata-first-benchmark-1000\generated-corpus\travel_document\0374_3bfa3d0b-d2f5-4236-b967-4a270f65e326_visa.png","travel_document","3","473003"
"375","F:\NCKH\Product\Martime_product_v1.1\edge_product\edge-services\uploads\crew\avatars\68000000-0000-4000-8000-000000000008-avatar-fdde8623c2ba412bab9cea83aa252de4.png","F:\NCKH\Product\Martime_product_v1.1\artifacts\research-sync\metadata-first-benchmark-1000\generated-corpus\crew_member\0375_68000000-0000-4000-8000-000000000008-avatar-fdde8623c2ba412bab9cea83aa252de4.png","crew_member","2","68"
"376","F:\NCKH\Product\Martime_product_v1.1\edge_product\edge-services\uploads\crew\certificates\cert_31_20260225172956.png","F:\NCKH\Product\Martime_product_v1.1\artifacts\research-sync\metadata-first-benchmark-1000\generated-corpus\crew_certificate\0376_cert_31_20260225172956.png","crew_certificate","2","1023525"
"377","F:\NCKH\Product\Martime_product_v1.1\edge_product\edge-services\uploads\crew\avatars\a0000001-0000-0000-0000-000000000001.jpg","F:\NCKH\Product\Martime_product_v1.1\artifacts\research-sync\metadata-first-benchmark-1000\generated-corpus\crew_member\0377_a0000001-0000-0000-0000-000000000001.jpg","crew_member","2","77331"
"378","F:\NCKH\Product\Martime_product_v1.1\edge_product\edge-services\uploads\crew\avatars\68000000-0000-4000-8000-000000000008-avatar-fdde8623c2ba412bab9cea83aa252de4.png","F:\NCKH\Product\Martime_product_v1.1\artifacts\research-sync\metadata-first-benchmark-1000\generated-corpus\crew_member\0378_68000000-0000-4000-8000-000000000008-avatar-fdde8623c2ba412bab9cea83aa252de4.png","crew_member","2","68"
"379","F:\NCKH\Product\Martime_product_v1.1\edge_product\edge-services\uploads\crew\documents\travel_documents\c0000001-0001-0001-0001-000000000003_passport.jpg","F:\NCKH\Product\Martime_product_v1.1\artifacts\research-sync\metadata-first-benchmark-1000\generated-corpus\travel_document\0379_c0000001-0001-0001-0001-000000000003_passport.jpg","travel_document","3","526059"
"380","F:\NCKH\Product\Martime_product_v1.1\edge_product\edge-services\uploads\crew\documents\travel_documents\3bfa3d0b-d2f5-4236-b967-4a270f65e326_passport.webp","F:\NCKH\Product\Martime_product_v1.1\artifacts\research-sync\metadata-first-benchmark-1000\generated-corpus\travel_document\0380_3bfa3d0b-d2f5-4236-b967-4a270f65e326_passport.webp","travel_document","3","136104"
"381","F:\NCKH\Product\Martime_product_v1.1\edge_product\edge-services\uploads\crew\documents\health_documents\c0000001-0001-0001-0001-000000000001_medical.png","F:\NCKH\Product\Martime_product_v1.1\artifacts\research-sync\metadata-first-benchmark-1000\generated-corpus\health_document\0381_c0000001-0001-0001-0001-000000000001_medical.png","health_document","3","473003"
"382","F:\NCKH\Product\Martime_product_v1.1\edge_product\edge-services\uploads\crew\avatars\a0000001-0000-0000-0000-000000000001.jpg","F:\NCKH\Product\Martime_product_v1.1\artifacts\research-sync\metadata-first-benchmark-1000\generated-corpus\crew_member\0382_a0000001-0000-0000-0000-000000000001.jpg","crew_member","2","77331"
"383","F:\NCKH\Product\Martime_product_v1.1\edge_product\edge-services\uploads\crew\documents\travel_documents\c0000001-0001-0001-0001-000000000003_passport.jpg","F:\NCKH\Product\Martime_product_v1.1\artifacts\research-sync\metadata-first-benchmark-1000\generated-corpus\travel_document\0383_c0000001-0001-0001-0001-000000000003_passport.jpg","travel_document","3","526059"
"384","F:\NCKH\Product\Martime_product_v1.1\edge_product\edge-services\uploads\crew\certificates\cert_31_20260225172956.png","F:\NCKH\Product\Martime_product_v1.1\artifacts\research-sync\metadata-first-benchmark-1000\generated-corpus\crew_certificate\0384_cert_31_20260225172956.png","crew_certificate","2","1023525"
"385","F:\NCKH\Product\Martime_product_v1.1\edge_product\edge-services\uploads\crew\documents\health_documents\c0000001-0001-0001-0001-000000000001_medical.png","F:\NCKH\Product\Martime_product_v1.1\artifacts\research-sync\metadata-first-benchmark-1000\generated-corpus\health_document\0385_c0000001-0001-0001-0001-000000000001_medical.png","health_document","3","473003"
"386","F:\NCKH\Product\Martime_product_v1.1\edge_product\edge-services\uploads\crew\avatars\a0000001-0000-0000-0000-000000000001.jpg","F:\NCKH\Product\Martime_product_v1.1\artifacts\research-sync\metadata-first-benchmark-1000\generated-corpus\crew_member\0386_a0000001-0000-0000-0000-000000000001.jpg","crew_member","2","77331"
"387","F:\NCKH\Product\Martime_product_v1.1\edge_product\edge-services\uploads\crew\avatars\a0000001-0000-0000-0000-000000000001.jpg","F:\NCKH\Product\Martime_product_v1.1\artifacts\research-sync\metadata-first-benchmark-1000\generated-corpus\crew_member\0387_a0000001-0000-0000-0000-000000000001.jpg","crew_member","2","77331"
"388","F:\NCKH\Product\Martime_product_v1.1\edge_product\edge-services\uploads\crew\documents\health_documents\3bfa3d0b-d2f5-4236-b967-4a270f65e326_yellow_fever.png","F:\NCKH\Product\Martime_product_v1.1\artifacts\research-sync\metadata-first-benchmark-1000\generated-corpus\health_document\0388_3bfa3d0b-d2f5-4236-b967-4a270f65e326_yellow_fever.png","health_document","3","576399"
"389","F:\NCKH\Product\Martime_product_v1.1\edge_product\edge-services\uploads\crew\avatars\a0000001-0000-0000-0000-000000000001.jpg","F:\NCKH\Product\Martime_product_v1.1\artifacts\research-sync\metadata-first-benchmark-1000\generated-corpus\crew_member\0389_a0000001-0000-0000-0000-000000000001.jpg","crew_member","2","77331"
"390","F:\NCKH\Product\Martime_product_v1.1\edge_product\edge-services\uploads\crew\documents\travel_documents\c0000001-0001-0001-0001-000000000001_visa_20260225112400811.png","F:\NCKH\Product\Martime_product_v1.1\artifacts\research-sync\metadata-first-benchmark-1000\generated-corpus\travel_document\0390_c0000001-0001-0001-0001-000000000001_visa_20260225112400811.png","travel_document","3","288226"
"391","F:\NCKH\Product\Martime_product_v1.1\edge_product\edge-services\uploads\crew\documents\travel_documents\3bfa3d0b-d2f5-4236-b967-4a270f65e326_visa.png","F:\NCKH\Product\Martime_product_v1.1\artifacts\research-sync\metadata-first-benchmark-1000\generated-corpus\travel_document\0391_3bfa3d0b-d2f5-4236-b967-4a270f65e326_visa.png","travel_document","3","473003"
"392","F:\NCKH\Product\Martime_product_v1.1\edge_product\edge-services\uploads\crew\avatars\a0000001-0000-0000-0000-000000000001.jpg","F:\NCKH\Product\Martime_product_v1.1\artifacts\research-sync\metadata-first-benchmark-1000\generated-corpus\crew_member\0392_a0000001-0000-0000-0000-000000000001.jpg","crew_member","2","77331"
"393","F:\NCKH\Product\Martime_product_v1.1\edge_product\edge-services\uploads\crew\documents\health_documents\c0000001-0001-0001-0001-000000000001_medical.png","F:\NCKH\Product\Martime_product_v1.1\artifacts\research-sync\metadata-first-benchmark-1000\generated-corpus\health_document\0393_c0000001-0001-0001-0001-000000000001_medical.png","health_document","3","473003"
"394","F:\NCKH\Product\Martime_product_v1.1\edge_product\edge-services\uploads\crew\avatars\68000000-0000-4000-8000-000000000008-avatar-fdde8623c2ba412bab9cea83aa252de4.png","F:\NCKH\Product\Martime_product_v1.1\artifacts\research-sync\metadata-first-benchmark-1000\generated-corpus\crew_member\0394_68000000-0000-4000-8000-000000000008-avatar-fdde8623c2ba412bab9cea83aa252de4.png","crew_member","2","68"
"395","F:\NCKH\Product\Martime_product_v1.1\edge_product\edge-services\uploads\crew\documents\travel_documents\c0000001-0001-0001-0001-000000000001_visa_20260225112400811.png","F:\NCKH\Product\Martime_product_v1.1\artifacts\research-sync\metadata-first-benchmark-1000\generated-corpus\travel_document\0395_c0000001-0001-0001-0001-000000000001_visa_20260225112400811.png","travel_document","3","288226"
"396","F:\NCKH\Product\Martime_product_v1.1\edge_product\edge-services\uploads\crew\avatars\c0000001-0001-0001-0001-000000000001.jpg","F:\NCKH\Product\Martime_product_v1.1\artifacts\research-sync\metadata-first-benchmark-1000\generated-corpus\crew_member\0396_c0000001-0001-0001-0001-000000000001.jpg","crew_member","2","77331"
"397","F:\NCKH\Product\Martime_product_v1.1\edge_product\edge-services\uploads\crew\documents\health_documents\3bfa3d0b-d2f5-4236-b967-4a270f65e326_yellow_fever.png","F:\NCKH\Product\Martime_product_v1.1\artifacts\research-sync\metadata-first-benchmark-1000\generated-corpus\health_document\0397_3bfa3d0b-d2f5-4236-b967-4a270f65e326_yellow_fever.png","health_document","3","576399"
"398","F:\NCKH\Product\Martime_product_v1.1\edge_product\edge-services\uploads\crew\documents\travel_documents\c0000001-0001-0001-0001-000000000001_visa_20260225112400811.png","F:\NCKH\Product\Martime_product_v1.1\artifacts\research-sync\metadata-first-benchmark-1000\generated-corpus\travel_document\0398_c0000001-0001-0001-0001-000000000001_visa_20260225112400811.png","travel_document","3","288226"
"399","F:\NCKH\Product\Martime_product_v1.1\edge_product\edge-services\uploads\crew\documents\travel_documents\c0000001-0001-0001-0001-000000000003_passport.jpg","F:\NCKH\Product\Martime_product_v1.1\artifacts\research-sync\metadata-first-benchmark-1000\generated-corpus\travel_document\0399_c0000001-0001-0001-0001-000000000003_passport.jpg","travel_document","3","526059"
"400","F:\NCKH\Product\Martime_product_v1.1\edge_product\edge-services\uploads\crew\avatars\c0000001-0001-0001-0001-000000000003.jpg","F:\NCKH\Product\Martime_product_v1.1\artifacts\research-sync\metadata-first-benchmark-1000\generated-corpus\crew_member\0400_c0000001-0001-0001-0001-000000000003.jpg","crew_member","2","87541"
"401","F:\NCKH\Product\Martime_product_v1.1\edge_product\edge-services\uploads\crew\avatars\c0000001-0001-0001-0001-000000000001.jpg","F:\NCKH\Product\Martime_product_v1.1\artifacts\research-sync\metadata-first-benchmark-1000\generated-corpus\crew_member\0401_c0000001-0001-0001-0001-000000000001.jpg","crew_member","2","77331"
"402","F:\NCKH\Product\Martime_product_v1.1\edge_product\edge-services\uploads\crew\avatars\c0000001-0001-0001-0001-000000000003.jpg","F:\NCKH\Product\Martime_product_v1.1\artifacts\research-sync\metadata-first-benchmark-1000\generated-corpus\crew_member\0402_c0000001-0001-0001-0001-000000000003.jpg","crew_member","2","87541"
"403","F:\NCKH\Product\Martime_product_v1.1\edge_product\edge-services\uploads\crew\avatars\c0000001-0001-0001-0001-000000000003.jpg","F:\NCKH\Product\Martime_product_v1.1\artifacts\research-sync\metadata-first-benchmark-1000\generated-corpus\crew_member\0403_c0000001-0001-0001-0001-000000000003.jpg","crew_member","2","87541"
"404","F:\NCKH\Product\Martime_product_v1.1\edge_product\edge-services\uploads\crew\documents\travel_documents\3bfa3d0b-d2f5-4236-b967-4a270f65e326_visa.png","F:\NCKH\Product\Martime_product_v1.1\artifacts\research-sync\metadata-first-benchmark-1000\generated-corpus\travel_document\0404_3bfa3d0b-d2f5-4236-b967-4a270f65e326_visa.png","travel_document","3","473003"
"405","F:\NCKH\Product\Martime_product_v1.1\edge_product\edge-services\uploads\crew\documents\travel_documents\c0000001-0001-0001-0001-000000000003_passport.jpg","F:\NCKH\Product\Martime_product_v1.1\artifacts\research-sync\metadata-first-benchmark-1000\generated-corpus\travel_document\0405_c0000001-0001-0001-0001-000000000003_passport.jpg","travel_document","3","526059"
"406","F:\NCKH\Product\Martime_product_v1.1\edge_product\edge-services\uploads\crew\avatars\c0000001-0001-0001-0001-000000000001.jpg","F:\NCKH\Product\Martime_product_v1.1\artifacts\research-sync\metadata-first-benchmark-1000\generated-corpus\crew_member\0406_c0000001-0001-0001-0001-000000000001.jpg","crew_member","2","77331"
"407","F:\NCKH\Product\Martime_product_v1.1\edge_product\edge-services\uploads\crew\avatars\c0000001-0001-0001-0001-000000000003.jpg","F:\NCKH\Product\Martime_product_v1.1\artifacts\research-sync\metadata-first-benchmark-1000\generated-corpus\crew_member\0407_c0000001-0001-0001-0001-000000000003.jpg","crew_member","2","87541"
"408","F:\NCKH\Product\Martime_product_v1.1\edge_product\edge-services\uploads\crew\documents\health_documents\3bfa3d0b-d2f5-4236-b967-4a270f65e326_yellow_fever.png","F:\NCKH\Product\Martime_product_v1.1\artifacts\research-sync\metadata-first-benchmark-1000\generated-corpus\health_document\0408_3bfa3d0b-d2f5-4236-b967-4a270f65e326_yellow_fever.png","health_document","3","576399"
"409","F:\NCKH\Product\Martime_product_v1.1\edge_product\edge-services\uploads\crew\documents\travel_documents\c0000001-0001-0001-0001-000000000003_passport.jpg","F:\NCKH\Product\Martime_product_v1.1\artifacts\research-sync\metadata-first-benchmark-1000\generated-corpus\travel_document\0409_c0000001-0001-0001-0001-000000000003_passport.jpg","travel_document","3","526059"
"410","F:\NCKH\Product\Martime_product_v1.1\edge_product\edge-services\uploads\crew\documents\travel_documents\3bfa3d0b-d2f5-4236-b967-4a270f65e326_passport.webp","F:\NCKH\Product\Martime_product_v1.1\artifacts\research-sync\metadata-first-benchmark-1000\generated-corpus\travel_document\0410_3bfa3d0b-d2f5-4236-b967-4a270f65e326_passport.webp","travel_document","3","136104"
"411","F:\NCKH\Product\Martime_product_v1.1\edge_product\edge-services\uploads\crew\avatars\a0000001-0000-0000-0000-000000000001.jpg","F:\NCKH\Product\Martime_product_v1.1\artifacts\research-sync\metadata-first-benchmark-1000\generated-corpus\crew_member\0411_a0000001-0000-0000-0000-000000000001.jpg","crew_member","2","77331"
"412","F:\NCKH\Product\Martime_product_v1.1\edge_product\edge-services\uploads\crew\avatars\68000000-0000-4000-8000-000000000008-avatar-fdde8623c2ba412bab9cea83aa252de4.png","F:\NCKH\Product\Martime_product_v1.1\artifacts\research-sync\metadata-first-benchmark-1000\generated-corpus\crew_member\0412_68000000-0000-4000-8000-000000000008-avatar-fdde8623c2ba412bab9cea83aa252de4.png","crew_member","2","68"
"413","F:\NCKH\Product\Martime_product_v1.1\edge_product\edge-services\uploads\crew\avatars\c0000001-0001-0001-0001-000000000001.jpg","F:\NCKH\Product\Martime_product_v1.1\artifacts\research-sync\metadata-first-benchmark-1000\generated-corpus\crew_member\0413_c0000001-0001-0001-0001-000000000001.jpg","crew_member","2","77331"
"414","F:\NCKH\Product\Martime_product_v1.1\edge_product\edge-services\uploads\crew\avatars\c0000001-0001-0001-0001-000000000003.jpg","F:\NCKH\Product\Martime_product_v1.1\artifacts\research-sync\metadata-first-benchmark-1000\generated-corpus\crew_member\0414_c0000001-0001-0001-0001-000000000003.jpg","crew_member","2","87541"
"415","F:\NCKH\Product\Martime_product_v1.1\edge_product\edge-services\uploads\crew\documents\travel_documents\3bfa3d0b-d2f5-4236-b967-4a270f65e326_passport.webp","F:\NCKH\Product\Martime_product_v1.1\artifacts\research-sync\metadata-first-benchmark-1000\generated-corpus\travel_document\0415_3bfa3d0b-d2f5-4236-b967-4a270f65e326_passport.webp","travel_document","3","136104"
"416","F:\NCKH\Product\Martime_product_v1.1\edge_product\edge-services\uploads\crew\avatars\c0000001-0001-0001-0001-000000000001.jpg","F:\NCKH\Product\Martime_product_v1.1\artifacts\research-sync\metadata-first-benchmark-1000\generated-corpus\crew_member\0416_c0000001-0001-0001-0001-000000000001.jpg","crew_member","2","77331"
"417","F:\NCKH\Product\Martime_product_v1.1\edge_product\edge-services\uploads\crew\documents\travel_documents\c0000001-0001-0001-0001-000000000001_visa.png","F:\NCKH\Product\Martime_product_v1.1\artifacts\research-sync\metadata-first-benchmark-1000\generated-corpus\travel_document\0417_c0000001-0001-0001-0001-000000000001_visa.png","travel_document","3","314715"
"418","F:\NCKH\Product\Martime_product_v1.1\edge_product\edge-services\uploads\crew\documents\travel_documents\c0000001-0001-0001-0001-000000000001_visa.png","F:\NCKH\Product\Martime_product_v1.1\artifacts\research-sync\metadata-first-benchmark-1000\generated-corpus\travel_document\0418_c0000001-0001-0001-0001-000000000001_visa.png","travel_document","3","314715"
"419","F:\NCKH\Product\Martime_product_v1.1\edge_product\edge-services\uploads\crew\documents\travel_documents\3bfa3d0b-d2f5-4236-b967-4a270f65e326_visa.png","F:\NCKH\Product\Martime_product_v1.1\artifacts\research-sync\metadata-first-benchmark-1000\generated-corpus\travel_document\0419_3bfa3d0b-d2f5-4236-b967-4a270f65e326_visa.png","travel_document","3","473003"
"420","F:\NCKH\Product\Martime_product_v1.1\edge_product\edge-services\uploads\crew\documents\travel_documents\3bfa3d0b-d2f5-4236-b967-4a270f65e326_visa.png","F:\NCKH\Product\Martime_product_v1.1\artifacts\research-sync\metadata-first-benchmark-1000\generated-corpus\travel_document\0420_3bfa3d0b-d2f5-4236-b967-4a270f65e326_visa.png","travel_document","3","473003"
"421","F:\NCKH\Product\Martime_product_v1.1\edge_product\edge-services\uploads\crew\documents\health_documents\3bfa3d0b-d2f5-4236-b967-4a270f65e326_yellow_fever.png","F:\NCKH\Product\Martime_product_v1.1\artifacts\research-sync\metadata-first-benchmark-1000\generated-corpus\health_document\0421_3bfa3d0b-d2f5-4236-b967-4a270f65e326_yellow_fever.png","health_document","3","576399"
"422","F:\NCKH\Product\Martime_product_v1.1\edge_product\edge-services\uploads\crew\documents\travel_documents\c0000001-0001-0001-0001-000000000001_visa_20260225112400811.png","F:\NCKH\Product\Martime_product_v1.1\artifacts\research-sync\metadata-first-benchmark-1000\generated-corpus\travel_document\0422_c0000001-0001-0001-0001-000000000001_visa_20260225112400811.png","travel_document","3","288226"
"423","F:\NCKH\Product\Martime_product_v1.1\edge_product\edge-services\uploads\crew\documents\travel_documents\3bfa3d0b-d2f5-4236-b967-4a270f65e326_passport.webp","F:\NCKH\Product\Martime_product_v1.1\artifacts\research-sync\metadata-first-benchmark-1000\generated-corpus\travel_document\0423_3bfa3d0b-d2f5-4236-b967-4a270f65e326_passport.webp","travel_document","3","136104"
"424","F:\NCKH\Product\Martime_product_v1.1\edge_product\edge-services\uploads\crew\documents\travel_documents\3bfa3d0b-d2f5-4236-b967-4a270f65e326_passport.webp","F:\NCKH\Product\Martime_product_v1.1\artifacts\research-sync\metadata-first-benchmark-1000\generated-corpus\travel_document\0424_3bfa3d0b-d2f5-4236-b967-4a270f65e326_passport.webp","travel_document","3","136104"
"425","F:\NCKH\Product\Martime_product_v1.1\edge_product\edge-services\uploads\crew\documents\health_documents\3bfa3d0b-d2f5-4236-b967-4a270f65e326_yellow_fever.png","F:\NCKH\Product\Martime_product_v1.1\artifacts\research-sync\metadata-first-benchmark-1000\generated-corpus\health_document\0425_3bfa3d0b-d2f5-4236-b967-4a270f65e326_yellow_fever.png","health_document","3","576399"
"426","F:\NCKH\Product\Martime_product_v1.1\edge_product\edge-services\uploads\crew\documents\travel_documents\c0000001-0001-0001-0001-000000000003_passport.jpg","F:\NCKH\Product\Martime_product_v1.1\artifacts\research-sync\metadata-first-benchmark-1000\generated-corpus\travel_document\0426_c0000001-0001-0001-0001-000000000003_passport.jpg","travel_document","3","526059"
"427","F:\NCKH\Product\Martime_product_v1.1\edge_product\edge-services\uploads\crew\documents\travel_documents\3bfa3d0b-d2f5-4236-b967-4a270f65e326_visa.png","F:\NCKH\Product\Martime_product_v1.1\artifacts\research-sync\metadata-first-benchmark-1000\generated-corpus\travel_document\0427_3bfa3d0b-d2f5-4236-b967-4a270f65e326_visa.png","travel_document","3","473003"
"428","F:\NCKH\Product\Martime_product_v1.1\edge_product\edge-services\uploads\crew\certificates\cert_31_20260225172956.png","F:\NCKH\Product\Martime_product_v1.1\artifacts\research-sync\metadata-first-benchmark-1000\generated-corpus\crew_certificate\0428_cert_31_20260225172956.png","crew_certificate","2","1023525"
"429","F:\NCKH\Product\Martime_product_v1.1\edge_product\edge-services\uploads\crew\documents\travel_documents\c0000001-0001-0001-0001-000000000001_visa.png","F:\NCKH\Product\Martime_product_v1.1\artifacts\research-sync\metadata-first-benchmark-1000\generated-corpus\travel_document\0429_c0000001-0001-0001-0001-000000000001_visa.png","travel_document","3","314715"
"430","F:\NCKH\Product\Martime_product_v1.1\edge_product\edge-services\uploads\crew\documents\travel_documents\c0000001-0001-0001-0001-000000000001_visa_20260225112400811.png","F:\NCKH\Product\Martime_product_v1.1\artifacts\research-sync\metadata-first-benchmark-1000\generated-corpus\travel_document\0430_c0000001-0001-0001-0001-000000000001_visa_20260225112400811.png","travel_document","3","288226"
"431","F:\NCKH\Product\Martime_product_v1.1\edge_product\edge-services\uploads\crew\documents\travel_documents\c0000001-0001-0001-0001-000000000001_visa_20260225112400811.png","F:\NCKH\Product\Martime_product_v1.1\artifacts\research-sync\metadata-first-benchmark-1000\generated-corpus\travel_document\0431_c0000001-0001-0001-0001-000000000001_visa_20260225112400811.png","travel_document","3","288226"
"432","F:\NCKH\Product\Martime_product_v1.1\edge_product\edge-services\uploads\crew\avatars\c0000001-0001-0001-0001-000000000001.jpg","F:\NCKH\Product\Martime_product_v1.1\artifacts\research-sync\metadata-first-benchmark-1000\generated-corpus\crew_member\0432_c0000001-0001-0001-0001-000000000001.jpg","crew_member","2","77331"
"433","F:\NCKH\Product\Martime_product_v1.1\edge_product\edge-services\uploads\crew\avatars\68000000-0000-4000-8000-000000000008-avatar-fdde8623c2ba412bab9cea83aa252de4.png","F:\NCKH\Product\Martime_product_v1.1\artifacts\research-sync\metadata-first-benchmark-1000\generated-corpus\crew_member\0433_68000000-0000-4000-8000-000000000008-avatar-fdde8623c2ba412bab9cea83aa252de4.png","crew_member","2","68"
"434","F:\NCKH\Product\Martime_product_v1.1\edge_product\edge-services\uploads\crew\documents\travel_documents\3bfa3d0b-d2f5-4236-b967-4a270f65e326_visa.png","F:\NCKH\Product\Martime_product_v1.1\artifacts\research-sync\metadata-first-benchmark-1000\generated-corpus\travel_document\0434_3bfa3d0b-d2f5-4236-b967-4a270f65e326_visa.png","travel_document","3","473003"
"435","F:\NCKH\Product\Martime_product_v1.1\edge_product\edge-services\uploads\crew\certificates\cert_31_20260225172956.png","F:\NCKH\Product\Martime_product_v1.1\artifacts\research-sync\metadata-first-benchmark-1000\generated-corpus\crew_certificate\0435_cert_31_20260225172956.png","crew_certificate","2","1023525"
"436","F:\NCKH\Product\Martime_product_v1.1\edge_product\edge-services\uploads\crew\avatars\c0000001-0001-0001-0001-000000000003.jpg","F:\NCKH\Product\Martime_product_v1.1\artifacts\research-sync\metadata-first-benchmark-1000\generated-corpus\crew_member\0436_c0000001-0001-0001-0001-000000000003.jpg","crew_member","2","87541"
"437","F:\NCKH\Product\Martime_product_v1.1\edge_product\edge-services\uploads\crew\documents\travel_documents\c0000001-0001-0001-0001-000000000001_visa.png","F:\NCKH\Product\Martime_product_v1.1\artifacts\research-sync\metadata-first-benchmark-1000\generated-corpus\travel_document\0437_c0000001-0001-0001-0001-000000000001_visa.png","travel_document","3","314715"
"438","F:\NCKH\Product\Martime_product_v1.1\edge_product\edge-services\uploads\crew\avatars\c0000001-0001-0001-0001-000000000001.jpg","F:\NCKH\Product\Martime_product_v1.1\artifacts\research-sync\metadata-first-benchmark-1000\generated-corpus\crew_member\0438_c0000001-0001-0001-0001-000000000001.jpg","crew_member","2","77331"
"439","F:\NCKH\Product\Martime_product_v1.1\edge_product\edge-services\uploads\crew\certificates\cert_31_20260225172956.png","F:\NCKH\Product\Martime_product_v1.1\artifacts\research-sync\metadata-first-benchmark-1000\generated-corpus\crew_certificate\0439_cert_31_20260225172956.png","crew_certificate","2","1023525"
"440","F:\NCKH\Product\Martime_product_v1.1\edge_product\edge-services\uploads\crew\avatars\c0000001-0001-0001-0001-000000000003.jpg","F:\NCKH\Product\Martime_product_v1.1\artifacts\research-sync\metadata-first-benchmark-1000\generated-corpus\crew_member\0440_c0000001-0001-0001-0001-000000000003.jpg","crew_member","2","87541"
"441","F:\NCKH\Product\Martime_product_v1.1\edge_product\edge-services\uploads\crew\documents\travel_documents\c0000001-0001-0001-0001-000000000001_visa.png","F:\NCKH\Product\Martime_product_v1.1\artifacts\research-sync\metadata-first-benchmark-1000\generated-corpus\travel_document\0441_c0000001-0001-0001-0001-000000000001_visa.png","travel_document","3","314715"
"442","F:\NCKH\Product\Martime_product_v1.1\edge_product\edge-services\uploads\crew\documents\travel_documents\3bfa3d0b-d2f5-4236-b967-4a270f65e326_visa.png","F:\NCKH\Product\Martime_product_v1.1\artifacts\research-sync\metadata-first-benchmark-1000\generated-corpus\travel_document\0442_3bfa3d0b-d2f5-4236-b967-4a270f65e326_visa.png","travel_document","3","473003"
"443","F:\NCKH\Product\Martime_product_v1.1\edge_product\edge-services\uploads\crew\documents\health_documents\3bfa3d0b-d2f5-4236-b967-4a270f65e326_yellow_fever.png","F:\NCKH\Product\Martime_product_v1.1\artifacts\research-sync\metadata-first-benchmark-1000\generated-corpus\health_document\0443_3bfa3d0b-d2f5-4236-b967-4a270f65e326_yellow_fever.png","health_document","3","576399"
"444","F:\NCKH\Product\Martime_product_v1.1\edge_product\edge-services\uploads\crew\documents\health_documents\3bfa3d0b-d2f5-4236-b967-4a270f65e326_yellow_fever.png","F:\NCKH\Product\Martime_product_v1.1\artifacts\research-sync\metadata-first-benchmark-1000\generated-corpus\health_document\0444_3bfa3d0b-d2f5-4236-b967-4a270f65e326_yellow_fever.png","health_document","3","576399"
"445","F:\NCKH\Product\Martime_product_v1.1\edge_product\edge-services\uploads\crew\documents\travel_documents\c0000001-0001-0001-0001-000000000001_visa.png","F:\NCKH\Product\Martime_product_v1.1\artifacts\research-sync\metadata-first-benchmark-1000\generated-corpus\travel_document\0445_c0000001-0001-0001-0001-000000000001_visa.png","travel_document","3","314715"
"446","F:\NCKH\Product\Martime_product_v1.1\edge_product\edge-services\uploads\crew\documents\travel_documents\3bfa3d0b-d2f5-4236-b967-4a270f65e326_passport.webp","F:\NCKH\Product\Martime_product_v1.1\artifacts\research-sync\metadata-first-benchmark-1000\generated-corpus\travel_document\0446_3bfa3d0b-d2f5-4236-b967-4a270f65e326_passport.webp","travel_document","3","136104"
"447","F:\NCKH\Product\Martime_product_v1.1\edge_product\edge-services\uploads\crew\documents\travel_documents\c0000001-0001-0001-0001-000000000003_passport.jpg","F:\NCKH\Product\Martime_product_v1.1\artifacts\research-sync\metadata-first-benchmark-1000\generated-corpus\travel_document\0447_c0000001-0001-0001-0001-000000000003_passport.jpg","travel_document","3","526059"
"448","F:\NCKH\Product\Martime_product_v1.1\edge_product\edge-services\uploads\crew\avatars\c0000001-0001-0001-0001-000000000001.jpg","F:\NCKH\Product\Martime_product_v1.1\artifacts\research-sync\metadata-first-benchmark-1000\generated-corpus\crew_member\0448_c0000001-0001-0001-0001-000000000001.jpg","crew_member","2","77331"
"449","F:\NCKH\Product\Martime_product_v1.1\edge_product\edge-services\uploads\crew\documents\health_documents\3bfa3d0b-d2f5-4236-b967-4a270f65e326_yellow_fever.png","F:\NCKH\Product\Martime_product_v1.1\artifacts\research-sync\metadata-first-benchmark-1000\generated-corpus\health_document\0449_3bfa3d0b-d2f5-4236-b967-4a270f65e326_yellow_fever.png","health_document","3","576399"
"450","F:\NCKH\Product\Martime_product_v1.1\edge_product\edge-services\uploads\crew\documents\travel_documents\3bfa3d0b-d2f5-4236-b967-4a270f65e326_passport.webp","F:\NCKH\Product\Martime_product_v1.1\artifacts\research-sync\metadata-first-benchmark-1000\generated-corpus\travel_document\0450_3bfa3d0b-d2f5-4236-b967-4a270f65e326_passport.webp","travel_document","3","136104"
"451","F:\NCKH\Product\Martime_product_v1.1\edge_product\edge-services\uploads\crew\documents\health_documents\3bfa3d0b-d2f5-4236-b967-4a270f65e326_yellow_fever.png","F:\NCKH\Product\Martime_product_v1.1\artifacts\research-sync\metadata-first-benchmark-1000\generated-corpus\health_document\0451_3bfa3d0b-d2f5-4236-b967-4a270f65e326_yellow_fever.png","health_document","3","576399"
"452","F:\NCKH\Product\Martime_product_v1.1\edge_product\edge-services\uploads\crew\documents\travel_documents\3bfa3d0b-d2f5-4236-b967-4a270f65e326_visa.png","F:\NCKH\Product\Martime_product_v1.1\artifacts\research-sync\metadata-first-benchmark-1000\generated-corpus\travel_document\0452_3bfa3d0b-d2f5-4236-b967-4a270f65e326_visa.png","travel_document","3","473003"
"453","F:\NCKH\Product\Martime_product_v1.1\edge_product\edge-services\uploads\crew\avatars\a0000001-0000-0000-0000-000000000001.jpg","F:\NCKH\Product\Martime_product_v1.1\artifacts\research-sync\metadata-first-benchmark-1000\generated-corpus\crew_member\0453_a0000001-0000-0000-0000-000000000001.jpg","crew_member","2","77331"
"454","F:\NCKH\Product\Martime_product_v1.1\edge_product\edge-services\uploads\crew\avatars\c0000001-0001-0001-0001-000000000003.jpg","F:\NCKH\Product\Martime_product_v1.1\artifacts\research-sync\metadata-first-benchmark-1000\generated-corpus\crew_member\0454_c0000001-0001-0001-0001-000000000003.jpg","crew_member","2","87541"
"455","F:\NCKH\Product\Martime_product_v1.1\edge_product\edge-services\uploads\crew\documents\travel_documents\c0000001-0001-0001-0001-000000000001_visa.png","F:\NCKH\Product\Martime_product_v1.1\artifacts\research-sync\metadata-first-benchmark-1000\generated-corpus\travel_document\0455_c0000001-0001-0001-0001-000000000001_visa.png","travel_document","3","314715"
"456","F:\NCKH\Product\Martime_product_v1.1\edge_product\edge-services\uploads\crew\certificates\cert_31_20260225172956.png","F:\NCKH\Product\Martime_product_v1.1\artifacts\research-sync\metadata-first-benchmark-1000\generated-corpus\crew_certificate\0456_cert_31_20260225172956.png","crew_certificate","2","1023525"
"457","F:\NCKH\Product\Martime_product_v1.1\edge_product\edge-services\uploads\crew\documents\travel_documents\3bfa3d0b-d2f5-4236-b967-4a270f65e326_passport.webp","F:\NCKH\Product\Martime_product_v1.1\artifacts\research-sync\metadata-first-benchmark-1000\generated-corpus\travel_document\0457_3bfa3d0b-d2f5-4236-b967-4a270f65e326_passport.webp","travel_document","3","136104"
"458","F:\NCKH\Product\Martime_product_v1.1\edge_product\edge-services\uploads\crew\documents\travel_documents\3bfa3d0b-d2f5-4236-b967-4a270f65e326_visa.png","F:\NCKH\Product\Martime_product_v1.1\artifacts\research-sync\metadata-first-benchmark-1000\generated-corpus\travel_document\0458_3bfa3d0b-d2f5-4236-b967-4a270f65e326_visa.png","travel_document","3","473003"
"459","F:\NCKH\Product\Martime_product_v1.1\edge_product\edge-services\uploads\crew\avatars\c0000001-0001-0001-0001-000000000001.jpg","F:\NCKH\Product\Martime_product_v1.1\artifacts\research-sync\metadata-first-benchmark-1000\generated-corpus\crew_member\0459_c0000001-0001-0001-0001-000000000001.jpg","crew_member","2","77331"
"460","F:\NCKH\Product\Martime_product_v1.1\edge_product\edge-services\uploads\crew\documents\travel_documents\c0000001-0001-0001-0001-000000000003_passport.jpg","F:\NCKH\Product\Martime_product_v1.1\artifacts\research-sync\metadata-first-benchmark-1000\generated-corpus\travel_document\0460_c0000001-0001-0001-0001-000000000003_passport.jpg","travel_document","3","526059"
"461","F:\NCKH\Product\Martime_product_v1.1\edge_product\edge-services\uploads\crew\documents\health_documents\c0000001-0001-0001-0001-000000000001_medical.png","F:\NCKH\Product\Martime_product_v1.1\artifacts\research-sync\metadata-first-benchmark-1000\generated-corpus\health_document\0461_c0000001-0001-0001-0001-000000000001_medical.png","health_document","3","473003"
"462","F:\NCKH\Product\Martime_product_v1.1\edge_product\edge-services\uploads\crew\documents\travel_documents\c0000001-0001-0001-0001-000000000003_passport.jpg","F:\NCKH\Product\Martime_product_v1.1\artifacts\research-sync\metadata-first-benchmark-1000\generated-corpus\travel_document\0462_c0000001-0001-0001-0001-000000000003_passport.jpg","travel_document","3","526059"
"463","F:\NCKH\Product\Martime_product_v1.1\edge_product\edge-services\uploads\crew\documents\travel_documents\3bfa3d0b-d2f5-4236-b967-4a270f65e326_passport.webp","F:\NCKH\Product\Martime_product_v1.1\artifacts\research-sync\metadata-first-benchmark-1000\generated-corpus\travel_document\0463_3bfa3d0b-d2f5-4236-b967-4a270f65e326_passport.webp","travel_document","3","136104"
"464","F:\NCKH\Product\Martime_product_v1.1\edge_product\edge-services\uploads\crew\avatars\a0000001-0000-0000-0000-000000000001.jpg","F:\NCKH\Product\Martime_product_v1.1\artifacts\research-sync\metadata-first-benchmark-1000\generated-corpus\crew_member\0464_a0000001-0000-0000-0000-000000000001.jpg","crew_member","2","77331"
"465","F:\NCKH\Product\Martime_product_v1.1\edge_product\edge-services\uploads\crew\documents\travel_documents\c0000001-0001-0001-0001-000000000001_visa.png","F:\NCKH\Product\Martime_product_v1.1\artifacts\research-sync\metadata-first-benchmark-1000\generated-corpus\travel_document\0465_c0000001-0001-0001-0001-000000000001_visa.png","travel_document","3","314715"
"466","F:\NCKH\Product\Martime_product_v1.1\edge_product\edge-services\uploads\crew\documents\travel_documents\c0000001-0001-0001-0001-000000000001_visa_20260225112400811.png","F:\NCKH\Product\Martime_product_v1.1\artifacts\research-sync\metadata-first-benchmark-1000\generated-corpus\travel_document\0466_c0000001-0001-0001-0001-000000000001_visa_20260225112400811.png","travel_document","3","288226"
"467","F:\NCKH\Product\Martime_product_v1.1\edge_product\edge-services\uploads\crew\documents\travel_documents\c0000001-0001-0001-0001-000000000003_passport.jpg","F:\NCKH\Product\Martime_product_v1.1\artifacts\research-sync\metadata-first-benchmark-1000\generated-corpus\travel_document\0467_c0000001-0001-0001-0001-000000000003_passport.jpg","travel_document","3","526059"
"468","F:\NCKH\Product\Martime_product_v1.1\edge_product\edge-services\uploads\crew\documents\health_documents\c0000001-0001-0001-0001-000000000001_medical.png","F:\NCKH\Product\Martime_product_v1.1\artifacts\research-sync\metadata-first-benchmark-1000\generated-corpus\health_document\0468_c0000001-0001-0001-0001-000000000001_medical.png","health_document","3","473003"
"469","F:\NCKH\Product\Martime_product_v1.1\edge_product\edge-services\uploads\crew\documents\travel_documents\c0000001-0001-0001-0001-000000000001_visa_20260225112400811.png","F:\NCKH\Product\Martime_product_v1.1\artifacts\research-sync\metadata-first-benchmark-1000\generated-corpus\travel_document\0469_c0000001-0001-0001-0001-000000000001_visa_20260225112400811.png","travel_document","3","288226"
"470","F:\NCKH\Product\Martime_product_v1.1\edge_product\edge-services\uploads\crew\certificates\cert_31_20260225172956.png","F:\NCKH\Product\Martime_product_v1.1\artifacts\research-sync\metadata-first-benchmark-1000\generated-corpus\crew_certificate\0470_cert_31_20260225172956.png","crew_certificate","2","1023525"
"471","F:\NCKH\Product\Martime_product_v1.1\edge_product\edge-services\uploads\crew\documents\health_documents\3bfa3d0b-d2f5-4236-b967-4a270f65e326_yellow_fever.png","F:\NCKH\Product\Martime_product_v1.1\artifacts\research-sync\metadata-first-benchmark-1000\generated-corpus\health_document\0471_3bfa3d0b-d2f5-4236-b967-4a270f65e326_yellow_fever.png","health_document","3","576399"
"472","F:\NCKH\Product\Martime_product_v1.1\edge_product\edge-services\uploads\crew\documents\health_documents\c0000001-0001-0001-0001-000000000001_medical.png","F:\NCKH\Product\Martime_product_v1.1\artifacts\research-sync\metadata-first-benchmark-1000\generated-corpus\health_document\0472_c0000001-0001-0001-0001-000000000001_medical.png","health_document","3","473003"
"473","F:\NCKH\Product\Martime_product_v1.1\edge_product\edge-services\uploads\crew\certificates\cert_31_20260225172956.png","F:\NCKH\Product\Martime_product_v1.1\artifacts\research-sync\metadata-first-benchmark-1000\generated-corpus\crew_certificate\0473_cert_31_20260225172956.png","crew_certificate","2","1023525"
"474","F:\NCKH\Product\Martime_product_v1.1\edge_product\edge-services\uploads\crew\certificates\cert_31_20260225172956.png","F:\NCKH\Product\Martime_product_v1.1\artifacts\research-sync\metadata-first-benchmark-1000\generated-corpus\crew_certificate\0474_cert_31_20260225172956.png","crew_certificate","2","1023525"
"475","F:\NCKH\Product\Martime_product_v1.1\edge_product\edge-services\uploads\crew\documents\travel_documents\c0000001-0001-0001-0001-000000000001_visa_20260225112400811.png","F:\NCKH\Product\Martime_product_v1.1\artifacts\research-sync\metadata-first-benchmark-1000\generated-corpus\travel_document\0475_c0000001-0001-0001-0001-000000000001_visa_20260225112400811.png","travel_document","3","288226"
"476","F:\NCKH\Product\Martime_product_v1.1\edge_product\edge-services\uploads\crew\documents\travel_documents\3bfa3d0b-d2f5-4236-b967-4a270f65e326_visa.png","F:\NCKH\Product\Martime_product_v1.1\artifacts\research-sync\metadata-first-benchmark-1000\generated-corpus\travel_document\0476_3bfa3d0b-d2f5-4236-b967-4a270f65e326_visa.png","travel_document","3","473003"
"477","F:\NCKH\Product\Martime_product_v1.1\edge_product\edge-services\uploads\crew\certificates\cert_31_20260225172956.png","F:\NCKH\Product\Martime_product_v1.1\artifacts\research-sync\metadata-first-benchmark-1000\generated-corpus\crew_certificate\0477_cert_31_20260225172956.png","crew_certificate","2","1023525"
"478","F:\NCKH\Product\Martime_product_v1.1\edge_product\edge-services\uploads\crew\avatars\c0000001-0001-0001-0001-000000000001.jpg","F:\NCKH\Product\Martime_product_v1.1\artifacts\research-sync\metadata-first-benchmark-1000\generated-corpus\crew_member\0478_c0000001-0001-0001-0001-000000000001.jpg","crew_member","2","77331"
"479","F:\NCKH\Product\Martime_product_v1.1\edge_product\edge-services\uploads\crew\documents\travel_documents\c0000001-0001-0001-0001-000000000001_visa_20260225112400811.png","F:\NCKH\Product\Martime_product_v1.1\artifacts\research-sync\metadata-first-benchmark-1000\generated-corpus\travel_document\0479_c0000001-0001-0001-0001-000000000001_visa_20260225112400811.png","travel_document","3","288226"
"480","F:\NCKH\Product\Martime_product_v1.1\edge_product\edge-services\uploads\crew\documents\travel_documents\c0000001-0001-0001-0001-000000000001_visa.png","F:\NCKH\Product\Martime_product_v1.1\artifacts\research-sync\metadata-first-benchmark-1000\generated-corpus\travel_document\0480_c0000001-0001-0001-0001-000000000001_visa.png","travel_document","3","314715"
"481","F:\NCKH\Product\Martime_product_v1.1\edge_product\edge-services\uploads\crew\avatars\68000000-0000-4000-8000-000000000008-avatar-fdde8623c2ba412bab9cea83aa252de4.png","F:\NCKH\Product\Martime_product_v1.1\artifacts\research-sync\metadata-first-benchmark-1000\generated-corpus\crew_member\0481_68000000-0000-4000-8000-000000000008-avatar-fdde8623c2ba412bab9cea83aa252de4.png","crew_member","2","68"
"482","F:\NCKH\Product\Martime_product_v1.1\edge_product\edge-services\uploads\crew\documents\health_documents\3bfa3d0b-d2f5-4236-b967-4a270f65e326_yellow_fever.png","F:\NCKH\Product\Martime_product_v1.1\artifacts\research-sync\metadata-first-benchmark-1000\generated-corpus\health_document\0482_3bfa3d0b-d2f5-4236-b967-4a270f65e326_yellow_fever.png","health_document","3","576399"
"483","F:\NCKH\Product\Martime_product_v1.1\edge_product\edge-services\uploads\crew\documents\travel_documents\c0000001-0001-0001-0001-000000000001_visa_20260225112400811.png","F:\NCKH\Product\Martime_product_v1.1\artifacts\research-sync\metadata-first-benchmark-1000\generated-corpus\travel_document\0483_c0000001-0001-0001-0001-000000000001_visa_20260225112400811.png","travel_document","3","288226"
"484","F:\NCKH\Product\Martime_product_v1.1\edge_product\edge-services\uploads\crew\avatars\a0000001-0000-0000-0000-000000000001.jpg","F:\NCKH\Product\Martime_product_v1.1\artifacts\research-sync\metadata-first-benchmark-1000\generated-corpus\crew_member\0484_a0000001-0000-0000-0000-000000000001.jpg","crew_member","2","77331"
"485","F:\NCKH\Product\Martime_product_v1.1\edge_product\edge-services\uploads\crew\certificates\cert_31_20260225172956.png","F:\NCKH\Product\Martime_product_v1.1\artifacts\research-sync\metadata-first-benchmark-1000\generated-corpus\crew_certificate\0485_cert_31_20260225172956.png","crew_certificate","2","1023525"
"486","F:\NCKH\Product\Martime_product_v1.1\edge_product\edge-services\uploads\crew\avatars\a0000001-0000-0000-0000-000000000001.jpg","F:\NCKH\Product\Martime_product_v1.1\artifacts\research-sync\metadata-first-benchmark-1000\generated-corpus\crew_member\0486_a0000001-0000-0000-0000-000000000001.jpg","crew_member","2","77331"
"487","F:\NCKH\Product\Martime_product_v1.1\edge_product\edge-services\uploads\crew\avatars\a0000001-0000-0000-0000-000000000001.jpg","F:\NCKH\Product\Martime_product_v1.1\artifacts\research-sync\metadata-first-benchmark-1000\generated-corpus\crew_member\0487_a0000001-0000-0000-0000-000000000001.jpg","crew_member","2","77331"
"488","F:\NCKH\Product\Martime_product_v1.1\edge_product\edge-services\uploads\crew\documents\travel_documents\c0000001-0001-0001-0001-000000000001_visa.png","F:\NCKH\Product\Martime_product_v1.1\artifacts\research-sync\metadata-first-benchmark-1000\generated-corpus\travel_document\0488_c0000001-0001-0001-0001-000000000001_visa.png","travel_document","3","314715"
"489","F:\NCKH\Product\Martime_product_v1.1\edge_product\edge-services\uploads\crew\documents\travel_documents\c0000001-0001-0001-0001-000000000001_visa_20260225112400811.png","F:\NCKH\Product\Martime_product_v1.1\artifacts\research-sync\metadata-first-benchmark-1000\generated-corpus\travel_document\0489_c0000001-0001-0001-0001-000000000001_visa_20260225112400811.png","travel_document","3","288226"
"490","F:\NCKH\Product\Martime_product_v1.1\edge_product\edge-services\uploads\crew\avatars\68000000-0000-4000-8000-000000000008-avatar-fdde8623c2ba412bab9cea83aa252de4.png","F:\NCKH\Product\Martime_product_v1.1\artifacts\research-sync\metadata-first-benchmark-1000\generated-corpus\crew_member\0490_68000000-0000-4000-8000-000000000008-avatar-fdde8623c2ba412bab9cea83aa252de4.png","crew_member","2","68"
"491","F:\NCKH\Product\Martime_product_v1.1\edge_product\edge-services\uploads\crew\documents\travel_documents\3bfa3d0b-d2f5-4236-b967-4a270f65e326_passport.webp","F:\NCKH\Product\Martime_product_v1.1\artifacts\research-sync\metadata-first-benchmark-1000\generated-corpus\travel_document\0491_3bfa3d0b-d2f5-4236-b967-4a270f65e326_passport.webp","travel_document","3","136104"
"492","F:\NCKH\Product\Martime_product_v1.1\edge_product\edge-services\uploads\crew\avatars\a0000001-0000-0000-0000-000000000001.jpg","F:\NCKH\Product\Martime_product_v1.1\artifacts\research-sync\metadata-first-benchmark-1000\generated-corpus\crew_member\0492_a0000001-0000-0000-0000-000000000001.jpg","crew_member","2","77331"
"493","F:\NCKH\Product\Martime_product_v1.1\edge_product\edge-services\uploads\crew\documents\travel_documents\c0000001-0001-0001-0001-000000000003_passport.jpg","F:\NCKH\Product\Martime_product_v1.1\artifacts\research-sync\metadata-first-benchmark-1000\generated-corpus\travel_document\0493_c0000001-0001-0001-0001-000000000003_passport.jpg","travel_document","3","526059"
"494","F:\NCKH\Product\Martime_product_v1.1\edge_product\edge-services\uploads\crew\documents\health_documents\3bfa3d0b-d2f5-4236-b967-4a270f65e326_yellow_fever.png","F:\NCKH\Product\Martime_product_v1.1\artifacts\research-sync\metadata-first-benchmark-1000\generated-corpus\health_document\0494_3bfa3d0b-d2f5-4236-b967-4a270f65e326_yellow_fever.png","health_document","3","576399"
"495","F:\NCKH\Product\Martime_product_v1.1\edge_product\edge-services\uploads\crew\documents\travel_documents\c0000001-0001-0001-0001-000000000001_visa.png","F:\NCKH\Product\Martime_product_v1.1\artifacts\research-sync\metadata-first-benchmark-1000\generated-corpus\travel_document\0495_c0000001-0001-0001-0001-000000000001_visa.png","travel_document","3","314715"
"496","F:\NCKH\Product\Martime_product_v1.1\edge_product\edge-services\uploads\crew\documents\travel_documents\c0000001-0001-0001-0001-000000000001_visa_20260225112400811.png","F:\NCKH\Product\Martime_product_v1.1\artifacts\research-sync\metadata-first-benchmark-1000\generated-corpus\travel_document\0496_c0000001-0001-0001-0001-000000000001_visa_20260225112400811.png","travel_document","3","288226"
"497","F:\NCKH\Product\Martime_product_v1.1\edge_product\edge-services\uploads\crew\avatars\a0000001-0000-0000-0000-000000000001.jpg","F:\NCKH\Product\Martime_product_v1.1\artifacts\research-sync\metadata-first-benchmark-1000\generated-corpus\crew_member\0497_a0000001-0000-0000-0000-000000000001.jpg","crew_member","2","77331"
"498","F:\NCKH\Product\Martime_product_v1.1\edge_product\edge-services\uploads\crew\certificates\cert_31_20260225172956.png","F:\NCKH\Product\Martime_product_v1.1\artifacts\research-sync\metadata-first-benchmark-1000\generated-corpus\crew_certificate\0498_cert_31_20260225172956.png","crew_certificate","2","1023525"
"499","F:\NCKH\Product\Martime_product_v1.1\edge_product\edge-services\uploads\crew\documents\travel_documents\3bfa3d0b-d2f5-4236-b967-4a270f65e326_visa.png","F:\NCKH\Product\Martime_product_v1.1\artifacts\research-sync\metadata-first-benchmark-1000\generated-corpus\travel_document\0499_3bfa3d0b-d2f5-4236-b967-4a270f65e326_visa.png","travel_document","3","473003"
"500","F:\NCKH\Product\Martime_product_v1.1\edge_product\edge-services\uploads\crew\documents\travel_documents\c0000001-0001-0001-0001-000000000001_visa_20260225112400811.png","F:\NCKH\Product\Martime_product_v1.1\artifacts\research-sync\metadata-first-benchmark-1000\generated-corpus\travel_document\0500_c0000001-0001-0001-0001-000000000001_visa_20260225112400811.png","travel_document","3","288226"
"501","F:\NCKH\Product\Martime_product_v1.1\edge_product\edge-services\uploads\crew\documents\travel_documents\3bfa3d0b-d2f5-4236-b967-4a270f65e326_visa.png","F:\NCKH\Product\Martime_product_v1.1\artifacts\research-sync\metadata-first-benchmark-1000\generated-corpus\travel_document\0501_3bfa3d0b-d2f5-4236-b967-4a270f65e326_visa.png","travel_document","3","473003"
"502","F:\NCKH\Product\Martime_product_v1.1\edge_product\edge-services\uploads\crew\documents\health_documents\3bfa3d0b-d2f5-4236-b967-4a270f65e326_yellow_fever.png","F:\NCKH\Product\Martime_product_v1.1\artifacts\research-sync\metadata-first-benchmark-1000\generated-corpus\health_document\0502_3bfa3d0b-d2f5-4236-b967-4a270f65e326_yellow_fever.png","health_document","3","576399"
"503","F:\NCKH\Product\Martime_product_v1.1\edge_product\edge-services\uploads\crew\certificates\cert_31_20260225172956.png","F:\NCKH\Product\Martime_product_v1.1\artifacts\research-sync\metadata-first-benchmark-1000\generated-corpus\crew_certificate\0503_cert_31_20260225172956.png","crew_certificate","2","1023525"
"504","F:\NCKH\Product\Martime_product_v1.1\edge_product\edge-services\uploads\crew\avatars\68000000-0000-4000-8000-000000000008-avatar-fdde8623c2ba412bab9cea83aa252de4.png","F:\NCKH\Product\Martime_product_v1.1\artifacts\research-sync\metadata-first-benchmark-1000\generated-corpus\crew_member\0504_68000000-0000-4000-8000-000000000008-avatar-fdde8623c2ba412bab9cea83aa252de4.png","crew_member","2","68"
"505","F:\NCKH\Product\Martime_product_v1.1\edge_product\edge-services\uploads\crew\avatars\c0000001-0001-0001-0001-000000000001.jpg","F:\NCKH\Product\Martime_product_v1.1\artifacts\research-sync\metadata-first-benchmark-1000\generated-corpus\crew_member\0505_c0000001-0001-0001-0001-000000000001.jpg","crew_member","2","77331"
"506","F:\NCKH\Product\Martime_product_v1.1\edge_product\edge-services\uploads\crew\documents\travel_documents\c0000001-0001-0001-0001-000000000001_visa_20260225112400811.png","F:\NCKH\Product\Martime_product_v1.1\artifacts\research-sync\metadata-first-benchmark-1000\generated-corpus\travel_document\0506_c0000001-0001-0001-0001-000000000001_visa_20260225112400811.png","travel_document","3","288226"
"507","F:\NCKH\Product\Martime_product_v1.1\edge_product\edge-services\uploads\crew\certificates\cert_31_20260225172956.png","F:\NCKH\Product\Martime_product_v1.1\artifacts\research-sync\metadata-first-benchmark-1000\generated-corpus\crew_certificate\0507_cert_31_20260225172956.png","crew_certificate","2","1023525"
"508","F:\NCKH\Product\Martime_product_v1.1\edge_product\edge-services\uploads\crew\documents\travel_documents\3bfa3d0b-d2f5-4236-b967-4a270f65e326_visa.png","F:\NCKH\Product\Martime_product_v1.1\artifacts\research-sync\metadata-first-benchmark-1000\generated-corpus\travel_document\0508_3bfa3d0b-d2f5-4236-b967-4a270f65e326_visa.png","travel_document","3","473003"
"509","F:\NCKH\Product\Martime_product_v1.1\edge_product\edge-services\uploads\crew\documents\health_documents\3bfa3d0b-d2f5-4236-b967-4a270f65e326_yellow_fever.png","F:\NCKH\Product\Martime_product_v1.1\artifacts\research-sync\metadata-first-benchmark-1000\generated-corpus\health_document\0509_3bfa3d0b-d2f5-4236-b967-4a270f65e326_yellow_fever.png","health_document","3","576399"
"510","F:\NCKH\Product\Martime_product_v1.1\edge_product\edge-services\uploads\crew\avatars\68000000-0000-4000-8000-000000000008-avatar-fdde8623c2ba412bab9cea83aa252de4.png","F:\NCKH\Product\Martime_product_v1.1\artifacts\research-sync\metadata-first-benchmark-1000\generated-corpus\crew_member\0510_68000000-0000-4000-8000-000000000008-avatar-fdde8623c2ba412bab9cea83aa252de4.png","crew_member","2","68"
"511","F:\NCKH\Product\Martime_product_v1.1\edge_product\edge-services\uploads\crew\documents\travel_documents\c0000001-0001-0001-0001-000000000003_passport.jpg","F:\NCKH\Product\Martime_product_v1.1\artifacts\research-sync\metadata-first-benchmark-1000\generated-corpus\travel_document\0511_c0000001-0001-0001-0001-000000000003_passport.jpg","travel_document","3","526059"
"512","F:\NCKH\Product\Martime_product_v1.1\edge_product\edge-services\uploads\crew\documents\health_documents\3bfa3d0b-d2f5-4236-b967-4a270f65e326_yellow_fever.png","F:\NCKH\Product\Martime_product_v1.1\artifacts\research-sync\metadata-first-benchmark-1000\generated-corpus\health_document\0512_3bfa3d0b-d2f5-4236-b967-4a270f65e326_yellow_fever.png","health_document","3","576399"
"513","F:\NCKH\Product\Martime_product_v1.1\edge_product\edge-services\uploads\crew\documents\travel_documents\c0000001-0001-0001-0001-000000000001_visa_20260225112400811.png","F:\NCKH\Product\Martime_product_v1.1\artifacts\research-sync\metadata-first-benchmark-1000\generated-corpus\travel_document\0513_c0000001-0001-0001-0001-000000000001_visa_20260225112400811.png","travel_document","3","288226"
"514","F:\NCKH\Product\Martime_product_v1.1\edge_product\edge-services\uploads\crew\certificates\cert_31_20260225172956.png","F:\NCKH\Product\Martime_product_v1.1\artifacts\research-sync\metadata-first-benchmark-1000\generated-corpus\crew_certificate\0514_cert_31_20260225172956.png","crew_certificate","2","1023525"
"515","F:\NCKH\Product\Martime_product_v1.1\edge_product\edge-services\uploads\crew\documents\travel_documents\c0000001-0001-0001-0001-000000000001_visa_20260225112400811.png","F:\NCKH\Product\Martime_product_v1.1\artifacts\research-sync\metadata-first-benchmark-1000\generated-corpus\travel_document\0515_c0000001-0001-0001-0001-000000000001_visa_20260225112400811.png","travel_document","3","288226"
"516","F:\NCKH\Product\Martime_product_v1.1\edge_product\edge-services\uploads\crew\avatars\68000000-0000-4000-8000-000000000008-avatar-fdde8623c2ba412bab9cea83aa252de4.png","F:\NCKH\Product\Martime_product_v1.1\artifacts\research-sync\metadata-first-benchmark-1000\generated-corpus\crew_member\0516_68000000-0000-4000-8000-000000000008-avatar-fdde8623c2ba412bab9cea83aa252de4.png","crew_member","2","68"
"517","F:\NCKH\Product\Martime_product_v1.1\edge_product\edge-services\uploads\crew\avatars\68000000-0000-4000-8000-000000000008-avatar-fdde8623c2ba412bab9cea83aa252de4.png","F:\NCKH\Product\Martime_product_v1.1\artifacts\research-sync\metadata-first-benchmark-1000\generated-corpus\crew_member\0517_68000000-0000-4000-8000-000000000008-avatar-fdde8623c2ba412bab9cea83aa252de4.png","crew_member","2","68"
"518","F:\NCKH\Product\Martime_product_v1.1\edge_product\edge-services\uploads\crew\documents\health_documents\c0000001-0001-0001-0001-000000000001_medical.png","F:\NCKH\Product\Martime_product_v1.1\artifacts\research-sync\metadata-first-benchmark-1000\generated-corpus\health_document\0518_c0000001-0001-0001-0001-000000000001_medical.png","health_document","3","473003"
"519","F:\NCKH\Product\Martime_product_v1.1\edge_product\edge-services\uploads\crew\documents\travel_documents\c0000001-0001-0001-0001-000000000001_visa.png","F:\NCKH\Product\Martime_product_v1.1\artifacts\research-sync\metadata-first-benchmark-1000\generated-corpus\travel_document\0519_c0000001-0001-0001-0001-000000000001_visa.png","travel_document","3","314715"
"520","F:\NCKH\Product\Martime_product_v1.1\edge_product\edge-services\uploads\crew\documents\travel_documents\3bfa3d0b-d2f5-4236-b967-4a270f65e326_passport.webp","F:\NCKH\Product\Martime_product_v1.1\artifacts\research-sync\metadata-first-benchmark-1000\generated-corpus\travel_document\0520_3bfa3d0b-d2f5-4236-b967-4a270f65e326_passport.webp","travel_document","3","136104"
"521","F:\NCKH\Product\Martime_product_v1.1\edge_product\edge-services\uploads\crew\documents\travel_documents\c0000001-0001-0001-0001-000000000001_visa.png","F:\NCKH\Product\Martime_product_v1.1\artifacts\research-sync\metadata-first-benchmark-1000\generated-corpus\travel_document\0521_c0000001-0001-0001-0001-000000000001_visa.png","travel_document","3","314715"
"522","F:\NCKH\Product\Martime_product_v1.1\edge_product\edge-services\uploads\crew\avatars\c0000001-0001-0001-0001-000000000001.jpg","F:\NCKH\Product\Martime_product_v1.1\artifacts\research-sync\metadata-first-benchmark-1000\generated-corpus\crew_member\0522_c0000001-0001-0001-0001-000000000001.jpg","crew_member","2","77331"
"523","F:\NCKH\Product\Martime_product_v1.1\edge_product\edge-services\uploads\crew\documents\travel_documents\3bfa3d0b-d2f5-4236-b967-4a270f65e326_passport.webp","F:\NCKH\Product\Martime_product_v1.1\artifacts\research-sync\metadata-first-benchmark-1000\generated-corpus\travel_document\0523_3bfa3d0b-d2f5-4236-b967-4a270f65e326_passport.webp","travel_document","3","136104"
"524","F:\NCKH\Product\Martime_product_v1.1\edge_product\edge-services\uploads\crew\documents\travel_documents\c0000001-0001-0001-0001-000000000001_visa_20260225112400811.png","F:\NCKH\Product\Martime_product_v1.1\artifacts\research-sync\metadata-first-benchmark-1000\generated-corpus\travel_document\0524_c0000001-0001-0001-0001-000000000001_visa_20260225112400811.png","travel_document","3","288226"
"525","F:\NCKH\Product\Martime_product_v1.1\edge_product\edge-services\uploads\crew\documents\travel_documents\3bfa3d0b-d2f5-4236-b967-4a270f65e326_visa.png","F:\NCKH\Product\Martime_product_v1.1\artifacts\research-sync\metadata-first-benchmark-1000\generated-corpus\travel_document\0525_3bfa3d0b-d2f5-4236-b967-4a270f65e326_visa.png","travel_document","3","473003"
"526","F:\NCKH\Product\Martime_product_v1.1\edge_product\edge-services\uploads\crew\certificates\cert_31_20260225172956.png","F:\NCKH\Product\Martime_product_v1.1\artifacts\research-sync\metadata-first-benchmark-1000\generated-corpus\crew_certificate\0526_cert_31_20260225172956.png","crew_certificate","2","1023525"
"527","F:\NCKH\Product\Martime_product_v1.1\edge_product\edge-services\uploads\crew\documents\health_documents\c0000001-0001-0001-0001-000000000001_medical.png","F:\NCKH\Product\Martime_product_v1.1\artifacts\research-sync\metadata-first-benchmark-1000\generated-corpus\health_document\0527_c0000001-0001-0001-0001-000000000001_medical.png","health_document","3","473003"
"528","F:\NCKH\Product\Martime_product_v1.1\edge_product\edge-services\uploads\crew\documents\travel_documents\c0000001-0001-0001-0001-000000000001_visa_20260225112400811.png","F:\NCKH\Product\Martime_product_v1.1\artifacts\research-sync\metadata-first-benchmark-1000\generated-corpus\travel_document\0528_c0000001-0001-0001-0001-000000000001_visa_20260225112400811.png","travel_document","3","288226"
"529","F:\NCKH\Product\Martime_product_v1.1\edge_product\edge-services\uploads\crew\documents\travel_documents\3bfa3d0b-d2f5-4236-b967-4a270f65e326_passport.webp","F:\NCKH\Product\Martime_product_v1.1\artifacts\research-sync\metadata-first-benchmark-1000\generated-corpus\travel_document\0529_3bfa3d0b-d2f5-4236-b967-4a270f65e326_passport.webp","travel_document","3","136104"
"530","F:\NCKH\Product\Martime_product_v1.1\edge_product\edge-services\uploads\crew\documents\travel_documents\c0000001-0001-0001-0001-000000000003_passport.jpg","F:\NCKH\Product\Martime_product_v1.1\artifacts\research-sync\metadata-first-benchmark-1000\generated-corpus\travel_document\0530_c0000001-0001-0001-0001-000000000003_passport.jpg","travel_document","3","526059"
"531","F:\NCKH\Product\Martime_product_v1.1\edge_product\edge-services\uploads\crew\documents\travel_documents\3bfa3d0b-d2f5-4236-b967-4a270f65e326_passport.webp","F:\NCKH\Product\Martime_product_v1.1\artifacts\research-sync\metadata-first-benchmark-1000\generated-corpus\travel_document\0531_3bfa3d0b-d2f5-4236-b967-4a270f65e326_passport.webp","travel_document","3","136104"
"532","F:\NCKH\Product\Martime_product_v1.1\edge_product\edge-services\uploads\crew\avatars\68000000-0000-4000-8000-000000000008-avatar-fdde8623c2ba412bab9cea83aa252de4.png","F:\NCKH\Product\Martime_product_v1.1\artifacts\research-sync\metadata-first-benchmark-1000\generated-corpus\crew_member\0532_68000000-0000-4000-8000-000000000008-avatar-fdde8623c2ba412bab9cea83aa252de4.png","crew_member","2","68"
"533","F:\NCKH\Product\Martime_product_v1.1\edge_product\edge-services\uploads\crew\documents\health_documents\c0000001-0001-0001-0001-000000000001_medical.png","F:\NCKH\Product\Martime_product_v1.1\artifacts\research-sync\metadata-first-benchmark-1000\generated-corpus\health_document\0533_c0000001-0001-0001-0001-000000000001_medical.png","health_document","3","473003"
"534","F:\NCKH\Product\Martime_product_v1.1\edge_product\edge-services\uploads\crew\documents\travel_documents\c0000001-0001-0001-0001-000000000003_passport.jpg","F:\NCKH\Product\Martime_product_v1.1\artifacts\research-sync\metadata-first-benchmark-1000\generated-corpus\travel_document\0534_c0000001-0001-0001-0001-000000000003_passport.jpg","travel_document","3","526059"
"535","F:\NCKH\Product\Martime_product_v1.1\edge_product\edge-services\uploads\crew\avatars\a0000001-0000-0000-0000-000000000001.jpg","F:\NCKH\Product\Martime_product_v1.1\artifacts\research-sync\metadata-first-benchmark-1000\generated-corpus\crew_member\0535_a0000001-0000-0000-0000-000000000001.jpg","crew_member","2","77331"
"536","F:\NCKH\Product\Martime_product_v1.1\edge_product\edge-services\uploads\crew\documents\travel_documents\3bfa3d0b-d2f5-4236-b967-4a270f65e326_passport.webp","F:\NCKH\Product\Martime_product_v1.1\artifacts\research-sync\metadata-first-benchmark-1000\generated-corpus\travel_document\0536_3bfa3d0b-d2f5-4236-b967-4a270f65e326_passport.webp","travel_document","3","136104"
"537","F:\NCKH\Product\Martime_product_v1.1\edge_product\edge-services\uploads\crew\avatars\a0000001-0000-0000-0000-000000000001.jpg","F:\NCKH\Product\Martime_product_v1.1\artifacts\research-sync\metadata-first-benchmark-1000\generated-corpus\crew_member\0537_a0000001-0000-0000-0000-000000000001.jpg","crew_member","2","77331"
"538","F:\NCKH\Product\Martime_product_v1.1\edge_product\edge-services\uploads\crew\documents\travel_documents\c0000001-0001-0001-0001-000000000001_visa.png","F:\NCKH\Product\Martime_product_v1.1\artifacts\research-sync\metadata-first-benchmark-1000\generated-corpus\travel_document\0538_c0000001-0001-0001-0001-000000000001_visa.png","travel_document","3","314715"
"539","F:\NCKH\Product\Martime_product_v1.1\edge_product\edge-services\uploads\crew\documents\travel_documents\c0000001-0001-0001-0001-000000000001_visa_20260225112400811.png","F:\NCKH\Product\Martime_product_v1.1\artifacts\research-sync\metadata-first-benchmark-1000\generated-corpus\travel_document\0539_c0000001-0001-0001-0001-000000000001_visa_20260225112400811.png","travel_document","3","288226"
"540","F:\NCKH\Product\Martime_product_v1.1\edge_product\edge-services\uploads\crew\documents\health_documents\3bfa3d0b-d2f5-4236-b967-4a270f65e326_yellow_fever.png","F:\NCKH\Product\Martime_product_v1.1\artifacts\research-sync\metadata-first-benchmark-1000\generated-corpus\health_document\0540_3bfa3d0b-d2f5-4236-b967-4a270f65e326_yellow_fever.png","health_document","3","576399"
"541","F:\NCKH\Product\Martime_product_v1.1\edge_product\edge-services\uploads\crew\documents\travel_documents\c0000001-0001-0001-0001-000000000001_visa.png","F:\NCKH\Product\Martime_product_v1.1\artifacts\research-sync\metadata-first-benchmark-1000\generated-corpus\travel_document\0541_c0000001-0001-0001-0001-000000000001_visa.png","travel_document","3","314715"
"542","F:\NCKH\Product\Martime_product_v1.1\edge_product\edge-services\uploads\crew\certificates\cert_31_20260225172956.png","F:\NCKH\Product\Martime_product_v1.1\artifacts\research-sync\metadata-first-benchmark-1000\generated-corpus\crew_certificate\0542_cert_31_20260225172956.png","crew_certificate","2","1023525"
"543","F:\NCKH\Product\Martime_product_v1.1\edge_product\edge-services\uploads\crew\certificates\cert_31_20260225172956.png","F:\NCKH\Product\Martime_product_v1.1\artifacts\research-sync\metadata-first-benchmark-1000\generated-corpus\crew_certificate\0543_cert_31_20260225172956.png","crew_certificate","2","1023525"
"544","F:\NCKH\Product\Martime_product_v1.1\edge_product\edge-services\uploads\crew\documents\travel_documents\c0000001-0001-0001-0001-000000000001_visa.png","F:\NCKH\Product\Martime_product_v1.1\artifacts\research-sync\metadata-first-benchmark-1000\generated-corpus\travel_document\0544_c0000001-0001-0001-0001-000000000001_visa.png","travel_document","3","314715"
"545","F:\NCKH\Product\Martime_product_v1.1\edge_product\edge-services\uploads\crew\avatars\68000000-0000-4000-8000-000000000008-avatar-fdde8623c2ba412bab9cea83aa252de4.png","F:\NCKH\Product\Martime_product_v1.1\artifacts\research-sync\metadata-first-benchmark-1000\generated-corpus\crew_member\0545_68000000-0000-4000-8000-000000000008-avatar-fdde8623c2ba412bab9cea83aa252de4.png","crew_member","2","68"
"546","F:\NCKH\Product\Martime_product_v1.1\edge_product\edge-services\uploads\crew\avatars\c0000001-0001-0001-0001-000000000001.jpg","F:\NCKH\Product\Martime_product_v1.1\artifacts\research-sync\metadata-first-benchmark-1000\generated-corpus\crew_member\0546_c0000001-0001-0001-0001-000000000001.jpg","crew_member","2","77331"
"547","F:\NCKH\Product\Martime_product_v1.1\edge_product\edge-services\uploads\crew\avatars\c0000001-0001-0001-0001-000000000001.jpg","F:\NCKH\Product\Martime_product_v1.1\artifacts\research-sync\metadata-first-benchmark-1000\generated-corpus\crew_member\0547_c0000001-0001-0001-0001-000000000001.jpg","crew_member","2","77331"
"548","F:\NCKH\Product\Martime_product_v1.1\edge_product\edge-services\uploads\crew\documents\travel_documents\3bfa3d0b-d2f5-4236-b967-4a270f65e326_passport.webp","F:\NCKH\Product\Martime_product_v1.1\artifacts\research-sync\metadata-first-benchmark-1000\generated-corpus\travel_document\0548_3bfa3d0b-d2f5-4236-b967-4a270f65e326_passport.webp","travel_document","3","136104"
"549","F:\NCKH\Product\Martime_product_v1.1\edge_product\edge-services\uploads\crew\documents\health_documents\c0000001-0001-0001-0001-000000000001_medical.png","F:\NCKH\Product\Martime_product_v1.1\artifacts\research-sync\metadata-first-benchmark-1000\generated-corpus\health_document\0549_c0000001-0001-0001-0001-000000000001_medical.png","health_document","3","473003"
"550","F:\NCKH\Product\Martime_product_v1.1\edge_product\edge-services\uploads\crew\documents\travel_documents\c0000001-0001-0001-0001-000000000001_visa.png","F:\NCKH\Product\Martime_product_v1.1\artifacts\research-sync\metadata-first-benchmark-1000\generated-corpus\travel_document\0550_c0000001-0001-0001-0001-000000000001_visa.png","travel_document","3","314715"
"551","F:\NCKH\Product\Martime_product_v1.1\edge_product\edge-services\uploads\crew\documents\travel_documents\c0000001-0001-0001-0001-000000000001_visa_20260225112400811.png","F:\NCKH\Product\Martime_product_v1.1\artifacts\research-sync\metadata-first-benchmark-1000\generated-corpus\travel_document\0551_c0000001-0001-0001-0001-000000000001_visa_20260225112400811.png","travel_document","3","288226"
"552","F:\NCKH\Product\Martime_product_v1.1\edge_product\edge-services\uploads\crew\documents\health_documents\c0000001-0001-0001-0001-000000000001_medical.png","F:\NCKH\Product\Martime_product_v1.1\artifacts\research-sync\metadata-first-benchmark-1000\generated-corpus\health_document\0552_c0000001-0001-0001-0001-000000000001_medical.png","health_document","3","473003"
"553","F:\NCKH\Product\Martime_product_v1.1\edge_product\edge-services\uploads\crew\documents\health_documents\c0000001-0001-0001-0001-000000000001_medical.png","F:\NCKH\Product\Martime_product_v1.1\artifacts\research-sync\metadata-first-benchmark-1000\generated-corpus\health_document\0553_c0000001-0001-0001-0001-000000000001_medical.png","health_document","3","473003"
"554","F:\NCKH\Product\Martime_product_v1.1\edge_product\edge-services\uploads\crew\avatars\68000000-0000-4000-8000-000000000008-avatar-fdde8623c2ba412bab9cea83aa252de4.png","F:\NCKH\Product\Martime_product_v1.1\artifacts\research-sync\metadata-first-benchmark-1000\generated-corpus\crew_member\0554_68000000-0000-4000-8000-000000000008-avatar-fdde8623c2ba412bab9cea83aa252de4.png","crew_member","2","68"
"555","F:\NCKH\Product\Martime_product_v1.1\edge_product\edge-services\uploads\crew\avatars\a0000001-0000-0000-0000-000000000001.jpg","F:\NCKH\Product\Martime_product_v1.1\artifacts\research-sync\metadata-first-benchmark-1000\generated-corpus\crew_member\0555_a0000001-0000-0000-0000-000000000001.jpg","crew_member","2","77331"
"556","F:\NCKH\Product\Martime_product_v1.1\edge_product\edge-services\uploads\crew\documents\health_documents\c0000001-0001-0001-0001-000000000001_medical.png","F:\NCKH\Product\Martime_product_v1.1\artifacts\research-sync\metadata-first-benchmark-1000\generated-corpus\health_document\0556_c0000001-0001-0001-0001-000000000001_medical.png","health_document","3","473003"
"557","F:\NCKH\Product\Martime_product_v1.1\edge_product\edge-services\uploads\crew\documents\travel_documents\c0000001-0001-0001-0001-000000000001_visa.png","F:\NCKH\Product\Martime_product_v1.1\artifacts\research-sync\metadata-first-benchmark-1000\generated-corpus\travel_document\0557_c0000001-0001-0001-0001-000000000001_visa.png","travel_document","3","314715"
"558","F:\NCKH\Product\Martime_product_v1.1\edge_product\edge-services\uploads\crew\documents\health_documents\3bfa3d0b-d2f5-4236-b967-4a270f65e326_yellow_fever.png","F:\NCKH\Product\Martime_product_v1.1\artifacts\research-sync\metadata-first-benchmark-1000\generated-corpus\health_document\0558_3bfa3d0b-d2f5-4236-b967-4a270f65e326_yellow_fever.png","health_document","3","576399"
"559","F:\NCKH\Product\Martime_product_v1.1\edge_product\edge-services\uploads\crew\certificates\cert_31_20260225172956.png","F:\NCKH\Product\Martime_product_v1.1\artifacts\research-sync\metadata-first-benchmark-1000\generated-corpus\crew_certificate\0559_cert_31_20260225172956.png","crew_certificate","2","1023525"
"560","F:\NCKH\Product\Martime_product_v1.1\edge_product\edge-services\uploads\crew\documents\travel_documents\c0000001-0001-0001-0001-000000000001_visa_20260225112400811.png","F:\NCKH\Product\Martime_product_v1.1\artifacts\research-sync\metadata-first-benchmark-1000\generated-corpus\travel_document\0560_c0000001-0001-0001-0001-000000000001_visa_20260225112400811.png","travel_document","3","288226"
"561","F:\NCKH\Product\Martime_product_v1.1\edge_product\edge-services\uploads\crew\certificates\cert_31_20260225172956.png","F:\NCKH\Product\Martime_product_v1.1\artifacts\research-sync\metadata-first-benchmark-1000\generated-corpus\crew_certificate\0561_cert_31_20260225172956.png","crew_certificate","2","1023525"
"562","F:\NCKH\Product\Martime_product_v1.1\edge_product\edge-services\uploads\crew\documents\health_documents\3bfa3d0b-d2f5-4236-b967-4a270f65e326_yellow_fever.png","F:\NCKH\Product\Martime_product_v1.1\artifacts\research-sync\metadata-first-benchmark-1000\generated-corpus\health_document\0562_3bfa3d0b-d2f5-4236-b967-4a270f65e326_yellow_fever.png","health_document","3","576399"
"563","F:\NCKH\Product\Martime_product_v1.1\edge_product\edge-services\uploads\crew\avatars\a0000001-0000-0000-0000-000000000001.jpg","F:\NCKH\Product\Martime_product_v1.1\artifacts\research-sync\metadata-first-benchmark-1000\generated-corpus\crew_member\0563_a0000001-0000-0000-0000-000000000001.jpg","crew_member","2","77331"
"564","F:\NCKH\Product\Martime_product_v1.1\edge_product\edge-services\uploads\crew\documents\health_documents\3bfa3d0b-d2f5-4236-b967-4a270f65e326_yellow_fever.png","F:\NCKH\Product\Martime_product_v1.1\artifacts\research-sync\metadata-first-benchmark-1000\generated-corpus\health_document\0564_3bfa3d0b-d2f5-4236-b967-4a270f65e326_yellow_fever.png","health_document","3","576399"
"565","F:\NCKH\Product\Martime_product_v1.1\edge_product\edge-services\uploads\crew\documents\health_documents\3bfa3d0b-d2f5-4236-b967-4a270f65e326_yellow_fever.png","F:\NCKH\Product\Martime_product_v1.1\artifacts\research-sync\metadata-first-benchmark-1000\generated-corpus\health_document\0565_3bfa3d0b-d2f5-4236-b967-4a270f65e326_yellow_fever.png","health_document","3","576399"
"566","F:\NCKH\Product\Martime_product_v1.1\edge_product\edge-services\uploads\crew\documents\travel_documents\c0000001-0001-0001-0001-000000000003_passport.jpg","F:\NCKH\Product\Martime_product_v1.1\artifacts\research-sync\metadata-first-benchmark-1000\generated-corpus\travel_document\0566_c0000001-0001-0001-0001-000000000003_passport.jpg","travel_document","3","526059"
"567","F:\NCKH\Product\Martime_product_v1.1\edge_product\edge-services\uploads\crew\documents\travel_documents\c0000001-0001-0001-0001-000000000003_passport.jpg","F:\NCKH\Product\Martime_product_v1.1\artifacts\research-sync\metadata-first-benchmark-1000\generated-corpus\travel_document\0567_c0000001-0001-0001-0001-000000000003_passport.jpg","travel_document","3","526059"
"568","F:\NCKH\Product\Martime_product_v1.1\edge_product\edge-services\uploads\crew\documents\travel_documents\c0000001-0001-0001-0001-000000000003_passport.jpg","F:\NCKH\Product\Martime_product_v1.1\artifacts\research-sync\metadata-first-benchmark-1000\generated-corpus\travel_document\0568_c0000001-0001-0001-0001-000000000003_passport.jpg","travel_document","3","526059"
"569","F:\NCKH\Product\Martime_product_v1.1\edge_product\edge-services\uploads\crew\avatars\c0000001-0001-0001-0001-000000000003.jpg","F:\NCKH\Product\Martime_product_v1.1\artifacts\research-sync\metadata-first-benchmark-1000\generated-corpus\crew_member\0569_c0000001-0001-0001-0001-000000000003.jpg","crew_member","2","87541"
"570","F:\NCKH\Product\Martime_product_v1.1\edge_product\edge-services\uploads\crew\avatars\c0000001-0001-0001-0001-000000000003.jpg","F:\NCKH\Product\Martime_product_v1.1\artifacts\research-sync\metadata-first-benchmark-1000\generated-corpus\crew_member\0570_c0000001-0001-0001-0001-000000000003.jpg","crew_member","2","87541"
"571","F:\NCKH\Product\Martime_product_v1.1\edge_product\edge-services\uploads\crew\documents\travel_documents\c0000001-0001-0001-0001-000000000001_visa_20260225112400811.png","F:\NCKH\Product\Martime_product_v1.1\artifacts\research-sync\metadata-first-benchmark-1000\generated-corpus\travel_document\0571_c0000001-0001-0001-0001-000000000001_visa_20260225112400811.png","travel_document","3","288226"
"572","F:\NCKH\Product\Martime_product_v1.1\edge_product\edge-services\uploads\crew\avatars\c0000001-0001-0001-0001-000000000001.jpg","F:\NCKH\Product\Martime_product_v1.1\artifacts\research-sync\metadata-first-benchmark-1000\generated-corpus\crew_member\0572_c0000001-0001-0001-0001-000000000001.jpg","crew_member","2","77331"
"573","F:\NCKH\Product\Martime_product_v1.1\edge_product\edge-services\uploads\crew\documents\travel_documents\3bfa3d0b-d2f5-4236-b967-4a270f65e326_passport.webp","F:\NCKH\Product\Martime_product_v1.1\artifacts\research-sync\metadata-first-benchmark-1000\generated-corpus\travel_document\0573_3bfa3d0b-d2f5-4236-b967-4a270f65e326_passport.webp","travel_document","3","136104"
"574","F:\NCKH\Product\Martime_product_v1.1\edge_product\edge-services\uploads\crew\avatars\c0000001-0001-0001-0001-000000000003.jpg","F:\NCKH\Product\Martime_product_v1.1\artifacts\research-sync\metadata-first-benchmark-1000\generated-corpus\crew_member\0574_c0000001-0001-0001-0001-000000000003.jpg","crew_member","2","87541"
"575","F:\NCKH\Product\Martime_product_v1.1\edge_product\edge-services\uploads\crew\documents\travel_documents\c0000001-0001-0001-0001-000000000001_visa.png","F:\NCKH\Product\Martime_product_v1.1\artifacts\research-sync\metadata-first-benchmark-1000\generated-corpus\travel_document\0575_c0000001-0001-0001-0001-000000000001_visa.png","travel_document","3","314715"
"576","F:\NCKH\Product\Martime_product_v1.1\edge_product\edge-services\uploads\crew\documents\health_documents\3bfa3d0b-d2f5-4236-b967-4a270f65e326_yellow_fever.png","F:\NCKH\Product\Martime_product_v1.1\artifacts\research-sync\metadata-first-benchmark-1000\generated-corpus\health_document\0576_3bfa3d0b-d2f5-4236-b967-4a270f65e326_yellow_fever.png","health_document","3","576399"
"577","F:\NCKH\Product\Martime_product_v1.1\edge_product\edge-services\uploads\crew\documents\travel_documents\c0000001-0001-0001-0001-000000000001_visa.png","F:\NCKH\Product\Martime_product_v1.1\artifacts\research-sync\metadata-first-benchmark-1000\generated-corpus\travel_document\0577_c0000001-0001-0001-0001-000000000001_visa.png","travel_document","3","314715"
"578","F:\NCKH\Product\Martime_product_v1.1\edge_product\edge-services\uploads\crew\documents\travel_documents\c0000001-0001-0001-0001-000000000001_visa_20260225112400811.png","F:\NCKH\Product\Martime_product_v1.1\artifacts\research-sync\metadata-first-benchmark-1000\generated-corpus\travel_document\0578_c0000001-0001-0001-0001-000000000001_visa_20260225112400811.png","travel_document","3","288226"
"579","F:\NCKH\Product\Martime_product_v1.1\edge_product\edge-services\uploads\crew\documents\travel_documents\c0000001-0001-0001-0001-000000000001_visa.png","F:\NCKH\Product\Martime_product_v1.1\artifacts\research-sync\metadata-first-benchmark-1000\generated-corpus\travel_document\0579_c0000001-0001-0001-0001-000000000001_visa.png","travel_document","3","314715"
"580","F:\NCKH\Product\Martime_product_v1.1\edge_product\edge-services\uploads\crew\documents\health_documents\3bfa3d0b-d2f5-4236-b967-4a270f65e326_yellow_fever.png","F:\NCKH\Product\Martime_product_v1.1\artifacts\research-sync\metadata-first-benchmark-1000\generated-corpus\health_document\0580_3bfa3d0b-d2f5-4236-b967-4a270f65e326_yellow_fever.png","health_document","3","576399"
"581","F:\NCKH\Product\Martime_product_v1.1\edge_product\edge-services\uploads\crew\avatars\a0000001-0000-0000-0000-000000000001.jpg","F:\NCKH\Product\Martime_product_v1.1\artifacts\research-sync\metadata-first-benchmark-1000\generated-corpus\crew_member\0581_a0000001-0000-0000-0000-000000000001.jpg","crew_member","2","77331"
"582","F:\NCKH\Product\Martime_product_v1.1\edge_product\edge-services\uploads\crew\documents\travel_documents\c0000001-0001-0001-0001-000000000003_passport.jpg","F:\NCKH\Product\Martime_product_v1.1\artifacts\research-sync\metadata-first-benchmark-1000\generated-corpus\travel_document\0582_c0000001-0001-0001-0001-000000000003_passport.jpg","travel_document","3","526059"
"583","F:\NCKH\Product\Martime_product_v1.1\edge_product\edge-services\uploads\crew\avatars\c0000001-0001-0001-0001-000000000003.jpg","F:\NCKH\Product\Martime_product_v1.1\artifacts\research-sync\metadata-first-benchmark-1000\generated-corpus\crew_member\0583_c0000001-0001-0001-0001-000000000003.jpg","crew_member","2","87541"
"584","F:\NCKH\Product\Martime_product_v1.1\edge_product\edge-services\uploads\crew\documents\travel_documents\c0000001-0001-0001-0001-000000000001_visa.png","F:\NCKH\Product\Martime_product_v1.1\artifacts\research-sync\metadata-first-benchmark-1000\generated-corpus\travel_document\0584_c0000001-0001-0001-0001-000000000001_visa.png","travel_document","3","314715"
"585","F:\NCKH\Product\Martime_product_v1.1\edge_product\edge-services\uploads\crew\avatars\68000000-0000-4000-8000-000000000008-avatar-fdde8623c2ba412bab9cea83aa252de4.png","F:\NCKH\Product\Martime_product_v1.1\artifacts\research-sync\metadata-first-benchmark-1000\generated-corpus\crew_member\0585_68000000-0000-4000-8000-000000000008-avatar-fdde8623c2ba412bab9cea83aa252de4.png","crew_member","2","68"
"586","F:\NCKH\Product\Martime_product_v1.1\edge_product\edge-services\uploads\crew\avatars\68000000-0000-4000-8000-000000000008-avatar-fdde8623c2ba412bab9cea83aa252de4.png","F:\NCKH\Product\Martime_product_v1.1\artifacts\research-sync\metadata-first-benchmark-1000\generated-corpus\crew_member\0586_68000000-0000-4000-8000-000000000008-avatar-fdde8623c2ba412bab9cea83aa252de4.png","crew_member","2","68"
"587","F:\NCKH\Product\Martime_product_v1.1\edge_product\edge-services\uploads\crew\documents\health_documents\3bfa3d0b-d2f5-4236-b967-4a270f65e326_yellow_fever.png","F:\NCKH\Product\Martime_product_v1.1\artifacts\research-sync\metadata-first-benchmark-1000\generated-corpus\health_document\0587_3bfa3d0b-d2f5-4236-b967-4a270f65e326_yellow_fever.png","health_document","3","576399"
"588","F:\NCKH\Product\Martime_product_v1.1\edge_product\edge-services\uploads\crew\documents\health_documents\3bfa3d0b-d2f5-4236-b967-4a270f65e326_yellow_fever.png","F:\NCKH\Product\Martime_product_v1.1\artifacts\research-sync\metadata-first-benchmark-1000\generated-corpus\health_document\0588_3bfa3d0b-d2f5-4236-b967-4a270f65e326_yellow_fever.png","health_document","3","576399"
"589","F:\NCKH\Product\Martime_product_v1.1\edge_product\edge-services\uploads\crew\documents\travel_documents\c0000001-0001-0001-0001-000000000001_visa.png","F:\NCKH\Product\Martime_product_v1.1\artifacts\research-sync\metadata-first-benchmark-1000\generated-corpus\travel_document\0589_c0000001-0001-0001-0001-000000000001_visa.png","travel_document","3","314715"
"590","F:\NCKH\Product\Martime_product_v1.1\edge_product\edge-services\uploads\crew\documents\travel_documents\3bfa3d0b-d2f5-4236-b967-4a270f65e326_passport.webp","F:\NCKH\Product\Martime_product_v1.1\artifacts\research-sync\metadata-first-benchmark-1000\generated-corpus\travel_document\0590_3bfa3d0b-d2f5-4236-b967-4a270f65e326_passport.webp","travel_document","3","136104"
"591","F:\NCKH\Product\Martime_product_v1.1\edge_product\edge-services\uploads\crew\documents\travel_documents\c0000001-0001-0001-0001-000000000001_visa_20260225112400811.png","F:\NCKH\Product\Martime_product_v1.1\artifacts\research-sync\metadata-first-benchmark-1000\generated-corpus\travel_document\0591_c0000001-0001-0001-0001-000000000001_visa_20260225112400811.png","travel_document","3","288226"
"592","F:\NCKH\Product\Martime_product_v1.1\edge_product\edge-services\uploads\crew\documents\travel_documents\3bfa3d0b-d2f5-4236-b967-4a270f65e326_passport.webp","F:\NCKH\Product\Martime_product_v1.1\artifacts\research-sync\metadata-first-benchmark-1000\generated-corpus\travel_document\0592_3bfa3d0b-d2f5-4236-b967-4a270f65e326_passport.webp","travel_document","3","136104"
"593","F:\NCKH\Product\Martime_product_v1.1\edge_product\edge-services\uploads\crew\documents\health_documents\3bfa3d0b-d2f5-4236-b967-4a270f65e326_yellow_fever.png","F:\NCKH\Product\Martime_product_v1.1\artifacts\research-sync\metadata-first-benchmark-1000\generated-corpus\health_document\0593_3bfa3d0b-d2f5-4236-b967-4a270f65e326_yellow_fever.png","health_document","3","576399"
"594","F:\NCKH\Product\Martime_product_v1.1\edge_product\edge-services\uploads\crew\avatars\68000000-0000-4000-8000-000000000008-avatar-fdde8623c2ba412bab9cea83aa252de4.png","F:\NCKH\Product\Martime_product_v1.1\artifacts\research-sync\metadata-first-benchmark-1000\generated-corpus\crew_member\0594_68000000-0000-4000-8000-000000000008-avatar-fdde8623c2ba412bab9cea83aa252de4.png","crew_member","2","68"
"595","F:\NCKH\Product\Martime_product_v1.1\edge_product\edge-services\uploads\crew\avatars\a0000001-0000-0000-0000-000000000001.jpg","F:\NCKH\Product\Martime_product_v1.1\artifacts\research-sync\metadata-first-benchmark-1000\generated-corpus\crew_member\0595_a0000001-0000-0000-0000-000000000001.jpg","crew_member","2","77331"
"596","F:\NCKH\Product\Martime_product_v1.1\edge_product\edge-services\uploads\crew\certificates\cert_31_20260225172956.png","F:\NCKH\Product\Martime_product_v1.1\artifacts\research-sync\metadata-first-benchmark-1000\generated-corpus\crew_certificate\0596_cert_31_20260225172956.png","crew_certificate","2","1023525"
"597","F:\NCKH\Product\Martime_product_v1.1\edge_product\edge-services\uploads\crew\avatars\c0000001-0001-0001-0001-000000000001.jpg","F:\NCKH\Product\Martime_product_v1.1\artifacts\research-sync\metadata-first-benchmark-1000\generated-corpus\crew_member\0597_c0000001-0001-0001-0001-000000000001.jpg","crew_member","2","77331"
"598","F:\NCKH\Product\Martime_product_v1.1\edge_product\edge-services\uploads\crew\documents\travel_documents\c0000001-0001-0001-0001-000000000001_visa_20260225112400811.png","F:\NCKH\Product\Martime_product_v1.1\artifacts\research-sync\metadata-first-benchmark-1000\generated-corpus\travel_document\0598_c0000001-0001-0001-0001-000000000001_visa_20260225112400811.png","travel_document","3","288226"
"599","F:\NCKH\Product\Martime_product_v1.1\edge_product\edge-services\uploads\crew\certificates\cert_31_20260225172956.png","F:\NCKH\Product\Martime_product_v1.1\artifacts\research-sync\metadata-first-benchmark-1000\generated-corpus\crew_certificate\0599_cert_31_20260225172956.png","crew_certificate","2","1023525"
"600","F:\NCKH\Product\Martime_product_v1.1\edge_product\edge-services\uploads\crew\avatars\a0000001-0000-0000-0000-000000000001.jpg","F:\NCKH\Product\Martime_product_v1.1\artifacts\research-sync\metadata-first-benchmark-1000\generated-corpus\crew_member\0600_a0000001-0000-0000-0000-000000000001.jpg","crew_member","2","77331"
"601","F:\NCKH\Product\Martime_product_v1.1\edge_product\edge-services\uploads\crew\avatars\c0000001-0001-0001-0001-000000000003.jpg","F:\NCKH\Product\Martime_product_v1.1\artifacts\research-sync\metadata-first-benchmark-1000\generated-corpus\crew_member\0601_c0000001-0001-0001-0001-000000000003.jpg","crew_member","2","87541"
"602","F:\NCKH\Product\Martime_product_v1.1\edge_product\edge-services\uploads\crew\avatars\c0000001-0001-0001-0001-000000000003.jpg","F:\NCKH\Product\Martime_product_v1.1\artifacts\research-sync\metadata-first-benchmark-1000\generated-corpus\crew_member\0602_c0000001-0001-0001-0001-000000000003.jpg","crew_member","2","87541"
"603","F:\NCKH\Product\Martime_product_v1.1\edge_product\edge-services\uploads\crew\certificates\cert_31_20260225172956.png","F:\NCKH\Product\Martime_product_v1.1\artifacts\research-sync\metadata-first-benchmark-1000\generated-corpus\crew_certificate\0603_cert_31_20260225172956.png","crew_certificate","2","1023525"
"604","F:\NCKH\Product\Martime_product_v1.1\edge_product\edge-services\uploads\crew\avatars\c0000001-0001-0001-0001-000000000003.jpg","F:\NCKH\Product\Martime_product_v1.1\artifacts\research-sync\metadata-first-benchmark-1000\generated-corpus\crew_member\0604_c0000001-0001-0001-0001-000000000003.jpg","crew_member","2","87541"
"605","F:\NCKH\Product\Martime_product_v1.1\edge_product\edge-services\uploads\crew\documents\travel_documents\c0000001-0001-0001-0001-000000000001_visa_20260225112400811.png","F:\NCKH\Product\Martime_product_v1.1\artifacts\research-sync\metadata-first-benchmark-1000\generated-corpus\travel_document\0605_c0000001-0001-0001-0001-000000000001_visa_20260225112400811.png","travel_document","3","288226"
"606","F:\NCKH\Product\Martime_product_v1.1\edge_product\edge-services\uploads\crew\documents\travel_documents\3bfa3d0b-d2f5-4236-b967-4a270f65e326_visa.png","F:\NCKH\Product\Martime_product_v1.1\artifacts\research-sync\metadata-first-benchmark-1000\generated-corpus\travel_document\0606_3bfa3d0b-d2f5-4236-b967-4a270f65e326_visa.png","travel_document","3","473003"
"607","F:\NCKH\Product\Martime_product_v1.1\edge_product\edge-services\uploads\crew\documents\travel_documents\c0000001-0001-0001-0001-000000000003_passport.jpg","F:\NCKH\Product\Martime_product_v1.1\artifacts\research-sync\metadata-first-benchmark-1000\generated-corpus\travel_document\0607_c0000001-0001-0001-0001-000000000003_passport.jpg","travel_document","3","526059"
"608","F:\NCKH\Product\Martime_product_v1.1\edge_product\edge-services\uploads\crew\avatars\c0000001-0001-0001-0001-000000000003.jpg","F:\NCKH\Product\Martime_product_v1.1\artifacts\research-sync\metadata-first-benchmark-1000\generated-corpus\crew_member\0608_c0000001-0001-0001-0001-000000000003.jpg","crew_member","2","87541"
"609","F:\NCKH\Product\Martime_product_v1.1\edge_product\edge-services\uploads\crew\avatars\c0000001-0001-0001-0001-000000000001.jpg","F:\NCKH\Product\Martime_product_v1.1\artifacts\research-sync\metadata-first-benchmark-1000\generated-corpus\crew_member\0609_c0000001-0001-0001-0001-000000000001.jpg","crew_member","2","77331"
"610","F:\NCKH\Product\Martime_product_v1.1\edge_product\edge-services\uploads\crew\documents\travel_documents\3bfa3d0b-d2f5-4236-b967-4a270f65e326_visa.png","F:\NCKH\Product\Martime_product_v1.1\artifacts\research-sync\metadata-first-benchmark-1000\generated-corpus\travel_document\0610_3bfa3d0b-d2f5-4236-b967-4a270f65e326_visa.png","travel_document","3","473003"
"611","F:\NCKH\Product\Martime_product_v1.1\edge_product\edge-services\uploads\crew\documents\travel_documents\3bfa3d0b-d2f5-4236-b967-4a270f65e326_visa.png","F:\NCKH\Product\Martime_product_v1.1\artifacts\research-sync\metadata-first-benchmark-1000\generated-corpus\travel_document\0611_3bfa3d0b-d2f5-4236-b967-4a270f65e326_visa.png","travel_document","3","473003"
"612","F:\NCKH\Product\Martime_product_v1.1\edge_product\edge-services\uploads\crew\documents\travel_documents\c0000001-0001-0001-0001-000000000001_visa_20260225112400811.png","F:\NCKH\Product\Martime_product_v1.1\artifacts\research-sync\metadata-first-benchmark-1000\generated-corpus\travel_document\0612_c0000001-0001-0001-0001-000000000001_visa_20260225112400811.png","travel_document","3","288226"
"613","F:\NCKH\Product\Martime_product_v1.1\edge_product\edge-services\uploads\crew\documents\travel_documents\3bfa3d0b-d2f5-4236-b967-4a270f65e326_visa.png","F:\NCKH\Product\Martime_product_v1.1\artifacts\research-sync\metadata-first-benchmark-1000\generated-corpus\travel_document\0613_3bfa3d0b-d2f5-4236-b967-4a270f65e326_visa.png","travel_document","3","473003"
"614","F:\NCKH\Product\Martime_product_v1.1\edge_product\edge-services\uploads\crew\documents\travel_documents\c0000001-0001-0001-0001-000000000001_visa_20260225112400811.png","F:\NCKH\Product\Martime_product_v1.1\artifacts\research-sync\metadata-first-benchmark-1000\generated-corpus\travel_document\0614_c0000001-0001-0001-0001-000000000001_visa_20260225112400811.png","travel_document","3","288226"
"615","F:\NCKH\Product\Martime_product_v1.1\edge_product\edge-services\uploads\crew\documents\travel_documents\3bfa3d0b-d2f5-4236-b967-4a270f65e326_visa.png","F:\NCKH\Product\Martime_product_v1.1\artifacts\research-sync\metadata-first-benchmark-1000\generated-corpus\travel_document\0615_3bfa3d0b-d2f5-4236-b967-4a270f65e326_visa.png","travel_document","3","473003"
"616","F:\NCKH\Product\Martime_product_v1.1\edge_product\edge-services\uploads\crew\certificates\cert_31_20260225172956.png","F:\NCKH\Product\Martime_product_v1.1\artifacts\research-sync\metadata-first-benchmark-1000\generated-corpus\crew_certificate\0616_cert_31_20260225172956.png","crew_certificate","2","1023525"
"617","F:\NCKH\Product\Martime_product_v1.1\edge_product\edge-services\uploads\crew\avatars\a0000001-0000-0000-0000-000000000001.jpg","F:\NCKH\Product\Martime_product_v1.1\artifacts\research-sync\metadata-first-benchmark-1000\generated-corpus\crew_member\0617_a0000001-0000-0000-0000-000000000001.jpg","crew_member","2","77331"
"618","F:\NCKH\Product\Martime_product_v1.1\edge_product\edge-services\uploads\crew\avatars\c0000001-0001-0001-0001-000000000003.jpg","F:\NCKH\Product\Martime_product_v1.1\artifacts\research-sync\metadata-first-benchmark-1000\generated-corpus\crew_member\0618_c0000001-0001-0001-0001-000000000003.jpg","crew_member","2","87541"
"619","F:\NCKH\Product\Martime_product_v1.1\edge_product\edge-services\uploads\crew\documents\health_documents\3bfa3d0b-d2f5-4236-b967-4a270f65e326_yellow_fever.png","F:\NCKH\Product\Martime_product_v1.1\artifacts\research-sync\metadata-first-benchmark-1000\generated-corpus\health_document\0619_3bfa3d0b-d2f5-4236-b967-4a270f65e326_yellow_fever.png","health_document","3","576399"
"620","F:\NCKH\Product\Martime_product_v1.1\edge_product\edge-services\uploads\crew\certificates\cert_31_20260225172956.png","F:\NCKH\Product\Martime_product_v1.1\artifacts\research-sync\metadata-first-benchmark-1000\generated-corpus\crew_certificate\0620_cert_31_20260225172956.png","crew_certificate","2","1023525"
"621","F:\NCKH\Product\Martime_product_v1.1\edge_product\edge-services\uploads\crew\documents\health_documents\c0000001-0001-0001-0001-000000000001_medical.png","F:\NCKH\Product\Martime_product_v1.1\artifacts\research-sync\metadata-first-benchmark-1000\generated-corpus\health_document\0621_c0000001-0001-0001-0001-000000000001_medical.png","health_document","3","473003"
"622","F:\NCKH\Product\Martime_product_v1.1\edge_product\edge-services\uploads\crew\documents\health_documents\3bfa3d0b-d2f5-4236-b967-4a270f65e326_yellow_fever.png","F:\NCKH\Product\Martime_product_v1.1\artifacts\research-sync\metadata-first-benchmark-1000\generated-corpus\health_document\0622_3bfa3d0b-d2f5-4236-b967-4a270f65e326_yellow_fever.png","health_document","3","576399"
"623","F:\NCKH\Product\Martime_product_v1.1\edge_product\edge-services\uploads\crew\avatars\a0000001-0000-0000-0000-000000000001.jpg","F:\NCKH\Product\Martime_product_v1.1\artifacts\research-sync\metadata-first-benchmark-1000\generated-corpus\crew_member\0623_a0000001-0000-0000-0000-000000000001.jpg","crew_member","2","77331"
"624","F:\NCKH\Product\Martime_product_v1.1\edge_product\edge-services\uploads\crew\documents\travel_documents\3bfa3d0b-d2f5-4236-b967-4a270f65e326_passport.webp","F:\NCKH\Product\Martime_product_v1.1\artifacts\research-sync\metadata-first-benchmark-1000\generated-corpus\travel_document\0624_3bfa3d0b-d2f5-4236-b967-4a270f65e326_passport.webp","travel_document","3","136104"
"625","F:\NCKH\Product\Martime_product_v1.1\edge_product\edge-services\uploads\crew\certificates\cert_31_20260225172956.png","F:\NCKH\Product\Martime_product_v1.1\artifacts\research-sync\metadata-first-benchmark-1000\generated-corpus\crew_certificate\0625_cert_31_20260225172956.png","crew_certificate","2","1023525"
"626","F:\NCKH\Product\Martime_product_v1.1\edge_product\edge-services\uploads\crew\avatars\c0000001-0001-0001-0001-000000000001.jpg","F:\NCKH\Product\Martime_product_v1.1\artifacts\research-sync\metadata-first-benchmark-1000\generated-corpus\crew_member\0626_c0000001-0001-0001-0001-000000000001.jpg","crew_member","2","77331"
"627","F:\NCKH\Product\Martime_product_v1.1\edge_product\edge-services\uploads\crew\documents\travel_documents\3bfa3d0b-d2f5-4236-b967-4a270f65e326_visa.png","F:\NCKH\Product\Martime_product_v1.1\artifacts\research-sync\metadata-first-benchmark-1000\generated-corpus\travel_document\0627_3bfa3d0b-d2f5-4236-b967-4a270f65e326_visa.png","travel_document","3","473003"
"628","F:\NCKH\Product\Martime_product_v1.1\edge_product\edge-services\uploads\crew\documents\travel_documents\3bfa3d0b-d2f5-4236-b967-4a270f65e326_passport.webp","F:\NCKH\Product\Martime_product_v1.1\artifacts\research-sync\metadata-first-benchmark-1000\generated-corpus\travel_document\0628_3bfa3d0b-d2f5-4236-b967-4a270f65e326_passport.webp","travel_document","3","136104"
"629","F:\NCKH\Product\Martime_product_v1.1\edge_product\edge-services\uploads\crew\avatars\c0000001-0001-0001-0001-000000000001.jpg","F:\NCKH\Product\Martime_product_v1.1\artifacts\research-sync\metadata-first-benchmark-1000\generated-corpus\crew_member\0629_c0000001-0001-0001-0001-000000000001.jpg","crew_member","2","77331"
"630","F:\NCKH\Product\Martime_product_v1.1\edge_product\edge-services\uploads\crew\documents\health_documents\3bfa3d0b-d2f5-4236-b967-4a270f65e326_yellow_fever.png","F:\NCKH\Product\Martime_product_v1.1\artifacts\research-sync\metadata-first-benchmark-1000\generated-corpus\health_document\0630_3bfa3d0b-d2f5-4236-b967-4a270f65e326_yellow_fever.png","health_document","3","576399"
"631","F:\NCKH\Product\Martime_product_v1.1\edge_product\edge-services\uploads\crew\avatars\c0000001-0001-0001-0001-000000000001.jpg","F:\NCKH\Product\Martime_product_v1.1\artifacts\research-sync\metadata-first-benchmark-1000\generated-corpus\crew_member\0631_c0000001-0001-0001-0001-000000000001.jpg","crew_member","2","77331"
"632","F:\NCKH\Product\Martime_product_v1.1\edge_product\edge-services\uploads\crew\documents\travel_documents\c0000001-0001-0001-0001-000000000001_visa_20260225112400811.png","F:\NCKH\Product\Martime_product_v1.1\artifacts\research-sync\metadata-first-benchmark-1000\generated-corpus\travel_document\0632_c0000001-0001-0001-0001-000000000001_visa_20260225112400811.png","travel_document","3","288226"
"633","F:\NCKH\Product\Martime_product_v1.1\edge_product\edge-services\uploads\crew\documents\health_documents\3bfa3d0b-d2f5-4236-b967-4a270f65e326_yellow_fever.png","F:\NCKH\Product\Martime_product_v1.1\artifacts\research-sync\metadata-first-benchmark-1000\generated-corpus\health_document\0633_3bfa3d0b-d2f5-4236-b967-4a270f65e326_yellow_fever.png","health_document","3","576399"
"634","F:\NCKH\Product\Martime_product_v1.1\edge_product\edge-services\uploads\crew\documents\travel_documents\3bfa3d0b-d2f5-4236-b967-4a270f65e326_visa.png","F:\NCKH\Product\Martime_product_v1.1\artifacts\research-sync\metadata-first-benchmark-1000\generated-corpus\travel_document\0634_3bfa3d0b-d2f5-4236-b967-4a270f65e326_visa.png","travel_document","3","473003"
"635","F:\NCKH\Product\Martime_product_v1.1\edge_product\edge-services\uploads\crew\avatars\a0000001-0000-0000-0000-000000000001.jpg","F:\NCKH\Product\Martime_product_v1.1\artifacts\research-sync\metadata-first-benchmark-1000\generated-corpus\crew_member\0635_a0000001-0000-0000-0000-000000000001.jpg","crew_member","2","77331"
"636","F:\NCKH\Product\Martime_product_v1.1\edge_product\edge-services\uploads\crew\documents\travel_documents\c0000001-0001-0001-0001-000000000001_visa.png","F:\NCKH\Product\Martime_product_v1.1\artifacts\research-sync\metadata-first-benchmark-1000\generated-corpus\travel_document\0636_c0000001-0001-0001-0001-000000000001_visa.png","travel_document","3","314715"
"637","F:\NCKH\Product\Martime_product_v1.1\edge_product\edge-services\uploads\crew\documents\travel_documents\3bfa3d0b-d2f5-4236-b967-4a270f65e326_passport.webp","F:\NCKH\Product\Martime_product_v1.1\artifacts\research-sync\metadata-first-benchmark-1000\generated-corpus\travel_document\0637_3bfa3d0b-d2f5-4236-b967-4a270f65e326_passport.webp","travel_document","3","136104"
"638","F:\NCKH\Product\Martime_product_v1.1\edge_product\edge-services\uploads\crew\avatars\68000000-0000-4000-8000-000000000008-avatar-fdde8623c2ba412bab9cea83aa252de4.png","F:\NCKH\Product\Martime_product_v1.1\artifacts\research-sync\metadata-first-benchmark-1000\generated-corpus\crew_member\0638_68000000-0000-4000-8000-000000000008-avatar-fdde8623c2ba412bab9cea83aa252de4.png","crew_member","2","68"
"639","F:\NCKH\Product\Martime_product_v1.1\edge_product\edge-services\uploads\crew\documents\travel_documents\c0000001-0001-0001-0001-000000000001_visa_20260225112400811.png","F:\NCKH\Product\Martime_product_v1.1\artifacts\research-sync\metadata-first-benchmark-1000\generated-corpus\travel_document\0639_c0000001-0001-0001-0001-000000000001_visa_20260225112400811.png","travel_document","3","288226"
"640","F:\NCKH\Product\Martime_product_v1.1\edge_product\edge-services\uploads\crew\avatars\c0000001-0001-0001-0001-000000000003.jpg","F:\NCKH\Product\Martime_product_v1.1\artifacts\research-sync\metadata-first-benchmark-1000\generated-corpus\crew_member\0640_c0000001-0001-0001-0001-000000000003.jpg","crew_member","2","87541"
"641","F:\NCKH\Product\Martime_product_v1.1\edge_product\edge-services\uploads\crew\avatars\a0000001-0000-0000-0000-000000000001.jpg","F:\NCKH\Product\Martime_product_v1.1\artifacts\research-sync\metadata-first-benchmark-1000\generated-corpus\crew_member\0641_a0000001-0000-0000-0000-000000000001.jpg","crew_member","2","77331"
"642","F:\NCKH\Product\Martime_product_v1.1\edge_product\edge-services\uploads\crew\avatars\c0000001-0001-0001-0001-000000000001.jpg","F:\NCKH\Product\Martime_product_v1.1\artifacts\research-sync\metadata-first-benchmark-1000\generated-corpus\crew_member\0642_c0000001-0001-0001-0001-000000000001.jpg","crew_member","2","77331"
"643","F:\NCKH\Product\Martime_product_v1.1\edge_product\edge-services\uploads\crew\avatars\c0000001-0001-0001-0001-000000000001.jpg","F:\NCKH\Product\Martime_product_v1.1\artifacts\research-sync\metadata-first-benchmark-1000\generated-corpus\crew_member\0643_c0000001-0001-0001-0001-000000000001.jpg","crew_member","2","77331"
"644","F:\NCKH\Product\Martime_product_v1.1\edge_product\edge-services\uploads\crew\avatars\a0000001-0000-0000-0000-000000000001.jpg","F:\NCKH\Product\Martime_product_v1.1\artifacts\research-sync\metadata-first-benchmark-1000\generated-corpus\crew_member\0644_a0000001-0000-0000-0000-000000000001.jpg","crew_member","2","77331"
"645","F:\NCKH\Product\Martime_product_v1.1\edge_product\edge-services\uploads\crew\documents\travel_documents\c0000001-0001-0001-0001-000000000001_visa_20260225112400811.png","F:\NCKH\Product\Martime_product_v1.1\artifacts\research-sync\metadata-first-benchmark-1000\generated-corpus\travel_document\0645_c0000001-0001-0001-0001-000000000001_visa_20260225112400811.png","travel_document","3","288226"
"646","F:\NCKH\Product\Martime_product_v1.1\edge_product\edge-services\uploads\crew\documents\travel_documents\c0000001-0001-0001-0001-000000000003_passport.jpg","F:\NCKH\Product\Martime_product_v1.1\artifacts\research-sync\metadata-first-benchmark-1000\generated-corpus\travel_document\0646_c0000001-0001-0001-0001-000000000003_passport.jpg","travel_document","3","526059"
"647","F:\NCKH\Product\Martime_product_v1.1\edge_product\edge-services\uploads\crew\documents\travel_documents\c0000001-0001-0001-0001-000000000003_passport.jpg","F:\NCKH\Product\Martime_product_v1.1\artifacts\research-sync\metadata-first-benchmark-1000\generated-corpus\travel_document\0647_c0000001-0001-0001-0001-000000000003_passport.jpg","travel_document","3","526059"
"648","F:\NCKH\Product\Martime_product_v1.1\edge_product\edge-services\uploads\crew\documents\health_documents\c0000001-0001-0001-0001-000000000001_medical.png","F:\NCKH\Product\Martime_product_v1.1\artifacts\research-sync\metadata-first-benchmark-1000\generated-corpus\health_document\0648_c0000001-0001-0001-0001-000000000001_medical.png","health_document","3","473003"
"649","F:\NCKH\Product\Martime_product_v1.1\edge_product\edge-services\uploads\crew\avatars\c0000001-0001-0001-0001-000000000003.jpg","F:\NCKH\Product\Martime_product_v1.1\artifacts\research-sync\metadata-first-benchmark-1000\generated-corpus\crew_member\0649_c0000001-0001-0001-0001-000000000003.jpg","crew_member","2","87541"
"650","F:\NCKH\Product\Martime_product_v1.1\edge_product\edge-services\uploads\crew\documents\travel_documents\3bfa3d0b-d2f5-4236-b967-4a270f65e326_visa.png","F:\NCKH\Product\Martime_product_v1.1\artifacts\research-sync\metadata-first-benchmark-1000\generated-corpus\travel_document\0650_3bfa3d0b-d2f5-4236-b967-4a270f65e326_visa.png","travel_document","3","473003"
"651","F:\NCKH\Product\Martime_product_v1.1\edge_product\edge-services\uploads\crew\avatars\c0000001-0001-0001-0001-000000000003.jpg","F:\NCKH\Product\Martime_product_v1.1\artifacts\research-sync\metadata-first-benchmark-1000\generated-corpus\crew_member\0651_c0000001-0001-0001-0001-000000000003.jpg","crew_member","2","87541"
"652","F:\NCKH\Product\Martime_product_v1.1\edge_product\edge-services\uploads\crew\documents\travel_documents\c0000001-0001-0001-0001-000000000003_passport.jpg","F:\NCKH\Product\Martime_product_v1.1\artifacts\research-sync\metadata-first-benchmark-1000\generated-corpus\travel_document\0652_c0000001-0001-0001-0001-000000000003_passport.jpg","travel_document","3","526059"
"653","F:\NCKH\Product\Martime_product_v1.1\edge_product\edge-services\uploads\crew\documents\health_documents\3bfa3d0b-d2f5-4236-b967-4a270f65e326_yellow_fever.png","F:\NCKH\Product\Martime_product_v1.1\artifacts\research-sync\metadata-first-benchmark-1000\generated-corpus\health_document\0653_3bfa3d0b-d2f5-4236-b967-4a270f65e326_yellow_fever.png","health_document","3","576399"
"654","F:\NCKH\Product\Martime_product_v1.1\edge_product\edge-services\uploads\crew\avatars\68000000-0000-4000-8000-000000000008-avatar-fdde8623c2ba412bab9cea83aa252de4.png","F:\NCKH\Product\Martime_product_v1.1\artifacts\research-sync\metadata-first-benchmark-1000\generated-corpus\crew_member\0654_68000000-0000-4000-8000-000000000008-avatar-fdde8623c2ba412bab9cea83aa252de4.png","crew_member","2","68"
"655","F:\NCKH\Product\Martime_product_v1.1\edge_product\edge-services\uploads\crew\documents\health_documents\c0000001-0001-0001-0001-000000000001_medical.png","F:\NCKH\Product\Martime_product_v1.1\artifacts\research-sync\metadata-first-benchmark-1000\generated-corpus\health_document\0655_c0000001-0001-0001-0001-000000000001_medical.png","health_document","3","473003"
"656","F:\NCKH\Product\Martime_product_v1.1\edge_product\edge-services\uploads\crew\documents\travel_documents\c0000001-0001-0001-0001-000000000001_visa_20260225112400811.png","F:\NCKH\Product\Martime_product_v1.1\artifacts\research-sync\metadata-first-benchmark-1000\generated-corpus\travel_document\0656_c0000001-0001-0001-0001-000000000001_visa_20260225112400811.png","travel_document","3","288226"
"657","F:\NCKH\Product\Martime_product_v1.1\edge_product\edge-services\uploads\crew\avatars\c0000001-0001-0001-0001-000000000001.jpg","F:\NCKH\Product\Martime_product_v1.1\artifacts\research-sync\metadata-first-benchmark-1000\generated-corpus\crew_member\0657_c0000001-0001-0001-0001-000000000001.jpg","crew_member","2","77331"
"658","F:\NCKH\Product\Martime_product_v1.1\edge_product\edge-services\uploads\crew\documents\travel_documents\3bfa3d0b-d2f5-4236-b967-4a270f65e326_visa.png","F:\NCKH\Product\Martime_product_v1.1\artifacts\research-sync\metadata-first-benchmark-1000\generated-corpus\travel_document\0658_3bfa3d0b-d2f5-4236-b967-4a270f65e326_visa.png","travel_document","3","473003"
"659","F:\NCKH\Product\Martime_product_v1.1\edge_product\edge-services\uploads\crew\documents\travel_documents\c0000001-0001-0001-0001-000000000003_passport.jpg","F:\NCKH\Product\Martime_product_v1.1\artifacts\research-sync\metadata-first-benchmark-1000\generated-corpus\travel_document\0659_c0000001-0001-0001-0001-000000000003_passport.jpg","travel_document","3","526059"
"660","F:\NCKH\Product\Martime_product_v1.1\edge_product\edge-services\uploads\crew\documents\travel_documents\3bfa3d0b-d2f5-4236-b967-4a270f65e326_passport.webp","F:\NCKH\Product\Martime_product_v1.1\artifacts\research-sync\metadata-first-benchmark-1000\generated-corpus\travel_document\0660_3bfa3d0b-d2f5-4236-b967-4a270f65e326_passport.webp","travel_document","3","136104"
"661","F:\NCKH\Product\Martime_product_v1.1\edge_product\edge-services\uploads\crew\documents\travel_documents\c0000001-0001-0001-0001-000000000003_passport.jpg","F:\NCKH\Product\Martime_product_v1.1\artifacts\research-sync\metadata-first-benchmark-1000\generated-corpus\travel_document\0661_c0000001-0001-0001-0001-000000000003_passport.jpg","travel_document","3","526059"
"662","F:\NCKH\Product\Martime_product_v1.1\edge_product\edge-services\uploads\crew\certificates\cert_31_20260225172956.png","F:\NCKH\Product\Martime_product_v1.1\artifacts\research-sync\metadata-first-benchmark-1000\generated-corpus\crew_certificate\0662_cert_31_20260225172956.png","crew_certificate","2","1023525"
"663","F:\NCKH\Product\Martime_product_v1.1\edge_product\edge-services\uploads\crew\avatars\68000000-0000-4000-8000-000000000008-avatar-fdde8623c2ba412bab9cea83aa252de4.png","F:\NCKH\Product\Martime_product_v1.1\artifacts\research-sync\metadata-first-benchmark-1000\generated-corpus\crew_member\0663_68000000-0000-4000-8000-000000000008-avatar-fdde8623c2ba412bab9cea83aa252de4.png","crew_member","2","68"
"664","F:\NCKH\Product\Martime_product_v1.1\edge_product\edge-services\uploads\crew\documents\travel_documents\c0000001-0001-0001-0001-000000000001_visa.png","F:\NCKH\Product\Martime_product_v1.1\artifacts\research-sync\metadata-first-benchmark-1000\generated-corpus\travel_document\0664_c0000001-0001-0001-0001-000000000001_visa.png","travel_document","3","314715"
"665","F:\NCKH\Product\Martime_product_v1.1\edge_product\edge-services\uploads\crew\documents\health_documents\c0000001-0001-0001-0001-000000000001_medical.png","F:\NCKH\Product\Martime_product_v1.1\artifacts\research-sync\metadata-first-benchmark-1000\generated-corpus\health_document\0665_c0000001-0001-0001-0001-000000000001_medical.png","health_document","3","473003"
"666","F:\NCKH\Product\Martime_product_v1.1\edge_product\edge-services\uploads\crew\documents\travel_documents\c0000001-0001-0001-0001-000000000001_visa_20260225112400811.png","F:\NCKH\Product\Martime_product_v1.1\artifacts\research-sync\metadata-first-benchmark-1000\generated-corpus\travel_document\0666_c0000001-0001-0001-0001-000000000001_visa_20260225112400811.png","travel_document","3","288226"
"667","F:\NCKH\Product\Martime_product_v1.1\edge_product\edge-services\uploads\crew\documents\health_documents\3bfa3d0b-d2f5-4236-b967-4a270f65e326_yellow_fever.png","F:\NCKH\Product\Martime_product_v1.1\artifacts\research-sync\metadata-first-benchmark-1000\generated-corpus\health_document\0667_3bfa3d0b-d2f5-4236-b967-4a270f65e326_yellow_fever.png","health_document","3","576399"
"668","F:\NCKH\Product\Martime_product_v1.1\edge_product\edge-services\uploads\crew\documents\travel_documents\c0000001-0001-0001-0001-000000000003_passport.jpg","F:\NCKH\Product\Martime_product_v1.1\artifacts\research-sync\metadata-first-benchmark-1000\generated-corpus\travel_document\0668_c0000001-0001-0001-0001-000000000003_passport.jpg","travel_document","3","526059"
"669","F:\NCKH\Product\Martime_product_v1.1\edge_product\edge-services\uploads\crew\documents\travel_documents\3bfa3d0b-d2f5-4236-b967-4a270f65e326_visa.png","F:\NCKH\Product\Martime_product_v1.1\artifacts\research-sync\metadata-first-benchmark-1000\generated-corpus\travel_document\0669_3bfa3d0b-d2f5-4236-b967-4a270f65e326_visa.png","travel_document","3","473003"
"670","F:\NCKH\Product\Martime_product_v1.1\edge_product\edge-services\uploads\crew\documents\travel_documents\c0000001-0001-0001-0001-000000000003_passport.jpg","F:\NCKH\Product\Martime_product_v1.1\artifacts\research-sync\metadata-first-benchmark-1000\generated-corpus\travel_document\0670_c0000001-0001-0001-0001-000000000003_passport.jpg","travel_document","3","526059"
"671","F:\NCKH\Product\Martime_product_v1.1\edge_product\edge-services\uploads\crew\documents\travel_documents\c0000001-0001-0001-0001-000000000001_visa.png","F:\NCKH\Product\Martime_product_v1.1\artifacts\research-sync\metadata-first-benchmark-1000\generated-corpus\travel_document\0671_c0000001-0001-0001-0001-000000000001_visa.png","travel_document","3","314715"
"672","F:\NCKH\Product\Martime_product_v1.1\edge_product\edge-services\uploads\crew\avatars\a0000001-0000-0000-0000-000000000001.jpg","F:\NCKH\Product\Martime_product_v1.1\artifacts\research-sync\metadata-first-benchmark-1000\generated-corpus\crew_member\0672_a0000001-0000-0000-0000-000000000001.jpg","crew_member","2","77331"
"673","F:\NCKH\Product\Martime_product_v1.1\edge_product\edge-services\uploads\crew\certificates\cert_31_20260225172956.png","F:\NCKH\Product\Martime_product_v1.1\artifacts\research-sync\metadata-first-benchmark-1000\generated-corpus\crew_certificate\0673_cert_31_20260225172956.png","crew_certificate","2","1023525"
"674","F:\NCKH\Product\Martime_product_v1.1\edge_product\edge-services\uploads\crew\avatars\a0000001-0000-0000-0000-000000000001.jpg","F:\NCKH\Product\Martime_product_v1.1\artifacts\research-sync\metadata-first-benchmark-1000\generated-corpus\crew_member\0674_a0000001-0000-0000-0000-000000000001.jpg","crew_member","2","77331"
"675","F:\NCKH\Product\Martime_product_v1.1\edge_product\edge-services\uploads\crew\avatars\c0000001-0001-0001-0001-000000000001.jpg","F:\NCKH\Product\Martime_product_v1.1\artifacts\research-sync\metadata-first-benchmark-1000\generated-corpus\crew_member\0675_c0000001-0001-0001-0001-000000000001.jpg","crew_member","2","77331"
"676","F:\NCKH\Product\Martime_product_v1.1\edge_product\edge-services\uploads\crew\certificates\cert_31_20260225172956.png","F:\NCKH\Product\Martime_product_v1.1\artifacts\research-sync\metadata-first-benchmark-1000\generated-corpus\crew_certificate\0676_cert_31_20260225172956.png","crew_certificate","2","1023525"
"677","F:\NCKH\Product\Martime_product_v1.1\edge_product\edge-services\uploads\crew\avatars\c0000001-0001-0001-0001-000000000001.jpg","F:\NCKH\Product\Martime_product_v1.1\artifacts\research-sync\metadata-first-benchmark-1000\generated-corpus\crew_member\0677_c0000001-0001-0001-0001-000000000001.jpg","crew_member","2","77331"
"678","F:\NCKH\Product\Martime_product_v1.1\edge_product\edge-services\uploads\crew\documents\travel_documents\c0000001-0001-0001-0001-000000000003_passport.jpg","F:\NCKH\Product\Martime_product_v1.1\artifacts\research-sync\metadata-first-benchmark-1000\generated-corpus\travel_document\0678_c0000001-0001-0001-0001-000000000003_passport.jpg","travel_document","3","526059"
"679","F:\NCKH\Product\Martime_product_v1.1\edge_product\edge-services\uploads\crew\documents\travel_documents\c0000001-0001-0001-0001-000000000001_visa.png","F:\NCKH\Product\Martime_product_v1.1\artifacts\research-sync\metadata-first-benchmark-1000\generated-corpus\travel_document\0679_c0000001-0001-0001-0001-000000000001_visa.png","travel_document","3","314715"
"680","F:\NCKH\Product\Martime_product_v1.1\edge_product\edge-services\uploads\crew\certificates\cert_31_20260225172956.png","F:\NCKH\Product\Martime_product_v1.1\artifacts\research-sync\metadata-first-benchmark-1000\generated-corpus\crew_certificate\0680_cert_31_20260225172956.png","crew_certificate","2","1023525"
"681","F:\NCKH\Product\Martime_product_v1.1\edge_product\edge-services\uploads\crew\avatars\c0000001-0001-0001-0001-000000000003.jpg","F:\NCKH\Product\Martime_product_v1.1\artifacts\research-sync\metadata-first-benchmark-1000\generated-corpus\crew_member\0681_c0000001-0001-0001-0001-000000000003.jpg","crew_member","2","87541"
"682","F:\NCKH\Product\Martime_product_v1.1\edge_product\edge-services\uploads\crew\avatars\c0000001-0001-0001-0001-000000000001.jpg","F:\NCKH\Product\Martime_product_v1.1\artifacts\research-sync\metadata-first-benchmark-1000\generated-corpus\crew_member\0682_c0000001-0001-0001-0001-000000000001.jpg","crew_member","2","77331"
"683","F:\NCKH\Product\Martime_product_v1.1\edge_product\edge-services\uploads\crew\avatars\c0000001-0001-0001-0001-000000000003.jpg","F:\NCKH\Product\Martime_product_v1.1\artifacts\research-sync\metadata-first-benchmark-1000\generated-corpus\crew_member\0683_c0000001-0001-0001-0001-000000000003.jpg","crew_member","2","87541"
"684","F:\NCKH\Product\Martime_product_v1.1\edge_product\edge-services\uploads\crew\documents\health_documents\c0000001-0001-0001-0001-000000000001_medical.png","F:\NCKH\Product\Martime_product_v1.1\artifacts\research-sync\metadata-first-benchmark-1000\generated-corpus\health_document\0684_c0000001-0001-0001-0001-000000000001_medical.png","health_document","3","473003"
"685","F:\NCKH\Product\Martime_product_v1.1\edge_product\edge-services\uploads\crew\avatars\c0000001-0001-0001-0001-000000000001.jpg","F:\NCKH\Product\Martime_product_v1.1\artifacts\research-sync\metadata-first-benchmark-1000\generated-corpus\crew_member\0685_c0000001-0001-0001-0001-000000000001.jpg","crew_member","2","77331"
"686","F:\NCKH\Product\Martime_product_v1.1\edge_product\edge-services\uploads\crew\avatars\c0000001-0001-0001-0001-000000000003.jpg","F:\NCKH\Product\Martime_product_v1.1\artifacts\research-sync\metadata-first-benchmark-1000\generated-corpus\crew_member\0686_c0000001-0001-0001-0001-000000000003.jpg","crew_member","2","87541"
"687","F:\NCKH\Product\Martime_product_v1.1\edge_product\edge-services\uploads\crew\documents\health_documents\3bfa3d0b-d2f5-4236-b967-4a270f65e326_yellow_fever.png","F:\NCKH\Product\Martime_product_v1.1\artifacts\research-sync\metadata-first-benchmark-1000\generated-corpus\health_document\0687_3bfa3d0b-d2f5-4236-b967-4a270f65e326_yellow_fever.png","health_document","3","576399"
"688","F:\NCKH\Product\Martime_product_v1.1\edge_product\edge-services\uploads\crew\documents\health_documents\3bfa3d0b-d2f5-4236-b967-4a270f65e326_yellow_fever.png","F:\NCKH\Product\Martime_product_v1.1\artifacts\research-sync\metadata-first-benchmark-1000\generated-corpus\health_document\0688_3bfa3d0b-d2f5-4236-b967-4a270f65e326_yellow_fever.png","health_document","3","576399"
"689","F:\NCKH\Product\Martime_product_v1.1\edge_product\edge-services\uploads\crew\avatars\a0000001-0000-0000-0000-000000000001.jpg","F:\NCKH\Product\Martime_product_v1.1\artifacts\research-sync\metadata-first-benchmark-1000\generated-corpus\crew_member\0689_a0000001-0000-0000-0000-000000000001.jpg","crew_member","2","77331"
"690","F:\NCKH\Product\Martime_product_v1.1\edge_product\edge-services\uploads\crew\avatars\c0000001-0001-0001-0001-000000000003.jpg","F:\NCKH\Product\Martime_product_v1.1\artifacts\research-sync\metadata-first-benchmark-1000\generated-corpus\crew_member\0690_c0000001-0001-0001-0001-000000000003.jpg","crew_member","2","87541"
"691","F:\NCKH\Product\Martime_product_v1.1\edge_product\edge-services\uploads\crew\documents\travel_documents\3bfa3d0b-d2f5-4236-b967-4a270f65e326_passport.webp","F:\NCKH\Product\Martime_product_v1.1\artifacts\research-sync\metadata-first-benchmark-1000\generated-corpus\travel_document\0691_3bfa3d0b-d2f5-4236-b967-4a270f65e326_passport.webp","travel_document","3","136104"
"692","F:\NCKH\Product\Martime_product_v1.1\edge_product\edge-services\uploads\crew\documents\travel_documents\c0000001-0001-0001-0001-000000000001_visa_20260225112400811.png","F:\NCKH\Product\Martime_product_v1.1\artifacts\research-sync\metadata-first-benchmark-1000\generated-corpus\travel_document\0692_c0000001-0001-0001-0001-000000000001_visa_20260225112400811.png","travel_document","3","288226"
"693","F:\NCKH\Product\Martime_product_v1.1\edge_product\edge-services\uploads\crew\avatars\68000000-0000-4000-8000-000000000008-avatar-fdde8623c2ba412bab9cea83aa252de4.png","F:\NCKH\Product\Martime_product_v1.1\artifacts\research-sync\metadata-first-benchmark-1000\generated-corpus\crew_member\0693_68000000-0000-4000-8000-000000000008-avatar-fdde8623c2ba412bab9cea83aa252de4.png","crew_member","2","68"
"694","F:\NCKH\Product\Martime_product_v1.1\edge_product\edge-services\uploads\crew\avatars\c0000001-0001-0001-0001-000000000003.jpg","F:\NCKH\Product\Martime_product_v1.1\artifacts\research-sync\metadata-first-benchmark-1000\generated-corpus\crew_member\0694_c0000001-0001-0001-0001-000000000003.jpg","crew_member","2","87541"
"695","F:\NCKH\Product\Martime_product_v1.1\edge_product\edge-services\uploads\crew\avatars\c0000001-0001-0001-0001-000000000003.jpg","F:\NCKH\Product\Martime_product_v1.1\artifacts\research-sync\metadata-first-benchmark-1000\generated-corpus\crew_member\0695_c0000001-0001-0001-0001-000000000003.jpg","crew_member","2","87541"
"696","F:\NCKH\Product\Martime_product_v1.1\edge_product\edge-services\uploads\crew\documents\travel_documents\c0000001-0001-0001-0001-000000000001_visa.png","F:\NCKH\Product\Martime_product_v1.1\artifacts\research-sync\metadata-first-benchmark-1000\generated-corpus\travel_document\0696_c0000001-0001-0001-0001-000000000001_visa.png","travel_document","3","314715"
"697","F:\NCKH\Product\Martime_product_v1.1\edge_product\edge-services\uploads\crew\avatars\a0000001-0000-0000-0000-000000000001.jpg","F:\NCKH\Product\Martime_product_v1.1\artifacts\research-sync\metadata-first-benchmark-1000\generated-corpus\crew_member\0697_a0000001-0000-0000-0000-000000000001.jpg","crew_member","2","77331"
"698","F:\NCKH\Product\Martime_product_v1.1\edge_product\edge-services\uploads\crew\documents\health_documents\3bfa3d0b-d2f5-4236-b967-4a270f65e326_yellow_fever.png","F:\NCKH\Product\Martime_product_v1.1\artifacts\research-sync\metadata-first-benchmark-1000\generated-corpus\health_document\0698_3bfa3d0b-d2f5-4236-b967-4a270f65e326_yellow_fever.png","health_document","3","576399"
"699","F:\NCKH\Product\Martime_product_v1.1\edge_product\edge-services\uploads\crew\documents\travel_documents\3bfa3d0b-d2f5-4236-b967-4a270f65e326_passport.webp","F:\NCKH\Product\Martime_product_v1.1\artifacts\research-sync\metadata-first-benchmark-1000\generated-corpus\travel_document\0699_3bfa3d0b-d2f5-4236-b967-4a270f65e326_passport.webp","travel_document","3","136104"
"700","F:\NCKH\Product\Martime_product_v1.1\edge_product\edge-services\uploads\crew\avatars\68000000-0000-4000-8000-000000000008-avatar-fdde8623c2ba412bab9cea83aa252de4.png","F:\NCKH\Product\Martime_product_v1.1\artifacts\research-sync\metadata-first-benchmark-1000\generated-corpus\crew_member\0700_68000000-0000-4000-8000-000000000008-avatar-fdde8623c2ba412bab9cea83aa252de4.png","crew_member","2","68"
"701","F:\NCKH\Product\Martime_product_v1.1\edge_product\edge-services\uploads\crew\documents\health_documents\c0000001-0001-0001-0001-000000000001_medical.png","F:\NCKH\Product\Martime_product_v1.1\artifacts\research-sync\metadata-first-benchmark-1000\generated-corpus\health_document\0701_c0000001-0001-0001-0001-000000000001_medical.png","health_document","3","473003"
"702","F:\NCKH\Product\Martime_product_v1.1\edge_product\edge-services\uploads\crew\avatars\68000000-0000-4000-8000-000000000008-avatar-fdde8623c2ba412bab9cea83aa252de4.png","F:\NCKH\Product\Martime_product_v1.1\artifacts\research-sync\metadata-first-benchmark-1000\generated-corpus\crew_member\0702_68000000-0000-4000-8000-000000000008-avatar-fdde8623c2ba412bab9cea83aa252de4.png","crew_member","2","68"
"703","F:\NCKH\Product\Martime_product_v1.1\edge_product\edge-services\uploads\crew\documents\travel_documents\c0000001-0001-0001-0001-000000000001_visa.png","F:\NCKH\Product\Martime_product_v1.1\artifacts\research-sync\metadata-first-benchmark-1000\generated-corpus\travel_document\0703_c0000001-0001-0001-0001-000000000001_visa.png","travel_document","3","314715"
"704","F:\NCKH\Product\Martime_product_v1.1\edge_product\edge-services\uploads\crew\certificates\cert_31_20260225172956.png","F:\NCKH\Product\Martime_product_v1.1\artifacts\research-sync\metadata-first-benchmark-1000\generated-corpus\crew_certificate\0704_cert_31_20260225172956.png","crew_certificate","2","1023525"
"705","F:\NCKH\Product\Martime_product_v1.1\edge_product\edge-services\uploads\crew\documents\travel_documents\c0000001-0001-0001-0001-000000000001_visa_20260225112400811.png","F:\NCKH\Product\Martime_product_v1.1\artifacts\research-sync\metadata-first-benchmark-1000\generated-corpus\travel_document\0705_c0000001-0001-0001-0001-000000000001_visa_20260225112400811.png","travel_document","3","288226"
"706","F:\NCKH\Product\Martime_product_v1.1\edge_product\edge-services\uploads\crew\avatars\c0000001-0001-0001-0001-000000000001.jpg","F:\NCKH\Product\Martime_product_v1.1\artifacts\research-sync\metadata-first-benchmark-1000\generated-corpus\crew_member\0706_c0000001-0001-0001-0001-000000000001.jpg","crew_member","2","77331"
"707","F:\NCKH\Product\Martime_product_v1.1\edge_product\edge-services\uploads\crew\documents\health_documents\c0000001-0001-0001-0001-000000000001_medical.png","F:\NCKH\Product\Martime_product_v1.1\artifacts\research-sync\metadata-first-benchmark-1000\generated-corpus\health_document\0707_c0000001-0001-0001-0001-000000000001_medical.png","health_document","3","473003"
"708","F:\NCKH\Product\Martime_product_v1.1\edge_product\edge-services\uploads\crew\certificates\cert_31_20260225172956.png","F:\NCKH\Product\Martime_product_v1.1\artifacts\research-sync\metadata-first-benchmark-1000\generated-corpus\crew_certificate\0708_cert_31_20260225172956.png","crew_certificate","2","1023525"
"709","F:\NCKH\Product\Martime_product_v1.1\edge_product\edge-services\uploads\crew\documents\travel_documents\c0000001-0001-0001-0001-000000000001_visa.png","F:\NCKH\Product\Martime_product_v1.1\artifacts\research-sync\metadata-first-benchmark-1000\generated-corpus\travel_document\0709_c0000001-0001-0001-0001-000000000001_visa.png","travel_document","3","314715"
"710","F:\NCKH\Product\Martime_product_v1.1\edge_product\edge-services\uploads\crew\avatars\c0000001-0001-0001-0001-000000000001.jpg","F:\NCKH\Product\Martime_product_v1.1\artifacts\research-sync\metadata-first-benchmark-1000\generated-corpus\crew_member\0710_c0000001-0001-0001-0001-000000000001.jpg","crew_member","2","77331"
"711","F:\NCKH\Product\Martime_product_v1.1\edge_product\edge-services\uploads\crew\documents\travel_documents\3bfa3d0b-d2f5-4236-b967-4a270f65e326_passport.webp","F:\NCKH\Product\Martime_product_v1.1\artifacts\research-sync\metadata-first-benchmark-1000\generated-corpus\travel_document\0711_3bfa3d0b-d2f5-4236-b967-4a270f65e326_passport.webp","travel_document","3","136104"
"712","F:\NCKH\Product\Martime_product_v1.1\edge_product\edge-services\uploads\crew\avatars\c0000001-0001-0001-0001-000000000001.jpg","F:\NCKH\Product\Martime_product_v1.1\artifacts\research-sync\metadata-first-benchmark-1000\generated-corpus\crew_member\0712_c0000001-0001-0001-0001-000000000001.jpg","crew_member","2","77331"
"713","F:\NCKH\Product\Martime_product_v1.1\edge_product\edge-services\uploads\crew\documents\travel_documents\c0000001-0001-0001-0001-000000000003_passport.jpg","F:\NCKH\Product\Martime_product_v1.1\artifacts\research-sync\metadata-first-benchmark-1000\generated-corpus\travel_document\0713_c0000001-0001-0001-0001-000000000003_passport.jpg","travel_document","3","526059"
"714","F:\NCKH\Product\Martime_product_v1.1\edge_product\edge-services\uploads\crew\documents\health_documents\c0000001-0001-0001-0001-000000000001_medical.png","F:\NCKH\Product\Martime_product_v1.1\artifacts\research-sync\metadata-first-benchmark-1000\generated-corpus\health_document\0714_c0000001-0001-0001-0001-000000000001_medical.png","health_document","3","473003"
"715","F:\NCKH\Product\Martime_product_v1.1\edge_product\edge-services\uploads\crew\certificates\cert_31_20260225172956.png","F:\NCKH\Product\Martime_product_v1.1\artifacts\research-sync\metadata-first-benchmark-1000\generated-corpus\crew_certificate\0715_cert_31_20260225172956.png","crew_certificate","2","1023525"
"716","F:\NCKH\Product\Martime_product_v1.1\edge_product\edge-services\uploads\crew\documents\travel_documents\c0000001-0001-0001-0001-000000000001_visa.png","F:\NCKH\Product\Martime_product_v1.1\artifacts\research-sync\metadata-first-benchmark-1000\generated-corpus\travel_document\0716_c0000001-0001-0001-0001-000000000001_visa.png","travel_document","3","314715"
"717","F:\NCKH\Product\Martime_product_v1.1\edge_product\edge-services\uploads\crew\avatars\68000000-0000-4000-8000-000000000008-avatar-fdde8623c2ba412bab9cea83aa252de4.png","F:\NCKH\Product\Martime_product_v1.1\artifacts\research-sync\metadata-first-benchmark-1000\generated-corpus\crew_member\0717_68000000-0000-4000-8000-000000000008-avatar-fdde8623c2ba412bab9cea83aa252de4.png","crew_member","2","68"
"718","F:\NCKH\Product\Martime_product_v1.1\edge_product\edge-services\uploads\crew\documents\health_documents\c0000001-0001-0001-0001-000000000001_medical.png","F:\NCKH\Product\Martime_product_v1.1\artifacts\research-sync\metadata-first-benchmark-1000\generated-corpus\health_document\0718_c0000001-0001-0001-0001-000000000001_medical.png","health_document","3","473003"
"719","F:\NCKH\Product\Martime_product_v1.1\edge_product\edge-services\uploads\crew\documents\travel_documents\3bfa3d0b-d2f5-4236-b967-4a270f65e326_passport.webp","F:\NCKH\Product\Martime_product_v1.1\artifacts\research-sync\metadata-first-benchmark-1000\generated-corpus\travel_document\0719_3bfa3d0b-d2f5-4236-b967-4a270f65e326_passport.webp","travel_document","3","136104"
"720","F:\NCKH\Product\Martime_product_v1.1\edge_product\edge-services\uploads\crew\avatars\c0000001-0001-0001-0001-000000000003.jpg","F:\NCKH\Product\Martime_product_v1.1\artifacts\research-sync\metadata-first-benchmark-1000\generated-corpus\crew_member\0720_c0000001-0001-0001-0001-000000000003.jpg","crew_member","2","87541"
"721","F:\NCKH\Product\Martime_product_v1.1\edge_product\edge-services\uploads\crew\certificates\cert_31_20260225172956.png","F:\NCKH\Product\Martime_product_v1.1\artifacts\research-sync\metadata-first-benchmark-1000\generated-corpus\crew_certificate\0721_cert_31_20260225172956.png","crew_certificate","2","1023525"
"722","F:\NCKH\Product\Martime_product_v1.1\edge_product\edge-services\uploads\crew\documents\travel_documents\c0000001-0001-0001-0001-000000000003_passport.jpg","F:\NCKH\Product\Martime_product_v1.1\artifacts\research-sync\metadata-first-benchmark-1000\generated-corpus\travel_document\0722_c0000001-0001-0001-0001-000000000003_passport.jpg","travel_document","3","526059"
"723","F:\NCKH\Product\Martime_product_v1.1\edge_product\edge-services\uploads\crew\documents\travel_documents\c0000001-0001-0001-0001-000000000001_visa.png","F:\NCKH\Product\Martime_product_v1.1\artifacts\research-sync\metadata-first-benchmark-1000\generated-corpus\travel_document\0723_c0000001-0001-0001-0001-000000000001_visa.png","travel_document","3","314715"
"724","F:\NCKH\Product\Martime_product_v1.1\edge_product\edge-services\uploads\crew\documents\health_documents\3bfa3d0b-d2f5-4236-b967-4a270f65e326_yellow_fever.png","F:\NCKH\Product\Martime_product_v1.1\artifacts\research-sync\metadata-first-benchmark-1000\generated-corpus\health_document\0724_3bfa3d0b-d2f5-4236-b967-4a270f65e326_yellow_fever.png","health_document","3","576399"
"725","F:\NCKH\Product\Martime_product_v1.1\edge_product\edge-services\uploads\crew\avatars\c0000001-0001-0001-0001-000000000003.jpg","F:\NCKH\Product\Martime_product_v1.1\artifacts\research-sync\metadata-first-benchmark-1000\generated-corpus\crew_member\0725_c0000001-0001-0001-0001-000000000003.jpg","crew_member","2","87541"
"726","F:\NCKH\Product\Martime_product_v1.1\edge_product\edge-services\uploads\crew\documents\travel_documents\c0000001-0001-0001-0001-000000000001_visa_20260225112400811.png","F:\NCKH\Product\Martime_product_v1.1\artifacts\research-sync\metadata-first-benchmark-1000\generated-corpus\travel_document\0726_c0000001-0001-0001-0001-000000000001_visa_20260225112400811.png","travel_document","3","288226"
"727","F:\NCKH\Product\Martime_product_v1.1\edge_product\edge-services\uploads\crew\avatars\68000000-0000-4000-8000-000000000008-avatar-fdde8623c2ba412bab9cea83aa252de4.png","F:\NCKH\Product\Martime_product_v1.1\artifacts\research-sync\metadata-first-benchmark-1000\generated-corpus\crew_member\0727_68000000-0000-4000-8000-000000000008-avatar-fdde8623c2ba412bab9cea83aa252de4.png","crew_member","2","68"
"728","F:\NCKH\Product\Martime_product_v1.1\edge_product\edge-services\uploads\crew\avatars\a0000001-0000-0000-0000-000000000001.jpg","F:\NCKH\Product\Martime_product_v1.1\artifacts\research-sync\metadata-first-benchmark-1000\generated-corpus\crew_member\0728_a0000001-0000-0000-0000-000000000001.jpg","crew_member","2","77331"
"729","F:\NCKH\Product\Martime_product_v1.1\edge_product\edge-services\uploads\crew\documents\travel_documents\c0000001-0001-0001-0001-000000000001_visa.png","F:\NCKH\Product\Martime_product_v1.1\artifacts\research-sync\metadata-first-benchmark-1000\generated-corpus\travel_document\0729_c0000001-0001-0001-0001-000000000001_visa.png","travel_document","3","314715"
"730","F:\NCKH\Product\Martime_product_v1.1\edge_product\edge-services\uploads\crew\documents\health_documents\3bfa3d0b-d2f5-4236-b967-4a270f65e326_yellow_fever.png","F:\NCKH\Product\Martime_product_v1.1\artifacts\research-sync\metadata-first-benchmark-1000\generated-corpus\health_document\0730_3bfa3d0b-d2f5-4236-b967-4a270f65e326_yellow_fever.png","health_document","3","576399"
"731","F:\NCKH\Product\Martime_product_v1.1\edge_product\edge-services\uploads\crew\avatars\c0000001-0001-0001-0001-000000000001.jpg","F:\NCKH\Product\Martime_product_v1.1\artifacts\research-sync\metadata-first-benchmark-1000\generated-corpus\crew_member\0731_c0000001-0001-0001-0001-000000000001.jpg","crew_member","2","77331"
"732","F:\NCKH\Product\Martime_product_v1.1\edge_product\edge-services\uploads\crew\documents\travel_documents\c0000001-0001-0001-0001-000000000001_visa.png","F:\NCKH\Product\Martime_product_v1.1\artifacts\research-sync\metadata-first-benchmark-1000\generated-corpus\travel_document\0732_c0000001-0001-0001-0001-000000000001_visa.png","travel_document","3","314715"
"733","F:\NCKH\Product\Martime_product_v1.1\edge_product\edge-services\uploads\crew\certificates\cert_31_20260225172956.png","F:\NCKH\Product\Martime_product_v1.1\artifacts\research-sync\metadata-first-benchmark-1000\generated-corpus\crew_certificate\0733_cert_31_20260225172956.png","crew_certificate","2","1023525"
"734","F:\NCKH\Product\Martime_product_v1.1\edge_product\edge-services\uploads\crew\documents\travel_documents\c0000001-0001-0001-0001-000000000001_visa.png","F:\NCKH\Product\Martime_product_v1.1\artifacts\research-sync\metadata-first-benchmark-1000\generated-corpus\travel_document\0734_c0000001-0001-0001-0001-000000000001_visa.png","travel_document","3","314715"
"735","F:\NCKH\Product\Martime_product_v1.1\edge_product\edge-services\uploads\crew\documents\travel_documents\c0000001-0001-0001-0001-000000000001_visa_20260225112400811.png","F:\NCKH\Product\Martime_product_v1.1\artifacts\research-sync\metadata-first-benchmark-1000\generated-corpus\travel_document\0735_c0000001-0001-0001-0001-000000000001_visa_20260225112400811.png","travel_document","3","288226"
"736","F:\NCKH\Product\Martime_product_v1.1\edge_product\edge-services\uploads\crew\avatars\c0000001-0001-0001-0001-000000000003.jpg","F:\NCKH\Product\Martime_product_v1.1\artifacts\research-sync\metadata-first-benchmark-1000\generated-corpus\crew_member\0736_c0000001-0001-0001-0001-000000000003.jpg","crew_member","2","87541"
"737","F:\NCKH\Product\Martime_product_v1.1\edge_product\edge-services\uploads\crew\certificates\cert_31_20260225172956.png","F:\NCKH\Product\Martime_product_v1.1\artifacts\research-sync\metadata-first-benchmark-1000\generated-corpus\crew_certificate\0737_cert_31_20260225172956.png","crew_certificate","2","1023525"
"738","F:\NCKH\Product\Martime_product_v1.1\edge_product\edge-services\uploads\crew\documents\travel_documents\c0000001-0001-0001-0001-000000000003_passport.jpg","F:\NCKH\Product\Martime_product_v1.1\artifacts\research-sync\metadata-first-benchmark-1000\generated-corpus\travel_document\0738_c0000001-0001-0001-0001-000000000003_passport.jpg","travel_document","3","526059"
"739","F:\NCKH\Product\Martime_product_v1.1\edge_product\edge-services\uploads\crew\documents\travel_documents\3bfa3d0b-d2f5-4236-b967-4a270f65e326_passport.webp","F:\NCKH\Product\Martime_product_v1.1\artifacts\research-sync\metadata-first-benchmark-1000\generated-corpus\travel_document\0739_3bfa3d0b-d2f5-4236-b967-4a270f65e326_passport.webp","travel_document","3","136104"
"740","F:\NCKH\Product\Martime_product_v1.1\edge_product\edge-services\uploads\crew\avatars\68000000-0000-4000-8000-000000000008-avatar-fdde8623c2ba412bab9cea83aa252de4.png","F:\NCKH\Product\Martime_product_v1.1\artifacts\research-sync\metadata-first-benchmark-1000\generated-corpus\crew_member\0740_68000000-0000-4000-8000-000000000008-avatar-fdde8623c2ba412bab9cea83aa252de4.png","crew_member","2","68"
"741","F:\NCKH\Product\Martime_product_v1.1\edge_product\edge-services\uploads\crew\documents\travel_documents\3bfa3d0b-d2f5-4236-b967-4a270f65e326_visa.png","F:\NCKH\Product\Martime_product_v1.1\artifacts\research-sync\metadata-first-benchmark-1000\generated-corpus\travel_document\0741_3bfa3d0b-d2f5-4236-b967-4a270f65e326_visa.png","travel_document","3","473003"
"742","F:\NCKH\Product\Martime_product_v1.1\edge_product\edge-services\uploads\crew\avatars\a0000001-0000-0000-0000-000000000001.jpg","F:\NCKH\Product\Martime_product_v1.1\artifacts\research-sync\metadata-first-benchmark-1000\generated-corpus\crew_member\0742_a0000001-0000-0000-0000-000000000001.jpg","crew_member","2","77331"
"743","F:\NCKH\Product\Martime_product_v1.1\edge_product\edge-services\uploads\crew\documents\travel_documents\3bfa3d0b-d2f5-4236-b967-4a270f65e326_passport.webp","F:\NCKH\Product\Martime_product_v1.1\artifacts\research-sync\metadata-first-benchmark-1000\generated-corpus\travel_document\0743_3bfa3d0b-d2f5-4236-b967-4a270f65e326_passport.webp","travel_document","3","136104"
"744","F:\NCKH\Product\Martime_product_v1.1\edge_product\edge-services\uploads\crew\documents\travel_documents\c0000001-0001-0001-0001-000000000003_passport.jpg","F:\NCKH\Product\Martime_product_v1.1\artifacts\research-sync\metadata-first-benchmark-1000\generated-corpus\travel_document\0744_c0000001-0001-0001-0001-000000000003_passport.jpg","travel_document","3","526059"
"745","F:\NCKH\Product\Martime_product_v1.1\edge_product\edge-services\uploads\crew\documents\travel_documents\3bfa3d0b-d2f5-4236-b967-4a270f65e326_visa.png","F:\NCKH\Product\Martime_product_v1.1\artifacts\research-sync\metadata-first-benchmark-1000\generated-corpus\travel_document\0745_3bfa3d0b-d2f5-4236-b967-4a270f65e326_visa.png","travel_document","3","473003"
"746","F:\NCKH\Product\Martime_product_v1.1\edge_product\edge-services\uploads\crew\documents\health_documents\3bfa3d0b-d2f5-4236-b967-4a270f65e326_yellow_fever.png","F:\NCKH\Product\Martime_product_v1.1\artifacts\research-sync\metadata-first-benchmark-1000\generated-corpus\health_document\0746_3bfa3d0b-d2f5-4236-b967-4a270f65e326_yellow_fever.png","health_document","3","576399"
"747","F:\NCKH\Product\Martime_product_v1.1\edge_product\edge-services\uploads\crew\documents\travel_documents\c0000001-0001-0001-0001-000000000003_passport.jpg","F:\NCKH\Product\Martime_product_v1.1\artifacts\research-sync\metadata-first-benchmark-1000\generated-corpus\travel_document\0747_c0000001-0001-0001-0001-000000000003_passport.jpg","travel_document","3","526059"
"748","F:\NCKH\Product\Martime_product_v1.1\edge_product\edge-services\uploads\crew\documents\health_documents\c0000001-0001-0001-0001-000000000001_medical.png","F:\NCKH\Product\Martime_product_v1.1\artifacts\research-sync\metadata-first-benchmark-1000\generated-corpus\health_document\0748_c0000001-0001-0001-0001-000000000001_medical.png","health_document","3","473003"
"749","F:\NCKH\Product\Martime_product_v1.1\edge_product\edge-services\uploads\crew\documents\travel_documents\c0000001-0001-0001-0001-000000000001_visa_20260225112400811.png","F:\NCKH\Product\Martime_product_v1.1\artifacts\research-sync\metadata-first-benchmark-1000\generated-corpus\travel_document\0749_c0000001-0001-0001-0001-000000000001_visa_20260225112400811.png","travel_document","3","288226"
"750","F:\NCKH\Product\Martime_product_v1.1\edge_product\edge-services\uploads\crew\documents\health_documents\3bfa3d0b-d2f5-4236-b967-4a270f65e326_yellow_fever.png","F:\NCKH\Product\Martime_product_v1.1\artifacts\research-sync\metadata-first-benchmark-1000\generated-corpus\health_document\0750_3bfa3d0b-d2f5-4236-b967-4a270f65e326_yellow_fever.png","health_document","3","576399"
"751","F:\NCKH\Product\Martime_product_v1.1\edge_product\edge-services\uploads\crew\documents\travel_documents\c0000001-0001-0001-0001-000000000001_visa.png","F:\NCKH\Product\Martime_product_v1.1\artifacts\research-sync\metadata-first-benchmark-1000\generated-corpus\travel_document\0751_c0000001-0001-0001-0001-000000000001_visa.png","travel_document","3","314715"
"752","F:\NCKH\Product\Martime_product_v1.1\edge_product\edge-services\uploads\crew\documents\travel_documents\3bfa3d0b-d2f5-4236-b967-4a270f65e326_passport.webp","F:\NCKH\Product\Martime_product_v1.1\artifacts\research-sync\metadata-first-benchmark-1000\generated-corpus\travel_document\0752_3bfa3d0b-d2f5-4236-b967-4a270f65e326_passport.webp","travel_document","3","136104"
"753","F:\NCKH\Product\Martime_product_v1.1\edge_product\edge-services\uploads\crew\documents\travel_documents\c0000001-0001-0001-0001-000000000001_visa_20260225112400811.png","F:\NCKH\Product\Martime_product_v1.1\artifacts\research-sync\metadata-first-benchmark-1000\generated-corpus\travel_document\0753_c0000001-0001-0001-0001-000000000001_visa_20260225112400811.png","travel_document","3","288226"
"754","F:\NCKH\Product\Martime_product_v1.1\edge_product\edge-services\uploads\crew\certificates\cert_31_20260225172956.png","F:\NCKH\Product\Martime_product_v1.1\artifacts\research-sync\metadata-first-benchmark-1000\generated-corpus\crew_certificate\0754_cert_31_20260225172956.png","crew_certificate","2","1023525"
"755","F:\NCKH\Product\Martime_product_v1.1\edge_product\edge-services\uploads\crew\documents\travel_documents\3bfa3d0b-d2f5-4236-b967-4a270f65e326_passport.webp","F:\NCKH\Product\Martime_product_v1.1\artifacts\research-sync\metadata-first-benchmark-1000\generated-corpus\travel_document\0755_3bfa3d0b-d2f5-4236-b967-4a270f65e326_passport.webp","travel_document","3","136104"
"756","F:\NCKH\Product\Martime_product_v1.1\edge_product\edge-services\uploads\crew\documents\health_documents\c0000001-0001-0001-0001-000000000001_medical.png","F:\NCKH\Product\Martime_product_v1.1\artifacts\research-sync\metadata-first-benchmark-1000\generated-corpus\health_document\0756_c0000001-0001-0001-0001-000000000001_medical.png","health_document","3","473003"
"757","F:\NCKH\Product\Martime_product_v1.1\edge_product\edge-services\uploads\crew\avatars\c0000001-0001-0001-0001-000000000001.jpg","F:\NCKH\Product\Martime_product_v1.1\artifacts\research-sync\metadata-first-benchmark-1000\generated-corpus\crew_member\0757_c0000001-0001-0001-0001-000000000001.jpg","crew_member","2","77331"
"758","F:\NCKH\Product\Martime_product_v1.1\edge_product\edge-services\uploads\crew\certificates\cert_31_20260225172956.png","F:\NCKH\Product\Martime_product_v1.1\artifacts\research-sync\metadata-first-benchmark-1000\generated-corpus\crew_certificate\0758_cert_31_20260225172956.png","crew_certificate","2","1023525"
"759","F:\NCKH\Product\Martime_product_v1.1\edge_product\edge-services\uploads\crew\avatars\68000000-0000-4000-8000-000000000008-avatar-fdde8623c2ba412bab9cea83aa252de4.png","F:\NCKH\Product\Martime_product_v1.1\artifacts\research-sync\metadata-first-benchmark-1000\generated-corpus\crew_member\0759_68000000-0000-4000-8000-000000000008-avatar-fdde8623c2ba412bab9cea83aa252de4.png","crew_member","2","68"
"760","F:\NCKH\Product\Martime_product_v1.1\edge_product\edge-services\uploads\crew\avatars\68000000-0000-4000-8000-000000000008-avatar-fdde8623c2ba412bab9cea83aa252de4.png","F:\NCKH\Product\Martime_product_v1.1\artifacts\research-sync\metadata-first-benchmark-1000\generated-corpus\crew_member\0760_68000000-0000-4000-8000-000000000008-avatar-fdde8623c2ba412bab9cea83aa252de4.png","crew_member","2","68"
"761","F:\NCKH\Product\Martime_product_v1.1\edge_product\edge-services\uploads\crew\avatars\a0000001-0000-0000-0000-000000000001.jpg","F:\NCKH\Product\Martime_product_v1.1\artifacts\research-sync\metadata-first-benchmark-1000\generated-corpus\crew_member\0761_a0000001-0000-0000-0000-000000000001.jpg","crew_member","2","77331"
"762","F:\NCKH\Product\Martime_product_v1.1\edge_product\edge-services\uploads\crew\certificates\cert_31_20260225172956.png","F:\NCKH\Product\Martime_product_v1.1\artifacts\research-sync\metadata-first-benchmark-1000\generated-corpus\crew_certificate\0762_cert_31_20260225172956.png","crew_certificate","2","1023525"
"763","F:\NCKH\Product\Martime_product_v1.1\edge_product\edge-services\uploads\crew\documents\health_documents\c0000001-0001-0001-0001-000000000001_medical.png","F:\NCKH\Product\Martime_product_v1.1\artifacts\research-sync\metadata-first-benchmark-1000\generated-corpus\health_document\0763_c0000001-0001-0001-0001-000000000001_medical.png","health_document","3","473003"
"764","F:\NCKH\Product\Martime_product_v1.1\edge_product\edge-services\uploads\crew\certificates\cert_31_20260225172956.png","F:\NCKH\Product\Martime_product_v1.1\artifacts\research-sync\metadata-first-benchmark-1000\generated-corpus\crew_certificate\0764_cert_31_20260225172956.png","crew_certificate","2","1023525"
"765","F:\NCKH\Product\Martime_product_v1.1\edge_product\edge-services\uploads\crew\avatars\68000000-0000-4000-8000-000000000008-avatar-fdde8623c2ba412bab9cea83aa252de4.png","F:\NCKH\Product\Martime_product_v1.1\artifacts\research-sync\metadata-first-benchmark-1000\generated-corpus\crew_member\0765_68000000-0000-4000-8000-000000000008-avatar-fdde8623c2ba412bab9cea83aa252de4.png","crew_member","2","68"
"766","F:\NCKH\Product\Martime_product_v1.1\edge_product\edge-services\uploads\crew\documents\travel_documents\c0000001-0001-0001-0001-000000000001_visa_20260225112400811.png","F:\NCKH\Product\Martime_product_v1.1\artifacts\research-sync\metadata-first-benchmark-1000\generated-corpus\travel_document\0766_c0000001-0001-0001-0001-000000000001_visa_20260225112400811.png","travel_document","3","288226"
"767","F:\NCKH\Product\Martime_product_v1.1\edge_product\edge-services\uploads\crew\documents\travel_documents\c0000001-0001-0001-0001-000000000001_visa.png","F:\NCKH\Product\Martime_product_v1.1\artifacts\research-sync\metadata-first-benchmark-1000\generated-corpus\travel_document\0767_c0000001-0001-0001-0001-000000000001_visa.png","travel_document","3","314715"
"768","F:\NCKH\Product\Martime_product_v1.1\edge_product\edge-services\uploads\crew\avatars\c0000001-0001-0001-0001-000000000001.jpg","F:\NCKH\Product\Martime_product_v1.1\artifacts\research-sync\metadata-first-benchmark-1000\generated-corpus\crew_member\0768_c0000001-0001-0001-0001-000000000001.jpg","crew_member","2","77331"
"769","F:\NCKH\Product\Martime_product_v1.1\edge_product\edge-services\uploads\crew\documents\travel_documents\3bfa3d0b-d2f5-4236-b967-4a270f65e326_visa.png","F:\NCKH\Product\Martime_product_v1.1\artifacts\research-sync\metadata-first-benchmark-1000\generated-corpus\travel_document\0769_3bfa3d0b-d2f5-4236-b967-4a270f65e326_visa.png","travel_document","3","473003"
"770","F:\NCKH\Product\Martime_product_v1.1\edge_product\edge-services\uploads\crew\avatars\a0000001-0000-0000-0000-000000000001.jpg","F:\NCKH\Product\Martime_product_v1.1\artifacts\research-sync\metadata-first-benchmark-1000\generated-corpus\crew_member\0770_a0000001-0000-0000-0000-000000000001.jpg","crew_member","2","77331"
"771","F:\NCKH\Product\Martime_product_v1.1\edge_product\edge-services\uploads\crew\documents\health_documents\3bfa3d0b-d2f5-4236-b967-4a270f65e326_yellow_fever.png","F:\NCKH\Product\Martime_product_v1.1\artifacts\research-sync\metadata-first-benchmark-1000\generated-corpus\health_document\0771_3bfa3d0b-d2f5-4236-b967-4a270f65e326_yellow_fever.png","health_document","3","576399"
"772","F:\NCKH\Product\Martime_product_v1.1\edge_product\edge-services\uploads\crew\avatars\a0000001-0000-0000-0000-000000000001.jpg","F:\NCKH\Product\Martime_product_v1.1\artifacts\research-sync\metadata-first-benchmark-1000\generated-corpus\crew_member\0772_a0000001-0000-0000-0000-000000000001.jpg","crew_member","2","77331"
"773","F:\NCKH\Product\Martime_product_v1.1\edge_product\edge-services\uploads\crew\documents\travel_documents\c0000001-0001-0001-0001-000000000003_passport.jpg","F:\NCKH\Product\Martime_product_v1.1\artifacts\research-sync\metadata-first-benchmark-1000\generated-corpus\travel_document\0773_c0000001-0001-0001-0001-000000000003_passport.jpg","travel_document","3","526059"
"774","F:\NCKH\Product\Martime_product_v1.1\edge_product\edge-services\uploads\crew\documents\travel_documents\3bfa3d0b-d2f5-4236-b967-4a270f65e326_passport.webp","F:\NCKH\Product\Martime_product_v1.1\artifacts\research-sync\metadata-first-benchmark-1000\generated-corpus\travel_document\0774_3bfa3d0b-d2f5-4236-b967-4a270f65e326_passport.webp","travel_document","3","136104"
"775","F:\NCKH\Product\Martime_product_v1.1\edge_product\edge-services\uploads\crew\documents\health_documents\c0000001-0001-0001-0001-000000000001_medical.png","F:\NCKH\Product\Martime_product_v1.1\artifacts\research-sync\metadata-first-benchmark-1000\generated-corpus\health_document\0775_c0000001-0001-0001-0001-000000000001_medical.png","health_document","3","473003"
"776","F:\NCKH\Product\Martime_product_v1.1\edge_product\edge-services\uploads\crew\avatars\c0000001-0001-0001-0001-000000000003.jpg","F:\NCKH\Product\Martime_product_v1.1\artifacts\research-sync\metadata-first-benchmark-1000\generated-corpus\crew_member\0776_c0000001-0001-0001-0001-000000000003.jpg","crew_member","2","87541"
"777","F:\NCKH\Product\Martime_product_v1.1\edge_product\edge-services\uploads\crew\avatars\c0000001-0001-0001-0001-000000000003.jpg","F:\NCKH\Product\Martime_product_v1.1\artifacts\research-sync\metadata-first-benchmark-1000\generated-corpus\crew_member\0777_c0000001-0001-0001-0001-000000000003.jpg","crew_member","2","87541"
"778","F:\NCKH\Product\Martime_product_v1.1\edge_product\edge-services\uploads\crew\documents\travel_documents\c0000001-0001-0001-0001-000000000001_visa_20260225112400811.png","F:\NCKH\Product\Martime_product_v1.1\artifacts\research-sync\metadata-first-benchmark-1000\generated-corpus\travel_document\0778_c0000001-0001-0001-0001-000000000001_visa_20260225112400811.png","travel_document","3","288226"
"779","F:\NCKH\Product\Martime_product_v1.1\edge_product\edge-services\uploads\crew\documents\travel_documents\3bfa3d0b-d2f5-4236-b967-4a270f65e326_visa.png","F:\NCKH\Product\Martime_product_v1.1\artifacts\research-sync\metadata-first-benchmark-1000\generated-corpus\travel_document\0779_3bfa3d0b-d2f5-4236-b967-4a270f65e326_visa.png","travel_document","3","473003"
"780","F:\NCKH\Product\Martime_product_v1.1\edge_product\edge-services\uploads\crew\documents\travel_documents\c0000001-0001-0001-0001-000000000001_visa_20260225112400811.png","F:\NCKH\Product\Martime_product_v1.1\artifacts\research-sync\metadata-first-benchmark-1000\generated-corpus\travel_document\0780_c0000001-0001-0001-0001-000000000001_visa_20260225112400811.png","travel_document","3","288226"
"781","F:\NCKH\Product\Martime_product_v1.1\edge_product\edge-services\uploads\crew\documents\travel_documents\c0000001-0001-0001-0001-000000000003_passport.jpg","F:\NCKH\Product\Martime_product_v1.1\artifacts\research-sync\metadata-first-benchmark-1000\generated-corpus\travel_document\0781_c0000001-0001-0001-0001-000000000003_passport.jpg","travel_document","3","526059"
"782","F:\NCKH\Product\Martime_product_v1.1\edge_product\edge-services\uploads\crew\documents\health_documents\3bfa3d0b-d2f5-4236-b967-4a270f65e326_yellow_fever.png","F:\NCKH\Product\Martime_product_v1.1\artifacts\research-sync\metadata-first-benchmark-1000\generated-corpus\health_document\0782_3bfa3d0b-d2f5-4236-b967-4a270f65e326_yellow_fever.png","health_document","3","576399"
"783","F:\NCKH\Product\Martime_product_v1.1\edge_product\edge-services\uploads\crew\avatars\c0000001-0001-0001-0001-000000000003.jpg","F:\NCKH\Product\Martime_product_v1.1\artifacts\research-sync\metadata-first-benchmark-1000\generated-corpus\crew_member\0783_c0000001-0001-0001-0001-000000000003.jpg","crew_member","2","87541"
"784","F:\NCKH\Product\Martime_product_v1.1\edge_product\edge-services\uploads\crew\avatars\c0000001-0001-0001-0001-000000000003.jpg","F:\NCKH\Product\Martime_product_v1.1\artifacts\research-sync\metadata-first-benchmark-1000\generated-corpus\crew_member\0784_c0000001-0001-0001-0001-000000000003.jpg","crew_member","2","87541"
"785","F:\NCKH\Product\Martime_product_v1.1\edge_product\edge-services\uploads\crew\documents\travel_documents\3bfa3d0b-d2f5-4236-b967-4a270f65e326_visa.png","F:\NCKH\Product\Martime_product_v1.1\artifacts\research-sync\metadata-first-benchmark-1000\generated-corpus\travel_document\0785_3bfa3d0b-d2f5-4236-b967-4a270f65e326_visa.png","travel_document","3","473003"
"786","F:\NCKH\Product\Martime_product_v1.1\edge_product\edge-services\uploads\crew\documents\health_documents\c0000001-0001-0001-0001-000000000001_medical.png","F:\NCKH\Product\Martime_product_v1.1\artifacts\research-sync\metadata-first-benchmark-1000\generated-corpus\health_document\0786_c0000001-0001-0001-0001-000000000001_medical.png","health_document","3","473003"
"787","F:\NCKH\Product\Martime_product_v1.1\edge_product\edge-services\uploads\crew\documents\travel_documents\c0000001-0001-0001-0001-000000000001_visa_20260225112400811.png","F:\NCKH\Product\Martime_product_v1.1\artifacts\research-sync\metadata-first-benchmark-1000\generated-corpus\travel_document\0787_c0000001-0001-0001-0001-000000000001_visa_20260225112400811.png","travel_document","3","288226"
"788","F:\NCKH\Product\Martime_product_v1.1\edge_product\edge-services\uploads\crew\avatars\68000000-0000-4000-8000-000000000008-avatar-fdde8623c2ba412bab9cea83aa252de4.png","F:\NCKH\Product\Martime_product_v1.1\artifacts\research-sync\metadata-first-benchmark-1000\generated-corpus\crew_member\0788_68000000-0000-4000-8000-000000000008-avatar-fdde8623c2ba412bab9cea83aa252de4.png","crew_member","2","68"
"789","F:\NCKH\Product\Martime_product_v1.1\edge_product\edge-services\uploads\crew\avatars\a0000001-0000-0000-0000-000000000001.jpg","F:\NCKH\Product\Martime_product_v1.1\artifacts\research-sync\metadata-first-benchmark-1000\generated-corpus\crew_member\0789_a0000001-0000-0000-0000-000000000001.jpg","crew_member","2","77331"
"790","F:\NCKH\Product\Martime_product_v1.1\edge_product\edge-services\uploads\crew\avatars\c0000001-0001-0001-0001-000000000003.jpg","F:\NCKH\Product\Martime_product_v1.1\artifacts\research-sync\metadata-first-benchmark-1000\generated-corpus\crew_member\0790_c0000001-0001-0001-0001-000000000003.jpg","crew_member","2","87541"
"791","F:\NCKH\Product\Martime_product_v1.1\edge_product\edge-services\uploads\crew\avatars\68000000-0000-4000-8000-000000000008-avatar-fdde8623c2ba412bab9cea83aa252de4.png","F:\NCKH\Product\Martime_product_v1.1\artifacts\research-sync\metadata-first-benchmark-1000\generated-corpus\crew_member\0791_68000000-0000-4000-8000-000000000008-avatar-fdde8623c2ba412bab9cea83aa252de4.png","crew_member","2","68"
"792","F:\NCKH\Product\Martime_product_v1.1\edge_product\edge-services\uploads\crew\avatars\68000000-0000-4000-8000-000000000008-avatar-fdde8623c2ba412bab9cea83aa252de4.png","F:\NCKH\Product\Martime_product_v1.1\artifacts\research-sync\metadata-first-benchmark-1000\generated-corpus\crew_member\0792_68000000-0000-4000-8000-000000000008-avatar-fdde8623c2ba412bab9cea83aa252de4.png","crew_member","2","68"
"793","F:\NCKH\Product\Martime_product_v1.1\edge_product\edge-services\uploads\crew\documents\travel_documents\c0000001-0001-0001-0001-000000000001_visa_20260225112400811.png","F:\NCKH\Product\Martime_product_v1.1\artifacts\research-sync\metadata-first-benchmark-1000\generated-corpus\travel_document\0793_c0000001-0001-0001-0001-000000000001_visa_20260225112400811.png","travel_document","3","288226"
"794","F:\NCKH\Product\Martime_product_v1.1\edge_product\edge-services\uploads\crew\documents\travel_documents\3bfa3d0b-d2f5-4236-b967-4a270f65e326_passport.webp","F:\NCKH\Product\Martime_product_v1.1\artifacts\research-sync\metadata-first-benchmark-1000\generated-corpus\travel_document\0794_3bfa3d0b-d2f5-4236-b967-4a270f65e326_passport.webp","travel_document","3","136104"
"795","F:\NCKH\Product\Martime_product_v1.1\edge_product\edge-services\uploads\crew\documents\travel_documents\c0000001-0001-0001-0001-000000000001_visa_20260225112400811.png","F:\NCKH\Product\Martime_product_v1.1\artifacts\research-sync\metadata-first-benchmark-1000\generated-corpus\travel_document\0795_c0000001-0001-0001-0001-000000000001_visa_20260225112400811.png","travel_document","3","288226"
"796","F:\NCKH\Product\Martime_product_v1.1\edge_product\edge-services\uploads\crew\certificates\cert_31_20260225172956.png","F:\NCKH\Product\Martime_product_v1.1\artifacts\research-sync\metadata-first-benchmark-1000\generated-corpus\crew_certificate\0796_cert_31_20260225172956.png","crew_certificate","2","1023525"
"797","F:\NCKH\Product\Martime_product_v1.1\edge_product\edge-services\uploads\crew\documents\health_documents\c0000001-0001-0001-0001-000000000001_medical.png","F:\NCKH\Product\Martime_product_v1.1\artifacts\research-sync\metadata-first-benchmark-1000\generated-corpus\health_document\0797_c0000001-0001-0001-0001-000000000001_medical.png","health_document","3","473003"
"798","F:\NCKH\Product\Martime_product_v1.1\edge_product\edge-services\uploads\crew\avatars\c0000001-0001-0001-0001-000000000003.jpg","F:\NCKH\Product\Martime_product_v1.1\artifacts\research-sync\metadata-first-benchmark-1000\generated-corpus\crew_member\0798_c0000001-0001-0001-0001-000000000003.jpg","crew_member","2","87541"
"799","F:\NCKH\Product\Martime_product_v1.1\edge_product\edge-services\uploads\crew\documents\travel_documents\c0000001-0001-0001-0001-000000000001_visa_20260225112400811.png","F:\NCKH\Product\Martime_product_v1.1\artifacts\research-sync\metadata-first-benchmark-1000\generated-corpus\travel_document\0799_c0000001-0001-0001-0001-000000000001_visa_20260225112400811.png","travel_document","3","288226"
"800","F:\NCKH\Product\Martime_product_v1.1\edge_product\edge-services\uploads\crew\documents\travel_documents\c0000001-0001-0001-0001-000000000001_visa.png","F:\NCKH\Product\Martime_product_v1.1\artifacts\research-sync\metadata-first-benchmark-1000\generated-corpus\travel_document\0800_c0000001-0001-0001-0001-000000000001_visa.png","travel_document","3","314715"
"801","F:\NCKH\Product\Martime_product_v1.1\edge_product\edge-services\uploads\crew\documents\travel_documents\3bfa3d0b-d2f5-4236-b967-4a270f65e326_passport.webp","F:\NCKH\Product\Martime_product_v1.1\artifacts\research-sync\metadata-first-benchmark-1000\generated-corpus\travel_document\0801_3bfa3d0b-d2f5-4236-b967-4a270f65e326_passport.webp","travel_document","3","136104"
"802","F:\NCKH\Product\Martime_product_v1.1\edge_product\edge-services\uploads\crew\documents\travel_documents\c0000001-0001-0001-0001-000000000001_visa.png","F:\NCKH\Product\Martime_product_v1.1\artifacts\research-sync\metadata-first-benchmark-1000\generated-corpus\travel_document\0802_c0000001-0001-0001-0001-000000000001_visa.png","travel_document","3","314715"
"803","F:\NCKH\Product\Martime_product_v1.1\edge_product\edge-services\uploads\crew\documents\travel_documents\c0000001-0001-0001-0001-000000000001_visa_20260225112400811.png","F:\NCKH\Product\Martime_product_v1.1\artifacts\research-sync\metadata-first-benchmark-1000\generated-corpus\travel_document\0803_c0000001-0001-0001-0001-000000000001_visa_20260225112400811.png","travel_document","3","288226"
"804","F:\NCKH\Product\Martime_product_v1.1\edge_product\edge-services\uploads\crew\documents\travel_documents\c0000001-0001-0001-0001-000000000001_visa.png","F:\NCKH\Product\Martime_product_v1.1\artifacts\research-sync\metadata-first-benchmark-1000\generated-corpus\travel_document\0804_c0000001-0001-0001-0001-000000000001_visa.png","travel_document","3","314715"
"805","F:\NCKH\Product\Martime_product_v1.1\edge_product\edge-services\uploads\crew\avatars\68000000-0000-4000-8000-000000000008-avatar-fdde8623c2ba412bab9cea83aa252de4.png","F:\NCKH\Product\Martime_product_v1.1\artifacts\research-sync\metadata-first-benchmark-1000\generated-corpus\crew_member\0805_68000000-0000-4000-8000-000000000008-avatar-fdde8623c2ba412bab9cea83aa252de4.png","crew_member","2","68"
"806","F:\NCKH\Product\Martime_product_v1.1\edge_product\edge-services\uploads\crew\documents\travel_documents\3bfa3d0b-d2f5-4236-b967-4a270f65e326_visa.png","F:\NCKH\Product\Martime_product_v1.1\artifacts\research-sync\metadata-first-benchmark-1000\generated-corpus\travel_document\0806_3bfa3d0b-d2f5-4236-b967-4a270f65e326_visa.png","travel_document","3","473003"
"807","F:\NCKH\Product\Martime_product_v1.1\edge_product\edge-services\uploads\crew\documents\travel_documents\3bfa3d0b-d2f5-4236-b967-4a270f65e326_visa.png","F:\NCKH\Product\Martime_product_v1.1\artifacts\research-sync\metadata-first-benchmark-1000\generated-corpus\travel_document\0807_3bfa3d0b-d2f5-4236-b967-4a270f65e326_visa.png","travel_document","3","473003"
"808","F:\NCKH\Product\Martime_product_v1.1\edge_product\edge-services\uploads\crew\avatars\c0000001-0001-0001-0001-000000000003.jpg","F:\NCKH\Product\Martime_product_v1.1\artifacts\research-sync\metadata-first-benchmark-1000\generated-corpus\crew_member\0808_c0000001-0001-0001-0001-000000000003.jpg","crew_member","2","87541"
"809","F:\NCKH\Product\Martime_product_v1.1\edge_product\edge-services\uploads\crew\documents\travel_documents\c0000001-0001-0001-0001-000000000001_visa.png","F:\NCKH\Product\Martime_product_v1.1\artifacts\research-sync\metadata-first-benchmark-1000\generated-corpus\travel_document\0809_c0000001-0001-0001-0001-000000000001_visa.png","travel_document","3","314715"
"810","F:\NCKH\Product\Martime_product_v1.1\edge_product\edge-services\uploads\crew\certificates\cert_31_20260225172956.png","F:\NCKH\Product\Martime_product_v1.1\artifacts\research-sync\metadata-first-benchmark-1000\generated-corpus\crew_certificate\0810_cert_31_20260225172956.png","crew_certificate","2","1023525"
"811","F:\NCKH\Product\Martime_product_v1.1\edge_product\edge-services\uploads\crew\avatars\c0000001-0001-0001-0001-000000000001.jpg","F:\NCKH\Product\Martime_product_v1.1\artifacts\research-sync\metadata-first-benchmark-1000\generated-corpus\crew_member\0811_c0000001-0001-0001-0001-000000000001.jpg","crew_member","2","77331"
"812","F:\NCKH\Product\Martime_product_v1.1\edge_product\edge-services\uploads\crew\avatars\c0000001-0001-0001-0001-000000000003.jpg","F:\NCKH\Product\Martime_product_v1.1\artifacts\research-sync\metadata-first-benchmark-1000\generated-corpus\crew_member\0812_c0000001-0001-0001-0001-000000000003.jpg","crew_member","2","87541"
"813","F:\NCKH\Product\Martime_product_v1.1\edge_product\edge-services\uploads\crew\documents\travel_documents\3bfa3d0b-d2f5-4236-b967-4a270f65e326_passport.webp","F:\NCKH\Product\Martime_product_v1.1\artifacts\research-sync\metadata-first-benchmark-1000\generated-corpus\travel_document\0813_3bfa3d0b-d2f5-4236-b967-4a270f65e326_passport.webp","travel_document","3","136104"
"814","F:\NCKH\Product\Martime_product_v1.1\edge_product\edge-services\uploads\crew\avatars\c0000001-0001-0001-0001-000000000001.jpg","F:\NCKH\Product\Martime_product_v1.1\artifacts\research-sync\metadata-first-benchmark-1000\generated-corpus\crew_member\0814_c0000001-0001-0001-0001-000000000001.jpg","crew_member","2","77331"
"815","F:\NCKH\Product\Martime_product_v1.1\edge_product\edge-services\uploads\crew\avatars\68000000-0000-4000-8000-000000000008-avatar-fdde8623c2ba412bab9cea83aa252de4.png","F:\NCKH\Product\Martime_product_v1.1\artifacts\research-sync\metadata-first-benchmark-1000\generated-corpus\crew_member\0815_68000000-0000-4000-8000-000000000008-avatar-fdde8623c2ba412bab9cea83aa252de4.png","crew_member","2","68"
"816","F:\NCKH\Product\Martime_product_v1.1\edge_product\edge-services\uploads\crew\documents\travel_documents\3bfa3d0b-d2f5-4236-b967-4a270f65e326_visa.png","F:\NCKH\Product\Martime_product_v1.1\artifacts\research-sync\metadata-first-benchmark-1000\generated-corpus\travel_document\0816_3bfa3d0b-d2f5-4236-b967-4a270f65e326_visa.png","travel_document","3","473003"
"817","F:\NCKH\Product\Martime_product_v1.1\edge_product\edge-services\uploads\crew\avatars\a0000001-0000-0000-0000-000000000001.jpg","F:\NCKH\Product\Martime_product_v1.1\artifacts\research-sync\metadata-first-benchmark-1000\generated-corpus\crew_member\0817_a0000001-0000-0000-0000-000000000001.jpg","crew_member","2","77331"
"818","F:\NCKH\Product\Martime_product_v1.1\edge_product\edge-services\uploads\crew\avatars\c0000001-0001-0001-0001-000000000001.jpg","F:\NCKH\Product\Martime_product_v1.1\artifacts\research-sync\metadata-first-benchmark-1000\generated-corpus\crew_member\0818_c0000001-0001-0001-0001-000000000001.jpg","crew_member","2","77331"
"819","F:\NCKH\Product\Martime_product_v1.1\edge_product\edge-services\uploads\crew\documents\travel_documents\3bfa3d0b-d2f5-4236-b967-4a270f65e326_visa.png","F:\NCKH\Product\Martime_product_v1.1\artifacts\research-sync\metadata-first-benchmark-1000\generated-corpus\travel_document\0819_3bfa3d0b-d2f5-4236-b967-4a270f65e326_visa.png","travel_document","3","473003"
"820","F:\NCKH\Product\Martime_product_v1.1\edge_product\edge-services\uploads\crew\documents\health_documents\3bfa3d0b-d2f5-4236-b967-4a270f65e326_yellow_fever.png","F:\NCKH\Product\Martime_product_v1.1\artifacts\research-sync\metadata-first-benchmark-1000\generated-corpus\health_document\0820_3bfa3d0b-d2f5-4236-b967-4a270f65e326_yellow_fever.png","health_document","3","576399"
"821","F:\NCKH\Product\Martime_product_v1.1\edge_product\edge-services\uploads\crew\documents\travel_documents\c0000001-0001-0001-0001-000000000003_passport.jpg","F:\NCKH\Product\Martime_product_v1.1\artifacts\research-sync\metadata-first-benchmark-1000\generated-corpus\travel_document\0821_c0000001-0001-0001-0001-000000000003_passport.jpg","travel_document","3","526059"
"822","F:\NCKH\Product\Martime_product_v1.1\edge_product\edge-services\uploads\crew\documents\travel_documents\c0000001-0001-0001-0001-000000000001_visa.png","F:\NCKH\Product\Martime_product_v1.1\artifacts\research-sync\metadata-first-benchmark-1000\generated-corpus\travel_document\0822_c0000001-0001-0001-0001-000000000001_visa.png","travel_document","3","314715"
"823","F:\NCKH\Product\Martime_product_v1.1\edge_product\edge-services\uploads\crew\avatars\68000000-0000-4000-8000-000000000008-avatar-fdde8623c2ba412bab9cea83aa252de4.png","F:\NCKH\Product\Martime_product_v1.1\artifacts\research-sync\metadata-first-benchmark-1000\generated-corpus\crew_member\0823_68000000-0000-4000-8000-000000000008-avatar-fdde8623c2ba412bab9cea83aa252de4.png","crew_member","2","68"
"824","F:\NCKH\Product\Martime_product_v1.1\edge_product\edge-services\uploads\crew\documents\health_documents\3bfa3d0b-d2f5-4236-b967-4a270f65e326_yellow_fever.png","F:\NCKH\Product\Martime_product_v1.1\artifacts\research-sync\metadata-first-benchmark-1000\generated-corpus\health_document\0824_3bfa3d0b-d2f5-4236-b967-4a270f65e326_yellow_fever.png","health_document","3","576399"
"825","F:\NCKH\Product\Martime_product_v1.1\edge_product\edge-services\uploads\crew\avatars\a0000001-0000-0000-0000-000000000001.jpg","F:\NCKH\Product\Martime_product_v1.1\artifacts\research-sync\metadata-first-benchmark-1000\generated-corpus\crew_member\0825_a0000001-0000-0000-0000-000000000001.jpg","crew_member","2","77331"
"826","F:\NCKH\Product\Martime_product_v1.1\edge_product\edge-services\uploads\crew\documents\health_documents\3bfa3d0b-d2f5-4236-b967-4a270f65e326_yellow_fever.png","F:\NCKH\Product\Martime_product_v1.1\artifacts\research-sync\metadata-first-benchmark-1000\generated-corpus\health_document\0826_3bfa3d0b-d2f5-4236-b967-4a270f65e326_yellow_fever.png","health_document","3","576399"
"827","F:\NCKH\Product\Martime_product_v1.1\edge_product\edge-services\uploads\crew\avatars\c0000001-0001-0001-0001-000000000001.jpg","F:\NCKH\Product\Martime_product_v1.1\artifacts\research-sync\metadata-first-benchmark-1000\generated-corpus\crew_member\0827_c0000001-0001-0001-0001-000000000001.jpg","crew_member","2","77331"
"828","F:\NCKH\Product\Martime_product_v1.1\edge_product\edge-services\uploads\crew\certificates\cert_31_20260225172956.png","F:\NCKH\Product\Martime_product_v1.1\artifacts\research-sync\metadata-first-benchmark-1000\generated-corpus\crew_certificate\0828_cert_31_20260225172956.png","crew_certificate","2","1023525"
"829","F:\NCKH\Product\Martime_product_v1.1\edge_product\edge-services\uploads\crew\documents\travel_documents\3bfa3d0b-d2f5-4236-b967-4a270f65e326_visa.png","F:\NCKH\Product\Martime_product_v1.1\artifacts\research-sync\metadata-first-benchmark-1000\generated-corpus\travel_document\0829_3bfa3d0b-d2f5-4236-b967-4a270f65e326_visa.png","travel_document","3","473003"
"830","F:\NCKH\Product\Martime_product_v1.1\edge_product\edge-services\uploads\crew\avatars\a0000001-0000-0000-0000-000000000001.jpg","F:\NCKH\Product\Martime_product_v1.1\artifacts\research-sync\metadata-first-benchmark-1000\generated-corpus\crew_member\0830_a0000001-0000-0000-0000-000000000001.jpg","crew_member","2","77331"
"831","F:\NCKH\Product\Martime_product_v1.1\edge_product\edge-services\uploads\crew\documents\travel_documents\3bfa3d0b-d2f5-4236-b967-4a270f65e326_visa.png","F:\NCKH\Product\Martime_product_v1.1\artifacts\research-sync\metadata-first-benchmark-1000\generated-corpus\travel_document\0831_3bfa3d0b-d2f5-4236-b967-4a270f65e326_visa.png","travel_document","3","473003"
"832","F:\NCKH\Product\Martime_product_v1.1\edge_product\edge-services\uploads\crew\avatars\68000000-0000-4000-8000-000000000008-avatar-fdde8623c2ba412bab9cea83aa252de4.png","F:\NCKH\Product\Martime_product_v1.1\artifacts\research-sync\metadata-first-benchmark-1000\generated-corpus\crew_member\0832_68000000-0000-4000-8000-000000000008-avatar-fdde8623c2ba412bab9cea83aa252de4.png","crew_member","2","68"
"833","F:\NCKH\Product\Martime_product_v1.1\edge_product\edge-services\uploads\crew\avatars\68000000-0000-4000-8000-000000000008-avatar-fdde8623c2ba412bab9cea83aa252de4.png","F:\NCKH\Product\Martime_product_v1.1\artifacts\research-sync\metadata-first-benchmark-1000\generated-corpus\crew_member\0833_68000000-0000-4000-8000-000000000008-avatar-fdde8623c2ba412bab9cea83aa252de4.png","crew_member","2","68"
"834","F:\NCKH\Product\Martime_product_v1.1\edge_product\edge-services\uploads\crew\documents\travel_documents\c0000001-0001-0001-0001-000000000003_passport.jpg","F:\NCKH\Product\Martime_product_v1.1\artifacts\research-sync\metadata-first-benchmark-1000\generated-corpus\travel_document\0834_c0000001-0001-0001-0001-000000000003_passport.jpg","travel_document","3","526059"
"835","F:\NCKH\Product\Martime_product_v1.1\edge_product\edge-services\uploads\crew\avatars\c0000001-0001-0001-0001-000000000001.jpg","F:\NCKH\Product\Martime_product_v1.1\artifacts\research-sync\metadata-first-benchmark-1000\generated-corpus\crew_member\0835_c0000001-0001-0001-0001-000000000001.jpg","crew_member","2","77331"
"836","F:\NCKH\Product\Martime_product_v1.1\edge_product\edge-services\uploads\crew\avatars\a0000001-0000-0000-0000-000000000001.jpg","F:\NCKH\Product\Martime_product_v1.1\artifacts\research-sync\metadata-first-benchmark-1000\generated-corpus\crew_member\0836_a0000001-0000-0000-0000-000000000001.jpg","crew_member","2","77331"
"837","F:\NCKH\Product\Martime_product_v1.1\edge_product\edge-services\uploads\crew\documents\travel_documents\3bfa3d0b-d2f5-4236-b967-4a270f65e326_passport.webp","F:\NCKH\Product\Martime_product_v1.1\artifacts\research-sync\metadata-first-benchmark-1000\generated-corpus\travel_document\0837_3bfa3d0b-d2f5-4236-b967-4a270f65e326_passport.webp","travel_document","3","136104"
"838","F:\NCKH\Product\Martime_product_v1.1\edge_product\edge-services\uploads\crew\documents\health_documents\c0000001-0001-0001-0001-000000000001_medical.png","F:\NCKH\Product\Martime_product_v1.1\artifacts\research-sync\metadata-first-benchmark-1000\generated-corpus\health_document\0838_c0000001-0001-0001-0001-000000000001_medical.png","health_document","3","473003"
"839","F:\NCKH\Product\Martime_product_v1.1\edge_product\edge-services\uploads\crew\avatars\c0000001-0001-0001-0001-000000000001.jpg","F:\NCKH\Product\Martime_product_v1.1\artifacts\research-sync\metadata-first-benchmark-1000\generated-corpus\crew_member\0839_c0000001-0001-0001-0001-000000000001.jpg","crew_member","2","77331"
"840","F:\NCKH\Product\Martime_product_v1.1\edge_product\edge-services\uploads\crew\avatars\68000000-0000-4000-8000-000000000008-avatar-fdde8623c2ba412bab9cea83aa252de4.png","F:\NCKH\Product\Martime_product_v1.1\artifacts\research-sync\metadata-first-benchmark-1000\generated-corpus\crew_member\0840_68000000-0000-4000-8000-000000000008-avatar-fdde8623c2ba412bab9cea83aa252de4.png","crew_member","2","68"
"841","F:\NCKH\Product\Martime_product_v1.1\edge_product\edge-services\uploads\crew\documents\travel_documents\c0000001-0001-0001-0001-000000000001_visa_20260225112400811.png","F:\NCKH\Product\Martime_product_v1.1\artifacts\research-sync\metadata-first-benchmark-1000\generated-corpus\travel_document\0841_c0000001-0001-0001-0001-000000000001_visa_20260225112400811.png","travel_document","3","288226"
"842","F:\NCKH\Product\Martime_product_v1.1\edge_product\edge-services\uploads\crew\documents\travel_documents\3bfa3d0b-d2f5-4236-b967-4a270f65e326_passport.webp","F:\NCKH\Product\Martime_product_v1.1\artifacts\research-sync\metadata-first-benchmark-1000\generated-corpus\travel_document\0842_3bfa3d0b-d2f5-4236-b967-4a270f65e326_passport.webp","travel_document","3","136104"
"843","F:\NCKH\Product\Martime_product_v1.1\edge_product\edge-services\uploads\crew\avatars\c0000001-0001-0001-0001-000000000001.jpg","F:\NCKH\Product\Martime_product_v1.1\artifacts\research-sync\metadata-first-benchmark-1000\generated-corpus\crew_member\0843_c0000001-0001-0001-0001-000000000001.jpg","crew_member","2","77331"
"844","F:\NCKH\Product\Martime_product_v1.1\edge_product\edge-services\uploads\crew\documents\travel_documents\c0000001-0001-0001-0001-000000000001_visa.png","F:\NCKH\Product\Martime_product_v1.1\artifacts\research-sync\metadata-first-benchmark-1000\generated-corpus\travel_document\0844_c0000001-0001-0001-0001-000000000001_visa.png","travel_document","3","314715"
"845","F:\NCKH\Product\Martime_product_v1.1\edge_product\edge-services\uploads\crew\avatars\68000000-0000-4000-8000-000000000008-avatar-fdde8623c2ba412bab9cea83aa252de4.png","F:\NCKH\Product\Martime_product_v1.1\artifacts\research-sync\metadata-first-benchmark-1000\generated-corpus\crew_member\0845_68000000-0000-4000-8000-000000000008-avatar-fdde8623c2ba412bab9cea83aa252de4.png","crew_member","2","68"
"846","F:\NCKH\Product\Martime_product_v1.1\edge_product\edge-services\uploads\crew\documents\travel_documents\3bfa3d0b-d2f5-4236-b967-4a270f65e326_visa.png","F:\NCKH\Product\Martime_product_v1.1\artifacts\research-sync\metadata-first-benchmark-1000\generated-corpus\travel_document\0846_3bfa3d0b-d2f5-4236-b967-4a270f65e326_visa.png","travel_document","3","473003"
"847","F:\NCKH\Product\Martime_product_v1.1\edge_product\edge-services\uploads\crew\certificates\cert_31_20260225172956.png","F:\NCKH\Product\Martime_product_v1.1\artifacts\research-sync\metadata-first-benchmark-1000\generated-corpus\crew_certificate\0847_cert_31_20260225172956.png","crew_certificate","2","1023525"
"848","F:\NCKH\Product\Martime_product_v1.1\edge_product\edge-services\uploads\crew\documents\travel_documents\3bfa3d0b-d2f5-4236-b967-4a270f65e326_passport.webp","F:\NCKH\Product\Martime_product_v1.1\artifacts\research-sync\metadata-first-benchmark-1000\generated-corpus\travel_document\0848_3bfa3d0b-d2f5-4236-b967-4a270f65e326_passport.webp","travel_document","3","136104"
"849","F:\NCKH\Product\Martime_product_v1.1\edge_product\edge-services\uploads\crew\documents\health_documents\c0000001-0001-0001-0001-000000000001_medical.png","F:\NCKH\Product\Martime_product_v1.1\artifacts\research-sync\metadata-first-benchmark-1000\generated-corpus\health_document\0849_c0000001-0001-0001-0001-000000000001_medical.png","health_document","3","473003"
"850","F:\NCKH\Product\Martime_product_v1.1\edge_product\edge-services\uploads\crew\avatars\a0000001-0000-0000-0000-000000000001.jpg","F:\NCKH\Product\Martime_product_v1.1\artifacts\research-sync\metadata-first-benchmark-1000\generated-corpus\crew_member\0850_a0000001-0000-0000-0000-000000000001.jpg","crew_member","2","77331"
"851","F:\NCKH\Product\Martime_product_v1.1\edge_product\edge-services\uploads\crew\avatars\c0000001-0001-0001-0001-000000000003.jpg","F:\NCKH\Product\Martime_product_v1.1\artifacts\research-sync\metadata-first-benchmark-1000\generated-corpus\crew_member\0851_c0000001-0001-0001-0001-000000000003.jpg","crew_member","2","87541"
"852","F:\NCKH\Product\Martime_product_v1.1\edge_product\edge-services\uploads\crew\certificates\cert_31_20260225172956.png","F:\NCKH\Product\Martime_product_v1.1\artifacts\research-sync\metadata-first-benchmark-1000\generated-corpus\crew_certificate\0852_cert_31_20260225172956.png","crew_certificate","2","1023525"
"853","F:\NCKH\Product\Martime_product_v1.1\edge_product\edge-services\uploads\crew\documents\travel_documents\3bfa3d0b-d2f5-4236-b967-4a270f65e326_passport.webp","F:\NCKH\Product\Martime_product_v1.1\artifacts\research-sync\metadata-first-benchmark-1000\generated-corpus\travel_document\0853_3bfa3d0b-d2f5-4236-b967-4a270f65e326_passport.webp","travel_document","3","136104"
"854","F:\NCKH\Product\Martime_product_v1.1\edge_product\edge-services\uploads\crew\certificates\cert_31_20260225172956.png","F:\NCKH\Product\Martime_product_v1.1\artifacts\research-sync\metadata-first-benchmark-1000\generated-corpus\crew_certificate\0854_cert_31_20260225172956.png","crew_certificate","2","1023525"
"855","F:\NCKH\Product\Martime_product_v1.1\edge_product\edge-services\uploads\crew\documents\travel_documents\c0000001-0001-0001-0001-000000000001_visa.png","F:\NCKH\Product\Martime_product_v1.1\artifacts\research-sync\metadata-first-benchmark-1000\generated-corpus\travel_document\0855_c0000001-0001-0001-0001-000000000001_visa.png","travel_document","3","314715"
"856","F:\NCKH\Product\Martime_product_v1.1\edge_product\edge-services\uploads\crew\documents\travel_documents\c0000001-0001-0001-0001-000000000001_visa_20260225112400811.png","F:\NCKH\Product\Martime_product_v1.1\artifacts\research-sync\metadata-first-benchmark-1000\generated-corpus\travel_document\0856_c0000001-0001-0001-0001-000000000001_visa_20260225112400811.png","travel_document","3","288226"
"857","F:\NCKH\Product\Martime_product_v1.1\edge_product\edge-services\uploads\crew\documents\travel_documents\c0000001-0001-0001-0001-000000000001_visa.png","F:\NCKH\Product\Martime_product_v1.1\artifacts\research-sync\metadata-first-benchmark-1000\generated-corpus\travel_document\0857_c0000001-0001-0001-0001-000000000001_visa.png","travel_document","3","314715"
"858","F:\NCKH\Product\Martime_product_v1.1\edge_product\edge-services\uploads\crew\certificates\cert_31_20260225172956.png","F:\NCKH\Product\Martime_product_v1.1\artifacts\research-sync\metadata-first-benchmark-1000\generated-corpus\crew_certificate\0858_cert_31_20260225172956.png","crew_certificate","2","1023525"
"859","F:\NCKH\Product\Martime_product_v1.1\edge_product\edge-services\uploads\crew\documents\travel_documents\3bfa3d0b-d2f5-4236-b967-4a270f65e326_passport.webp","F:\NCKH\Product\Martime_product_v1.1\artifacts\research-sync\metadata-first-benchmark-1000\generated-corpus\travel_document\0859_3bfa3d0b-d2f5-4236-b967-4a270f65e326_passport.webp","travel_document","3","136104"
"860","F:\NCKH\Product\Martime_product_v1.1\edge_product\edge-services\uploads\crew\documents\travel_documents\3bfa3d0b-d2f5-4236-b967-4a270f65e326_passport.webp","F:\NCKH\Product\Martime_product_v1.1\artifacts\research-sync\metadata-first-benchmark-1000\generated-corpus\travel_document\0860_3bfa3d0b-d2f5-4236-b967-4a270f65e326_passport.webp","travel_document","3","136104"
"861","F:\NCKH\Product\Martime_product_v1.1\edge_product\edge-services\uploads\crew\documents\health_documents\3bfa3d0b-d2f5-4236-b967-4a270f65e326_yellow_fever.png","F:\NCKH\Product\Martime_product_v1.1\artifacts\research-sync\metadata-first-benchmark-1000\generated-corpus\health_document\0861_3bfa3d0b-d2f5-4236-b967-4a270f65e326_yellow_fever.png","health_document","3","576399"
"862","F:\NCKH\Product\Martime_product_v1.1\edge_product\edge-services\uploads\crew\certificates\cert_31_20260225172956.png","F:\NCKH\Product\Martime_product_v1.1\artifacts\research-sync\metadata-first-benchmark-1000\generated-corpus\crew_certificate\0862_cert_31_20260225172956.png","crew_certificate","2","1023525"
"863","F:\NCKH\Product\Martime_product_v1.1\edge_product\edge-services\uploads\crew\documents\health_documents\c0000001-0001-0001-0001-000000000001_medical.png","F:\NCKH\Product\Martime_product_v1.1\artifacts\research-sync\metadata-first-benchmark-1000\generated-corpus\health_document\0863_c0000001-0001-0001-0001-000000000001_medical.png","health_document","3","473003"
"864","F:\NCKH\Product\Martime_product_v1.1\edge_product\edge-services\uploads\crew\documents\travel_documents\3bfa3d0b-d2f5-4236-b967-4a270f65e326_visa.png","F:\NCKH\Product\Martime_product_v1.1\artifacts\research-sync\metadata-first-benchmark-1000\generated-corpus\travel_document\0864_3bfa3d0b-d2f5-4236-b967-4a270f65e326_visa.png","travel_document","3","473003"
"865","F:\NCKH\Product\Martime_product_v1.1\edge_product\edge-services\uploads\crew\documents\travel_documents\3bfa3d0b-d2f5-4236-b967-4a270f65e326_passport.webp","F:\NCKH\Product\Martime_product_v1.1\artifacts\research-sync\metadata-first-benchmark-1000\generated-corpus\travel_document\0865_3bfa3d0b-d2f5-4236-b967-4a270f65e326_passport.webp","travel_document","3","136104"
"866","F:\NCKH\Product\Martime_product_v1.1\edge_product\edge-services\uploads\crew\avatars\c0000001-0001-0001-0001-000000000001.jpg","F:\NCKH\Product\Martime_product_v1.1\artifacts\research-sync\metadata-first-benchmark-1000\generated-corpus\crew_member\0866_c0000001-0001-0001-0001-000000000001.jpg","crew_member","2","77331"
"867","F:\NCKH\Product\Martime_product_v1.1\edge_product\edge-services\uploads\crew\avatars\c0000001-0001-0001-0001-000000000003.jpg","F:\NCKH\Product\Martime_product_v1.1\artifacts\research-sync\metadata-first-benchmark-1000\generated-corpus\crew_member\0867_c0000001-0001-0001-0001-000000000003.jpg","crew_member","2","87541"
"868","F:\NCKH\Product\Martime_product_v1.1\edge_product\edge-services\uploads\crew\documents\travel_documents\3bfa3d0b-d2f5-4236-b967-4a270f65e326_visa.png","F:\NCKH\Product\Martime_product_v1.1\artifacts\research-sync\metadata-first-benchmark-1000\generated-corpus\travel_document\0868_3bfa3d0b-d2f5-4236-b967-4a270f65e326_visa.png","travel_document","3","473003"
"869","F:\NCKH\Product\Martime_product_v1.1\edge_product\edge-services\uploads\crew\documents\travel_documents\c0000001-0001-0001-0001-000000000003_passport.jpg","F:\NCKH\Product\Martime_product_v1.1\artifacts\research-sync\metadata-first-benchmark-1000\generated-corpus\travel_document\0869_c0000001-0001-0001-0001-000000000003_passport.jpg","travel_document","3","526059"
"870","F:\NCKH\Product\Martime_product_v1.1\edge_product\edge-services\uploads\crew\documents\travel_documents\c0000001-0001-0001-0001-000000000003_passport.jpg","F:\NCKH\Product\Martime_product_v1.1\artifacts\research-sync\metadata-first-benchmark-1000\generated-corpus\travel_document\0870_c0000001-0001-0001-0001-000000000003_passport.jpg","travel_document","3","526059"
"871","F:\NCKH\Product\Martime_product_v1.1\edge_product\edge-services\uploads\crew\avatars\68000000-0000-4000-8000-000000000008-avatar-fdde8623c2ba412bab9cea83aa252de4.png","F:\NCKH\Product\Martime_product_v1.1\artifacts\research-sync\metadata-first-benchmark-1000\generated-corpus\crew_member\0871_68000000-0000-4000-8000-000000000008-avatar-fdde8623c2ba412bab9cea83aa252de4.png","crew_member","2","68"
"872","F:\NCKH\Product\Martime_product_v1.1\edge_product\edge-services\uploads\crew\documents\travel_documents\3bfa3d0b-d2f5-4236-b967-4a270f65e326_passport.webp","F:\NCKH\Product\Martime_product_v1.1\artifacts\research-sync\metadata-first-benchmark-1000\generated-corpus\travel_document\0872_3bfa3d0b-d2f5-4236-b967-4a270f65e326_passport.webp","travel_document","3","136104"
"873","F:\NCKH\Product\Martime_product_v1.1\edge_product\edge-services\uploads\crew\documents\travel_documents\c0000001-0001-0001-0001-000000000003_passport.jpg","F:\NCKH\Product\Martime_product_v1.1\artifacts\research-sync\metadata-first-benchmark-1000\generated-corpus\travel_document\0873_c0000001-0001-0001-0001-000000000003_passport.jpg","travel_document","3","526059"
"874","F:\NCKH\Product\Martime_product_v1.1\edge_product\edge-services\uploads\crew\documents\travel_documents\3bfa3d0b-d2f5-4236-b967-4a270f65e326_visa.png","F:\NCKH\Product\Martime_product_v1.1\artifacts\research-sync\metadata-first-benchmark-1000\generated-corpus\travel_document\0874_3bfa3d0b-d2f5-4236-b967-4a270f65e326_visa.png","travel_document","3","473003"
"875","F:\NCKH\Product\Martime_product_v1.1\edge_product\edge-services\uploads\crew\documents\travel_documents\3bfa3d0b-d2f5-4236-b967-4a270f65e326_passport.webp","F:\NCKH\Product\Martime_product_v1.1\artifacts\research-sync\metadata-first-benchmark-1000\generated-corpus\travel_document\0875_3bfa3d0b-d2f5-4236-b967-4a270f65e326_passport.webp","travel_document","3","136104"
"876","F:\NCKH\Product\Martime_product_v1.1\edge_product\edge-services\uploads\crew\certificates\cert_31_20260225172956.png","F:\NCKH\Product\Martime_product_v1.1\artifacts\research-sync\metadata-first-benchmark-1000\generated-corpus\crew_certificate\0876_cert_31_20260225172956.png","crew_certificate","2","1023525"
"877","F:\NCKH\Product\Martime_product_v1.1\edge_product\edge-services\uploads\crew\documents\health_documents\c0000001-0001-0001-0001-000000000001_medical.png","F:\NCKH\Product\Martime_product_v1.1\artifacts\research-sync\metadata-first-benchmark-1000\generated-corpus\health_document\0877_c0000001-0001-0001-0001-000000000001_medical.png","health_document","3","473003"
"878","F:\NCKH\Product\Martime_product_v1.1\edge_product\edge-services\uploads\crew\avatars\c0000001-0001-0001-0001-000000000003.jpg","F:\NCKH\Product\Martime_product_v1.1\artifacts\research-sync\metadata-first-benchmark-1000\generated-corpus\crew_member\0878_c0000001-0001-0001-0001-000000000003.jpg","crew_member","2","87541"
"879","F:\NCKH\Product\Martime_product_v1.1\edge_product\edge-services\uploads\crew\certificates\cert_31_20260225172956.png","F:\NCKH\Product\Martime_product_v1.1\artifacts\research-sync\metadata-first-benchmark-1000\generated-corpus\crew_certificate\0879_cert_31_20260225172956.png","crew_certificate","2","1023525"
"880","F:\NCKH\Product\Martime_product_v1.1\edge_product\edge-services\uploads\crew\certificates\cert_31_20260225172956.png","F:\NCKH\Product\Martime_product_v1.1\artifacts\research-sync\metadata-first-benchmark-1000\generated-corpus\crew_certificate\0880_cert_31_20260225172956.png","crew_certificate","2","1023525"
"881","F:\NCKH\Product\Martime_product_v1.1\edge_product\edge-services\uploads\crew\avatars\68000000-0000-4000-8000-000000000008-avatar-fdde8623c2ba412bab9cea83aa252de4.png","F:\NCKH\Product\Martime_product_v1.1\artifacts\research-sync\metadata-first-benchmark-1000\generated-corpus\crew_member\0881_68000000-0000-4000-8000-000000000008-avatar-fdde8623c2ba412bab9cea83aa252de4.png","crew_member","2","68"
"882","F:\NCKH\Product\Martime_product_v1.1\edge_product\edge-services\uploads\crew\documents\health_documents\c0000001-0001-0001-0001-000000000001_medical.png","F:\NCKH\Product\Martime_product_v1.1\artifacts\research-sync\metadata-first-benchmark-1000\generated-corpus\health_document\0882_c0000001-0001-0001-0001-000000000001_medical.png","health_document","3","473003"
"883","F:\NCKH\Product\Martime_product_v1.1\edge_product\edge-services\uploads\crew\documents\travel_documents\c0000001-0001-0001-0001-000000000001_visa.png","F:\NCKH\Product\Martime_product_v1.1\artifacts\research-sync\metadata-first-benchmark-1000\generated-corpus\travel_document\0883_c0000001-0001-0001-0001-000000000001_visa.png","travel_document","3","314715"
"884","F:\NCKH\Product\Martime_product_v1.1\edge_product\edge-services\uploads\crew\documents\health_documents\c0000001-0001-0001-0001-000000000001_medical.png","F:\NCKH\Product\Martime_product_v1.1\artifacts\research-sync\metadata-first-benchmark-1000\generated-corpus\health_document\0884_c0000001-0001-0001-0001-000000000001_medical.png","health_document","3","473003"
"885","F:\NCKH\Product\Martime_product_v1.1\edge_product\edge-services\uploads\crew\documents\travel_documents\c0000001-0001-0001-0001-000000000001_visa_20260225112400811.png","F:\NCKH\Product\Martime_product_v1.1\artifacts\research-sync\metadata-first-benchmark-1000\generated-corpus\travel_document\0885_c0000001-0001-0001-0001-000000000001_visa_20260225112400811.png","travel_document","3","288226"
"886","F:\NCKH\Product\Martime_product_v1.1\edge_product\edge-services\uploads\crew\certificates\cert_31_20260225172956.png","F:\NCKH\Product\Martime_product_v1.1\artifacts\research-sync\metadata-first-benchmark-1000\generated-corpus\crew_certificate\0886_cert_31_20260225172956.png","crew_certificate","2","1023525"
"887","F:\NCKH\Product\Martime_product_v1.1\edge_product\edge-services\uploads\crew\documents\health_documents\3bfa3d0b-d2f5-4236-b967-4a270f65e326_yellow_fever.png","F:\NCKH\Product\Martime_product_v1.1\artifacts\research-sync\metadata-first-benchmark-1000\generated-corpus\health_document\0887_3bfa3d0b-d2f5-4236-b967-4a270f65e326_yellow_fever.png","health_document","3","576399"
"888","F:\NCKH\Product\Martime_product_v1.1\edge_product\edge-services\uploads\crew\documents\travel_documents\3bfa3d0b-d2f5-4236-b967-4a270f65e326_passport.webp","F:\NCKH\Product\Martime_product_v1.1\artifacts\research-sync\metadata-first-benchmark-1000\generated-corpus\travel_document\0888_3bfa3d0b-d2f5-4236-b967-4a270f65e326_passport.webp","travel_document","3","136104"
"889","F:\NCKH\Product\Martime_product_v1.1\edge_product\edge-services\uploads\crew\avatars\a0000001-0000-0000-0000-000000000001.jpg","F:\NCKH\Product\Martime_product_v1.1\artifacts\research-sync\metadata-first-benchmark-1000\generated-corpus\crew_member\0889_a0000001-0000-0000-0000-000000000001.jpg","crew_member","2","77331"
"890","F:\NCKH\Product\Martime_product_v1.1\edge_product\edge-services\uploads\crew\certificates\cert_31_20260225172956.png","F:\NCKH\Product\Martime_product_v1.1\artifacts\research-sync\metadata-first-benchmark-1000\generated-corpus\crew_certificate\0890_cert_31_20260225172956.png","crew_certificate","2","1023525"
"891","F:\NCKH\Product\Martime_product_v1.1\edge_product\edge-services\uploads\crew\certificates\cert_31_20260225172956.png","F:\NCKH\Product\Martime_product_v1.1\artifacts\research-sync\metadata-first-benchmark-1000\generated-corpus\crew_certificate\0891_cert_31_20260225172956.png","crew_certificate","2","1023525"
"892","F:\NCKH\Product\Martime_product_v1.1\edge_product\edge-services\uploads\crew\avatars\c0000001-0001-0001-0001-000000000001.jpg","F:\NCKH\Product\Martime_product_v1.1\artifacts\research-sync\metadata-first-benchmark-1000\generated-corpus\crew_member\0892_c0000001-0001-0001-0001-000000000001.jpg","crew_member","2","77331"
"893","F:\NCKH\Product\Martime_product_v1.1\edge_product\edge-services\uploads\crew\documents\travel_documents\c0000001-0001-0001-0001-000000000001_visa_20260225112400811.png","F:\NCKH\Product\Martime_product_v1.1\artifacts\research-sync\metadata-first-benchmark-1000\generated-corpus\travel_document\0893_c0000001-0001-0001-0001-000000000001_visa_20260225112400811.png","travel_document","3","288226"
"894","F:\NCKH\Product\Martime_product_v1.1\edge_product\edge-services\uploads\crew\documents\travel_documents\3bfa3d0b-d2f5-4236-b967-4a270f65e326_passport.webp","F:\NCKH\Product\Martime_product_v1.1\artifacts\research-sync\metadata-first-benchmark-1000\generated-corpus\travel_document\0894_3bfa3d0b-d2f5-4236-b967-4a270f65e326_passport.webp","travel_document","3","136104"
"895","F:\NCKH\Product\Martime_product_v1.1\edge_product\edge-services\uploads\crew\documents\health_documents\c0000001-0001-0001-0001-000000000001_medical.png","F:\NCKH\Product\Martime_product_v1.1\artifacts\research-sync\metadata-first-benchmark-1000\generated-corpus\health_document\0895_c0000001-0001-0001-0001-000000000001_medical.png","health_document","3","473003"
"896","F:\NCKH\Product\Martime_product_v1.1\edge_product\edge-services\uploads\crew\documents\health_documents\c0000001-0001-0001-0001-000000000001_medical.png","F:\NCKH\Product\Martime_product_v1.1\artifacts\research-sync\metadata-first-benchmark-1000\generated-corpus\health_document\0896_c0000001-0001-0001-0001-000000000001_medical.png","health_document","3","473003"
"897","F:\NCKH\Product\Martime_product_v1.1\edge_product\edge-services\uploads\crew\avatars\68000000-0000-4000-8000-000000000008-avatar-fdde8623c2ba412bab9cea83aa252de4.png","F:\NCKH\Product\Martime_product_v1.1\artifacts\research-sync\metadata-first-benchmark-1000\generated-corpus\crew_member\0897_68000000-0000-4000-8000-000000000008-avatar-fdde8623c2ba412bab9cea83aa252de4.png","crew_member","2","68"
"898","F:\NCKH\Product\Martime_product_v1.1\edge_product\edge-services\uploads\crew\documents\health_documents\c0000001-0001-0001-0001-000000000001_medical.png","F:\NCKH\Product\Martime_product_v1.1\artifacts\research-sync\metadata-first-benchmark-1000\generated-corpus\health_document\0898_c0000001-0001-0001-0001-000000000001_medical.png","health_document","3","473003"
"899","F:\NCKH\Product\Martime_product_v1.1\edge_product\edge-services\uploads\crew\avatars\c0000001-0001-0001-0001-000000000001.jpg","F:\NCKH\Product\Martime_product_v1.1\artifacts\research-sync\metadata-first-benchmark-1000\generated-corpus\crew_member\0899_c0000001-0001-0001-0001-000000000001.jpg","crew_member","2","77331"
"900","F:\NCKH\Product\Martime_product_v1.1\edge_product\edge-services\uploads\crew\documents\travel_documents\c0000001-0001-0001-0001-000000000001_visa.png","F:\NCKH\Product\Martime_product_v1.1\artifacts\research-sync\metadata-first-benchmark-1000\generated-corpus\travel_document\0900_c0000001-0001-0001-0001-000000000001_visa.png","travel_document","3","314715"
"901","F:\NCKH\Product\Martime_product_v1.1\edge_product\edge-services\uploads\crew\certificates\cert_31_20260225172956.png","F:\NCKH\Product\Martime_product_v1.1\artifacts\research-sync\metadata-first-benchmark-1000\generated-corpus\crew_certificate\0901_cert_31_20260225172956.png","crew_certificate","2","1023525"
"902","F:\NCKH\Product\Martime_product_v1.1\edge_product\edge-services\uploads\crew\documents\travel_documents\3bfa3d0b-d2f5-4236-b967-4a270f65e326_visa.png","F:\NCKH\Product\Martime_product_v1.1\artifacts\research-sync\metadata-first-benchmark-1000\generated-corpus\travel_document\0902_3bfa3d0b-d2f5-4236-b967-4a270f65e326_visa.png","travel_document","3","473003"
"903","F:\NCKH\Product\Martime_product_v1.1\edge_product\edge-services\uploads\crew\documents\travel_documents\3bfa3d0b-d2f5-4236-b967-4a270f65e326_passport.webp","F:\NCKH\Product\Martime_product_v1.1\artifacts\research-sync\metadata-first-benchmark-1000\generated-corpus\travel_document\0903_3bfa3d0b-d2f5-4236-b967-4a270f65e326_passport.webp","travel_document","3","136104"
"904","F:\NCKH\Product\Martime_product_v1.1\edge_product\edge-services\uploads\crew\documents\health_documents\c0000001-0001-0001-0001-000000000001_medical.png","F:\NCKH\Product\Martime_product_v1.1\artifacts\research-sync\metadata-first-benchmark-1000\generated-corpus\health_document\0904_c0000001-0001-0001-0001-000000000001_medical.png","health_document","3","473003"
"905","F:\NCKH\Product\Martime_product_v1.1\edge_product\edge-services\uploads\crew\avatars\a0000001-0000-0000-0000-000000000001.jpg","F:\NCKH\Product\Martime_product_v1.1\artifacts\research-sync\metadata-first-benchmark-1000\generated-corpus\crew_member\0905_a0000001-0000-0000-0000-000000000001.jpg","crew_member","2","77331"
"906","F:\NCKH\Product\Martime_product_v1.1\edge_product\edge-services\uploads\crew\documents\travel_documents\3bfa3d0b-d2f5-4236-b967-4a270f65e326_visa.png","F:\NCKH\Product\Martime_product_v1.1\artifacts\research-sync\metadata-first-benchmark-1000\generated-corpus\travel_document\0906_3bfa3d0b-d2f5-4236-b967-4a270f65e326_visa.png","travel_document","3","473003"
"907","F:\NCKH\Product\Martime_product_v1.1\edge_product\edge-services\uploads\crew\certificates\cert_31_20260225172956.png","F:\NCKH\Product\Martime_product_v1.1\artifacts\research-sync\metadata-first-benchmark-1000\generated-corpus\crew_certificate\0907_cert_31_20260225172956.png","crew_certificate","2","1023525"
"908","F:\NCKH\Product\Martime_product_v1.1\edge_product\edge-services\uploads\crew\documents\travel_documents\c0000001-0001-0001-0001-000000000001_visa_20260225112400811.png","F:\NCKH\Product\Martime_product_v1.1\artifacts\research-sync\metadata-first-benchmark-1000\generated-corpus\travel_document\0908_c0000001-0001-0001-0001-000000000001_visa_20260225112400811.png","travel_document","3","288226"
"909","F:\NCKH\Product\Martime_product_v1.1\edge_product\edge-services\uploads\crew\documents\travel_documents\c0000001-0001-0001-0001-000000000001_visa.png","F:\NCKH\Product\Martime_product_v1.1\artifacts\research-sync\metadata-first-benchmark-1000\generated-corpus\travel_document\0909_c0000001-0001-0001-0001-000000000001_visa.png","travel_document","3","314715"
"910","F:\NCKH\Product\Martime_product_v1.1\edge_product\edge-services\uploads\crew\documents\health_documents\3bfa3d0b-d2f5-4236-b967-4a270f65e326_yellow_fever.png","F:\NCKH\Product\Martime_product_v1.1\artifacts\research-sync\metadata-first-benchmark-1000\generated-corpus\health_document\0910_3bfa3d0b-d2f5-4236-b967-4a270f65e326_yellow_fever.png","health_document","3","576399"
"911","F:\NCKH\Product\Martime_product_v1.1\edge_product\edge-services\uploads\crew\certificates\cert_31_20260225172956.png","F:\NCKH\Product\Martime_product_v1.1\artifacts\research-sync\metadata-first-benchmark-1000\generated-corpus\crew_certificate\0911_cert_31_20260225172956.png","crew_certificate","2","1023525"
"912","F:\NCKH\Product\Martime_product_v1.1\edge_product\edge-services\uploads\crew\documents\health_documents\3bfa3d0b-d2f5-4236-b967-4a270f65e326_yellow_fever.png","F:\NCKH\Product\Martime_product_v1.1\artifacts\research-sync\metadata-first-benchmark-1000\generated-corpus\health_document\0912_3bfa3d0b-d2f5-4236-b967-4a270f65e326_yellow_fever.png","health_document","3","576399"
"913","F:\NCKH\Product\Martime_product_v1.1\edge_product\edge-services\uploads\crew\avatars\68000000-0000-4000-8000-000000000008-avatar-fdde8623c2ba412bab9cea83aa252de4.png","F:\NCKH\Product\Martime_product_v1.1\artifacts\research-sync\metadata-first-benchmark-1000\generated-corpus\crew_member\0913_68000000-0000-4000-8000-000000000008-avatar-fdde8623c2ba412bab9cea83aa252de4.png","crew_member","2","68"
"914","F:\NCKH\Product\Martime_product_v1.1\edge_product\edge-services\uploads\crew\avatars\c0000001-0001-0001-0001-000000000003.jpg","F:\NCKH\Product\Martime_product_v1.1\artifacts\research-sync\metadata-first-benchmark-1000\generated-corpus\crew_member\0914_c0000001-0001-0001-0001-000000000003.jpg","crew_member","2","87541"
"915","F:\NCKH\Product\Martime_product_v1.1\edge_product\edge-services\uploads\crew\documents\travel_documents\3bfa3d0b-d2f5-4236-b967-4a270f65e326_passport.webp","F:\NCKH\Product\Martime_product_v1.1\artifacts\research-sync\metadata-first-benchmark-1000\generated-corpus\travel_document\0915_3bfa3d0b-d2f5-4236-b967-4a270f65e326_passport.webp","travel_document","3","136104"
"916","F:\NCKH\Product\Martime_product_v1.1\edge_product\edge-services\uploads\crew\documents\travel_documents\c0000001-0001-0001-0001-000000000001_visa_20260225112400811.png","F:\NCKH\Product\Martime_product_v1.1\artifacts\research-sync\metadata-first-benchmark-1000\generated-corpus\travel_document\0916_c0000001-0001-0001-0001-000000000001_visa_20260225112400811.png","travel_document","3","288226"
"917","F:\NCKH\Product\Martime_product_v1.1\edge_product\edge-services\uploads\crew\documents\health_documents\c0000001-0001-0001-0001-000000000001_medical.png","F:\NCKH\Product\Martime_product_v1.1\artifacts\research-sync\metadata-first-benchmark-1000\generated-corpus\health_document\0917_c0000001-0001-0001-0001-000000000001_medical.png","health_document","3","473003"
"918","F:\NCKH\Product\Martime_product_v1.1\edge_product\edge-services\uploads\crew\documents\travel_documents\c0000001-0001-0001-0001-000000000003_passport.jpg","F:\NCKH\Product\Martime_product_v1.1\artifacts\research-sync\metadata-first-benchmark-1000\generated-corpus\travel_document\0918_c0000001-0001-0001-0001-000000000003_passport.jpg","travel_document","3","526059"
"919","F:\NCKH\Product\Martime_product_v1.1\edge_product\edge-services\uploads\crew\documents\travel_documents\c0000001-0001-0001-0001-000000000001_visa.png","F:\NCKH\Product\Martime_product_v1.1\artifacts\research-sync\metadata-first-benchmark-1000\generated-corpus\travel_document\0919_c0000001-0001-0001-0001-000000000001_visa.png","travel_document","3","314715"
"920","F:\NCKH\Product\Martime_product_v1.1\edge_product\edge-services\uploads\crew\avatars\c0000001-0001-0001-0001-000000000001.jpg","F:\NCKH\Product\Martime_product_v1.1\artifacts\research-sync\metadata-first-benchmark-1000\generated-corpus\crew_member\0920_c0000001-0001-0001-0001-000000000001.jpg","crew_member","2","77331"
"921","F:\NCKH\Product\Martime_product_v1.1\edge_product\edge-services\uploads\crew\documents\travel_documents\3bfa3d0b-d2f5-4236-b967-4a270f65e326_visa.png","F:\NCKH\Product\Martime_product_v1.1\artifacts\research-sync\metadata-first-benchmark-1000\generated-corpus\travel_document\0921_3bfa3d0b-d2f5-4236-b967-4a270f65e326_visa.png","travel_document","3","473003"
"922","F:\NCKH\Product\Martime_product_v1.1\edge_product\edge-services\uploads\crew\documents\travel_documents\3bfa3d0b-d2f5-4236-b967-4a270f65e326_visa.png","F:\NCKH\Product\Martime_product_v1.1\artifacts\research-sync\metadata-first-benchmark-1000\generated-corpus\travel_document\0922_3bfa3d0b-d2f5-4236-b967-4a270f65e326_visa.png","travel_document","3","473003"
"923","F:\NCKH\Product\Martime_product_v1.1\edge_product\edge-services\uploads\crew\documents\travel_documents\3bfa3d0b-d2f5-4236-b967-4a270f65e326_passport.webp","F:\NCKH\Product\Martime_product_v1.1\artifacts\research-sync\metadata-first-benchmark-1000\generated-corpus\travel_document\0923_3bfa3d0b-d2f5-4236-b967-4a270f65e326_passport.webp","travel_document","3","136104"
"924","F:\NCKH\Product\Martime_product_v1.1\edge_product\edge-services\uploads\crew\documents\travel_documents\3bfa3d0b-d2f5-4236-b967-4a270f65e326_passport.webp","F:\NCKH\Product\Martime_product_v1.1\artifacts\research-sync\metadata-first-benchmark-1000\generated-corpus\travel_document\0924_3bfa3d0b-d2f5-4236-b967-4a270f65e326_passport.webp","travel_document","3","136104"
"925","F:\NCKH\Product\Martime_product_v1.1\edge_product\edge-services\uploads\crew\documents\health_documents\c0000001-0001-0001-0001-000000000001_medical.png","F:\NCKH\Product\Martime_product_v1.1\artifacts\research-sync\metadata-first-benchmark-1000\generated-corpus\health_document\0925_c0000001-0001-0001-0001-000000000001_medical.png","health_document","3","473003"
"926","F:\NCKH\Product\Martime_product_v1.1\edge_product\edge-services\uploads\crew\documents\travel_documents\c0000001-0001-0001-0001-000000000001_visa_20260225112400811.png","F:\NCKH\Product\Martime_product_v1.1\artifacts\research-sync\metadata-first-benchmark-1000\generated-corpus\travel_document\0926_c0000001-0001-0001-0001-000000000001_visa_20260225112400811.png","travel_document","3","288226"
"927","F:\NCKH\Product\Martime_product_v1.1\edge_product\edge-services\uploads\crew\documents\travel_documents\3bfa3d0b-d2f5-4236-b967-4a270f65e326_visa.png","F:\NCKH\Product\Martime_product_v1.1\artifacts\research-sync\metadata-first-benchmark-1000\generated-corpus\travel_document\0927_3bfa3d0b-d2f5-4236-b967-4a270f65e326_visa.png","travel_document","3","473003"
"928","F:\NCKH\Product\Martime_product_v1.1\edge_product\edge-services\uploads\crew\certificates\cert_31_20260225172956.png","F:\NCKH\Product\Martime_product_v1.1\artifacts\research-sync\metadata-first-benchmark-1000\generated-corpus\crew_certificate\0928_cert_31_20260225172956.png","crew_certificate","2","1023525"
"929","F:\NCKH\Product\Martime_product_v1.1\edge_product\edge-services\uploads\crew\avatars\a0000001-0000-0000-0000-000000000001.jpg","F:\NCKH\Product\Martime_product_v1.1\artifacts\research-sync\metadata-first-benchmark-1000\generated-corpus\crew_member\0929_a0000001-0000-0000-0000-000000000001.jpg","crew_member","2","77331"
"930","F:\NCKH\Product\Martime_product_v1.1\edge_product\edge-services\uploads\crew\avatars\68000000-0000-4000-8000-000000000008-avatar-fdde8623c2ba412bab9cea83aa252de4.png","F:\NCKH\Product\Martime_product_v1.1\artifacts\research-sync\metadata-first-benchmark-1000\generated-corpus\crew_member\0930_68000000-0000-4000-8000-000000000008-avatar-fdde8623c2ba412bab9cea83aa252de4.png","crew_member","2","68"
"931","F:\NCKH\Product\Martime_product_v1.1\edge_product\edge-services\uploads\crew\avatars\c0000001-0001-0001-0001-000000000003.jpg","F:\NCKH\Product\Martime_product_v1.1\artifacts\research-sync\metadata-first-benchmark-1000\generated-corpus\crew_member\0931_c0000001-0001-0001-0001-000000000003.jpg","crew_member","2","87541"
"932","F:\NCKH\Product\Martime_product_v1.1\edge_product\edge-services\uploads\crew\documents\travel_documents\c0000001-0001-0001-0001-000000000003_passport.jpg","F:\NCKH\Product\Martime_product_v1.1\artifacts\research-sync\metadata-first-benchmark-1000\generated-corpus\travel_document\0932_c0000001-0001-0001-0001-000000000003_passport.jpg","travel_document","3","526059"
"933","F:\NCKH\Product\Martime_product_v1.1\edge_product\edge-services\uploads\crew\avatars\a0000001-0000-0000-0000-000000000001.jpg","F:\NCKH\Product\Martime_product_v1.1\artifacts\research-sync\metadata-first-benchmark-1000\generated-corpus\crew_member\0933_a0000001-0000-0000-0000-000000000001.jpg","crew_member","2","77331"
"934","F:\NCKH\Product\Martime_product_v1.1\edge_product\edge-services\uploads\crew\documents\travel_documents\3bfa3d0b-d2f5-4236-b967-4a270f65e326_passport.webp","F:\NCKH\Product\Martime_product_v1.1\artifacts\research-sync\metadata-first-benchmark-1000\generated-corpus\travel_document\0934_3bfa3d0b-d2f5-4236-b967-4a270f65e326_passport.webp","travel_document","3","136104"
"935","F:\NCKH\Product\Martime_product_v1.1\edge_product\edge-services\uploads\crew\documents\travel_documents\c0000001-0001-0001-0001-000000000003_passport.jpg","F:\NCKH\Product\Martime_product_v1.1\artifacts\research-sync\metadata-first-benchmark-1000\generated-corpus\travel_document\0935_c0000001-0001-0001-0001-000000000003_passport.jpg","travel_document","3","526059"
"936","F:\NCKH\Product\Martime_product_v1.1\edge_product\edge-services\uploads\crew\certificates\cert_31_20260225172956.png","F:\NCKH\Product\Martime_product_v1.1\artifacts\research-sync\metadata-first-benchmark-1000\generated-corpus\crew_certificate\0936_cert_31_20260225172956.png","crew_certificate","2","1023525"
"937","F:\NCKH\Product\Martime_product_v1.1\edge_product\edge-services\uploads\crew\documents\travel_documents\c0000001-0001-0001-0001-000000000001_visa_20260225112400811.png","F:\NCKH\Product\Martime_product_v1.1\artifacts\research-sync\metadata-first-benchmark-1000\generated-corpus\travel_document\0937_c0000001-0001-0001-0001-000000000001_visa_20260225112400811.png","travel_document","3","288226"
"938","F:\NCKH\Product\Martime_product_v1.1\edge_product\edge-services\uploads\crew\avatars\c0000001-0001-0001-0001-000000000001.jpg","F:\NCKH\Product\Martime_product_v1.1\artifacts\research-sync\metadata-first-benchmark-1000\generated-corpus\crew_member\0938_c0000001-0001-0001-0001-000000000001.jpg","crew_member","2","77331"
"939","F:\NCKH\Product\Martime_product_v1.1\edge_product\edge-services\uploads\crew\documents\health_documents\3bfa3d0b-d2f5-4236-b967-4a270f65e326_yellow_fever.png","F:\NCKH\Product\Martime_product_v1.1\artifacts\research-sync\metadata-first-benchmark-1000\generated-corpus\health_document\0939_3bfa3d0b-d2f5-4236-b967-4a270f65e326_yellow_fever.png","health_document","3","576399"
"940","F:\NCKH\Product\Martime_product_v1.1\edge_product\edge-services\uploads\crew\avatars\c0000001-0001-0001-0001-000000000001.jpg","F:\NCKH\Product\Martime_product_v1.1\artifacts\research-sync\metadata-first-benchmark-1000\generated-corpus\crew_member\0940_c0000001-0001-0001-0001-000000000001.jpg","crew_member","2","77331"
"941","F:\NCKH\Product\Martime_product_v1.1\edge_product\edge-services\uploads\crew\avatars\68000000-0000-4000-8000-000000000008-avatar-fdde8623c2ba412bab9cea83aa252de4.png","F:\NCKH\Product\Martime_product_v1.1\artifacts\research-sync\metadata-first-benchmark-1000\generated-corpus\crew_member\0941_68000000-0000-4000-8000-000000000008-avatar-fdde8623c2ba412bab9cea83aa252de4.png","crew_member","2","68"
"942","F:\NCKH\Product\Martime_product_v1.1\edge_product\edge-services\uploads\crew\documents\health_documents\c0000001-0001-0001-0001-000000000001_medical.png","F:\NCKH\Product\Martime_product_v1.1\artifacts\research-sync\metadata-first-benchmark-1000\generated-corpus\health_document\0942_c0000001-0001-0001-0001-000000000001_medical.png","health_document","3","473003"
"943","F:\NCKH\Product\Martime_product_v1.1\edge_product\edge-services\uploads\crew\documents\travel_documents\c0000001-0001-0001-0001-000000000001_visa.png","F:\NCKH\Product\Martime_product_v1.1\artifacts\research-sync\metadata-first-benchmark-1000\generated-corpus\travel_document\0943_c0000001-0001-0001-0001-000000000001_visa.png","travel_document","3","314715"
"944","F:\NCKH\Product\Martime_product_v1.1\edge_product\edge-services\uploads\crew\documents\travel_documents\3bfa3d0b-d2f5-4236-b967-4a270f65e326_passport.webp","F:\NCKH\Product\Martime_product_v1.1\artifacts\research-sync\metadata-first-benchmark-1000\generated-corpus\travel_document\0944_3bfa3d0b-d2f5-4236-b967-4a270f65e326_passport.webp","travel_document","3","136104"
"945","F:\NCKH\Product\Martime_product_v1.1\edge_product\edge-services\uploads\crew\documents\travel_documents\c0000001-0001-0001-0001-000000000003_passport.jpg","F:\NCKH\Product\Martime_product_v1.1\artifacts\research-sync\metadata-first-benchmark-1000\generated-corpus\travel_document\0945_c0000001-0001-0001-0001-000000000003_passport.jpg","travel_document","3","526059"
"946","F:\NCKH\Product\Martime_product_v1.1\edge_product\edge-services\uploads\crew\documents\travel_documents\c0000001-0001-0001-0001-000000000001_visa_20260225112400811.png","F:\NCKH\Product\Martime_product_v1.1\artifacts\research-sync\metadata-first-benchmark-1000\generated-corpus\travel_document\0946_c0000001-0001-0001-0001-000000000001_visa_20260225112400811.png","travel_document","3","288226"
"947","F:\NCKH\Product\Martime_product_v1.1\edge_product\edge-services\uploads\crew\avatars\c0000001-0001-0001-0001-000000000001.jpg","F:\NCKH\Product\Martime_product_v1.1\artifacts\research-sync\metadata-first-benchmark-1000\generated-corpus\crew_member\0947_c0000001-0001-0001-0001-000000000001.jpg","crew_member","2","77331"
"948","F:\NCKH\Product\Martime_product_v1.1\edge_product\edge-services\uploads\crew\documents\health_documents\c0000001-0001-0001-0001-000000000001_medical.png","F:\NCKH\Product\Martime_product_v1.1\artifacts\research-sync\metadata-first-benchmark-1000\generated-corpus\health_document\0948_c0000001-0001-0001-0001-000000000001_medical.png","health_document","3","473003"
"949","F:\NCKH\Product\Martime_product_v1.1\edge_product\edge-services\uploads\crew\avatars\68000000-0000-4000-8000-000000000008-avatar-fdde8623c2ba412bab9cea83aa252de4.png","F:\NCKH\Product\Martime_product_v1.1\artifacts\research-sync\metadata-first-benchmark-1000\generated-corpus\crew_member\0949_68000000-0000-4000-8000-000000000008-avatar-fdde8623c2ba412bab9cea83aa252de4.png","crew_member","2","68"
"950","F:\NCKH\Product\Martime_product_v1.1\edge_product\edge-services\uploads\crew\documents\travel_documents\3bfa3d0b-d2f5-4236-b967-4a270f65e326_passport.webp","F:\NCKH\Product\Martime_product_v1.1\artifacts\research-sync\metadata-first-benchmark-1000\generated-corpus\travel_document\0950_3bfa3d0b-d2f5-4236-b967-4a270f65e326_passport.webp","travel_document","3","136104"
"951","F:\NCKH\Product\Martime_product_v1.1\edge_product\edge-services\uploads\crew\documents\travel_documents\c0000001-0001-0001-0001-000000000003_passport.jpg","F:\NCKH\Product\Martime_product_v1.1\artifacts\research-sync\metadata-first-benchmark-1000\generated-corpus\travel_document\0951_c0000001-0001-0001-0001-000000000003_passport.jpg","travel_document","3","526059"
"952","F:\NCKH\Product\Martime_product_v1.1\edge_product\edge-services\uploads\crew\avatars\a0000001-0000-0000-0000-000000000001.jpg","F:\NCKH\Product\Martime_product_v1.1\artifacts\research-sync\metadata-first-benchmark-1000\generated-corpus\crew_member\0952_a0000001-0000-0000-0000-000000000001.jpg","crew_member","2","77331"
"953","F:\NCKH\Product\Martime_product_v1.1\edge_product\edge-services\uploads\crew\documents\travel_documents\c0000001-0001-0001-0001-000000000001_visa.png","F:\NCKH\Product\Martime_product_v1.1\artifacts\research-sync\metadata-first-benchmark-1000\generated-corpus\travel_document\0953_c0000001-0001-0001-0001-000000000001_visa.png","travel_document","3","314715"
"954","F:\NCKH\Product\Martime_product_v1.1\edge_product\edge-services\uploads\crew\documents\travel_documents\c0000001-0001-0001-0001-000000000003_passport.jpg","F:\NCKH\Product\Martime_product_v1.1\artifacts\research-sync\metadata-first-benchmark-1000\generated-corpus\travel_document\0954_c0000001-0001-0001-0001-000000000003_passport.jpg","travel_document","3","526059"
"955","F:\NCKH\Product\Martime_product_v1.1\edge_product\edge-services\uploads\crew\avatars\a0000001-0000-0000-0000-000000000001.jpg","F:\NCKH\Product\Martime_product_v1.1\artifacts\research-sync\metadata-first-benchmark-1000\generated-corpus\crew_member\0955_a0000001-0000-0000-0000-000000000001.jpg","crew_member","2","77331"
"956","F:\NCKH\Product\Martime_product_v1.1\edge_product\edge-services\uploads\crew\documents\travel_documents\3bfa3d0b-d2f5-4236-b967-4a270f65e326_visa.png","F:\NCKH\Product\Martime_product_v1.1\artifacts\research-sync\metadata-first-benchmark-1000\generated-corpus\travel_document\0956_3bfa3d0b-d2f5-4236-b967-4a270f65e326_visa.png","travel_document","3","473003"
"957","F:\NCKH\Product\Martime_product_v1.1\edge_product\edge-services\uploads\crew\avatars\a0000001-0000-0000-0000-000000000001.jpg","F:\NCKH\Product\Martime_product_v1.1\artifacts\research-sync\metadata-first-benchmark-1000\generated-corpus\crew_member\0957_a0000001-0000-0000-0000-000000000001.jpg","crew_member","2","77331"
"958","F:\NCKH\Product\Martime_product_v1.1\edge_product\edge-services\uploads\crew\avatars\68000000-0000-4000-8000-000000000008-avatar-fdde8623c2ba412bab9cea83aa252de4.png","F:\NCKH\Product\Martime_product_v1.1\artifacts\research-sync\metadata-first-benchmark-1000\generated-corpus\crew_member\0958_68000000-0000-4000-8000-000000000008-avatar-fdde8623c2ba412bab9cea83aa252de4.png","crew_member","2","68"
"959","F:\NCKH\Product\Martime_product_v1.1\edge_product\edge-services\uploads\crew\avatars\68000000-0000-4000-8000-000000000008-avatar-fdde8623c2ba412bab9cea83aa252de4.png","F:\NCKH\Product\Martime_product_v1.1\artifacts\research-sync\metadata-first-benchmark-1000\generated-corpus\crew_member\0959_68000000-0000-4000-8000-000000000008-avatar-fdde8623c2ba412bab9cea83aa252de4.png","crew_member","2","68"
"960","F:\NCKH\Product\Martime_product_v1.1\edge_product\edge-services\uploads\crew\avatars\c0000001-0001-0001-0001-000000000001.jpg","F:\NCKH\Product\Martime_product_v1.1\artifacts\research-sync\metadata-first-benchmark-1000\generated-corpus\crew_member\0960_c0000001-0001-0001-0001-000000000001.jpg","crew_member","2","77331"
"961","F:\NCKH\Product\Martime_product_v1.1\edge_product\edge-services\uploads\crew\documents\travel_documents\c0000001-0001-0001-0001-000000000003_passport.jpg","F:\NCKH\Product\Martime_product_v1.1\artifacts\research-sync\metadata-first-benchmark-1000\generated-corpus\travel_document\0961_c0000001-0001-0001-0001-000000000003_passport.jpg","travel_document","3","526059"
"962","F:\NCKH\Product\Martime_product_v1.1\edge_product\edge-services\uploads\crew\documents\travel_documents\c0000001-0001-0001-0001-000000000003_passport.jpg","F:\NCKH\Product\Martime_product_v1.1\artifacts\research-sync\metadata-first-benchmark-1000\generated-corpus\travel_document\0962_c0000001-0001-0001-0001-000000000003_passport.jpg","travel_document","3","526059"
"963","F:\NCKH\Product\Martime_product_v1.1\edge_product\edge-services\uploads\crew\documents\travel_documents\c0000001-0001-0001-0001-000000000001_visa.png","F:\NCKH\Product\Martime_product_v1.1\artifacts\research-sync\metadata-first-benchmark-1000\generated-corpus\travel_document\0963_c0000001-0001-0001-0001-000000000001_visa.png","travel_document","3","314715"
"964","F:\NCKH\Product\Martime_product_v1.1\edge_product\edge-services\uploads\crew\documents\travel_documents\c0000001-0001-0001-0001-000000000001_visa.png","F:\NCKH\Product\Martime_product_v1.1\artifacts\research-sync\metadata-first-benchmark-1000\generated-corpus\travel_document\0964_c0000001-0001-0001-0001-000000000001_visa.png","travel_document","3","314715"
"965","F:\NCKH\Product\Martime_product_v1.1\edge_product\edge-services\uploads\crew\avatars\a0000001-0000-0000-0000-000000000001.jpg","F:\NCKH\Product\Martime_product_v1.1\artifacts\research-sync\metadata-first-benchmark-1000\generated-corpus\crew_member\0965_a0000001-0000-0000-0000-000000000001.jpg","crew_member","2","77331"
"966","F:\NCKH\Product\Martime_product_v1.1\edge_product\edge-services\uploads\crew\certificates\cert_31_20260225172956.png","F:\NCKH\Product\Martime_product_v1.1\artifacts\research-sync\metadata-first-benchmark-1000\generated-corpus\crew_certificate\0966_cert_31_20260225172956.png","crew_certificate","2","1023525"
"967","F:\NCKH\Product\Martime_product_v1.1\edge_product\edge-services\uploads\crew\certificates\cert_31_20260225172956.png","F:\NCKH\Product\Martime_product_v1.1\artifacts\research-sync\metadata-first-benchmark-1000\generated-corpus\crew_certificate\0967_cert_31_20260225172956.png","crew_certificate","2","1023525"
"968","F:\NCKH\Product\Martime_product_v1.1\edge_product\edge-services\uploads\crew\certificates\cert_31_20260225172956.png","F:\NCKH\Product\Martime_product_v1.1\artifacts\research-sync\metadata-first-benchmark-1000\generated-corpus\crew_certificate\0968_cert_31_20260225172956.png","crew_certificate","2","1023525"
"969","F:\NCKH\Product\Martime_product_v1.1\edge_product\edge-services\uploads\crew\avatars\c0000001-0001-0001-0001-000000000003.jpg","F:\NCKH\Product\Martime_product_v1.1\artifacts\research-sync\metadata-first-benchmark-1000\generated-corpus\crew_member\0969_c0000001-0001-0001-0001-000000000003.jpg","crew_member","2","87541"
"970","F:\NCKH\Product\Martime_product_v1.1\edge_product\edge-services\uploads\crew\avatars\c0000001-0001-0001-0001-000000000001.jpg","F:\NCKH\Product\Martime_product_v1.1\artifacts\research-sync\metadata-first-benchmark-1000\generated-corpus\crew_member\0970_c0000001-0001-0001-0001-000000000001.jpg","crew_member","2","77331"
"971","F:\NCKH\Product\Martime_product_v1.1\edge_product\edge-services\uploads\crew\documents\travel_documents\c0000001-0001-0001-0001-000000000003_passport.jpg","F:\NCKH\Product\Martime_product_v1.1\artifacts\research-sync\metadata-first-benchmark-1000\generated-corpus\travel_document\0971_c0000001-0001-0001-0001-000000000003_passport.jpg","travel_document","3","526059"
"972","F:\NCKH\Product\Martime_product_v1.1\edge_product\edge-services\uploads\crew\avatars\c0000001-0001-0001-0001-000000000003.jpg","F:\NCKH\Product\Martime_product_v1.1\artifacts\research-sync\metadata-first-benchmark-1000\generated-corpus\crew_member\0972_c0000001-0001-0001-0001-000000000003.jpg","crew_member","2","87541"
"973","F:\NCKH\Product\Martime_product_v1.1\edge_product\edge-services\uploads\crew\documents\health_documents\c0000001-0001-0001-0001-000000000001_medical.png","F:\NCKH\Product\Martime_product_v1.1\artifacts\research-sync\metadata-first-benchmark-1000\generated-corpus\health_document\0973_c0000001-0001-0001-0001-000000000001_medical.png","health_document","3","473003"
"974","F:\NCKH\Product\Martime_product_v1.1\edge_product\edge-services\uploads\crew\documents\travel_documents\3bfa3d0b-d2f5-4236-b967-4a270f65e326_passport.webp","F:\NCKH\Product\Martime_product_v1.1\artifacts\research-sync\metadata-first-benchmark-1000\generated-corpus\travel_document\0974_3bfa3d0b-d2f5-4236-b967-4a270f65e326_passport.webp","travel_document","3","136104"
"975","F:\NCKH\Product\Martime_product_v1.1\edge_product\edge-services\uploads\crew\avatars\c0000001-0001-0001-0001-000000000001.jpg","F:\NCKH\Product\Martime_product_v1.1\artifacts\research-sync\metadata-first-benchmark-1000\generated-corpus\crew_member\0975_c0000001-0001-0001-0001-000000000001.jpg","crew_member","2","77331"
"976","F:\NCKH\Product\Martime_product_v1.1\edge_product\edge-services\uploads\crew\avatars\c0000001-0001-0001-0001-000000000001.jpg","F:\NCKH\Product\Martime_product_v1.1\artifacts\research-sync\metadata-first-benchmark-1000\generated-corpus\crew_member\0976_c0000001-0001-0001-0001-000000000001.jpg","crew_member","2","77331"
"977","F:\NCKH\Product\Martime_product_v1.1\edge_product\edge-services\uploads\crew\documents\travel_documents\c0000001-0001-0001-0001-000000000003_passport.jpg","F:\NCKH\Product\Martime_product_v1.1\artifacts\research-sync\metadata-first-benchmark-1000\generated-corpus\travel_document\0977_c0000001-0001-0001-0001-000000000003_passport.jpg","travel_document","3","526059"
"978","F:\NCKH\Product\Martime_product_v1.1\edge_product\edge-services\uploads\crew\documents\travel_documents\c0000001-0001-0001-0001-000000000003_passport.jpg","F:\NCKH\Product\Martime_product_v1.1\artifacts\research-sync\metadata-first-benchmark-1000\generated-corpus\travel_document\0978_c0000001-0001-0001-0001-000000000003_passport.jpg","travel_document","3","526059"
"979","F:\NCKH\Product\Martime_product_v1.1\edge_product\edge-services\uploads\crew\documents\travel_documents\3bfa3d0b-d2f5-4236-b967-4a270f65e326_passport.webp","F:\NCKH\Product\Martime_product_v1.1\artifacts\research-sync\metadata-first-benchmark-1000\generated-corpus\travel_document\0979_3bfa3d0b-d2f5-4236-b967-4a270f65e326_passport.webp","travel_document","3","136104"
"980","F:\NCKH\Product\Martime_product_v1.1\edge_product\edge-services\uploads\crew\documents\travel_documents\3bfa3d0b-d2f5-4236-b967-4a270f65e326_visa.png","F:\NCKH\Product\Martime_product_v1.1\artifacts\research-sync\metadata-first-benchmark-1000\generated-corpus\travel_document\0980_3bfa3d0b-d2f5-4236-b967-4a270f65e326_visa.png","travel_document","3","473003"
"981","F:\NCKH\Product\Martime_product_v1.1\edge_product\edge-services\uploads\crew\documents\travel_documents\3bfa3d0b-d2f5-4236-b967-4a270f65e326_passport.webp","F:\NCKH\Product\Martime_product_v1.1\artifacts\research-sync\metadata-first-benchmark-1000\generated-corpus\travel_document\0981_3bfa3d0b-d2f5-4236-b967-4a270f65e326_passport.webp","travel_document","3","136104"
"982","F:\NCKH\Product\Martime_product_v1.1\edge_product\edge-services\uploads\crew\avatars\c0000001-0001-0001-0001-000000000001.jpg","F:\NCKH\Product\Martime_product_v1.1\artifacts\research-sync\metadata-first-benchmark-1000\generated-corpus\crew_member\0982_c0000001-0001-0001-0001-000000000001.jpg","crew_member","2","77331"
"983","F:\NCKH\Product\Martime_product_v1.1\edge_product\edge-services\uploads\crew\certificates\cert_31_20260225172956.png","F:\NCKH\Product\Martime_product_v1.1\artifacts\research-sync\metadata-first-benchmark-1000\generated-corpus\crew_certificate\0983_cert_31_20260225172956.png","crew_certificate","2","1023525"
"984","F:\NCKH\Product\Martime_product_v1.1\edge_product\edge-services\uploads\crew\documents\health_documents\3bfa3d0b-d2f5-4236-b967-4a270f65e326_yellow_fever.png","F:\NCKH\Product\Martime_product_v1.1\artifacts\research-sync\metadata-first-benchmark-1000\generated-corpus\health_document\0984_3bfa3d0b-d2f5-4236-b967-4a270f65e326_yellow_fever.png","health_document","3","576399"
"985","F:\NCKH\Product\Martime_product_v1.1\edge_product\edge-services\uploads\crew\avatars\68000000-0000-4000-8000-000000000008-avatar-fdde8623c2ba412bab9cea83aa252de4.png","F:\NCKH\Product\Martime_product_v1.1\artifacts\research-sync\metadata-first-benchmark-1000\generated-corpus\crew_member\0985_68000000-0000-4000-8000-000000000008-avatar-fdde8623c2ba412bab9cea83aa252de4.png","crew_member","2","68"
"986","F:\NCKH\Product\Martime_product_v1.1\edge_product\edge-services\uploads\crew\avatars\c0000001-0001-0001-0001-000000000001.jpg","F:\NCKH\Product\Martime_product_v1.1\artifacts\research-sync\metadata-first-benchmark-1000\generated-corpus\crew_member\0986_c0000001-0001-0001-0001-000000000001.jpg","crew_member","2","77331"
"987","F:\NCKH\Product\Martime_product_v1.1\edge_product\edge-services\uploads\crew\avatars\c0000001-0001-0001-0001-000000000001.jpg","F:\NCKH\Product\Martime_product_v1.1\artifacts\research-sync\metadata-first-benchmark-1000\generated-corpus\crew_member\0987_c0000001-0001-0001-0001-000000000001.jpg","crew_member","2","77331"
"988","F:\NCKH\Product\Martime_product_v1.1\edge_product\edge-services\uploads\crew\avatars\a0000001-0000-0000-0000-000000000001.jpg","F:\NCKH\Product\Martime_product_v1.1\artifacts\research-sync\metadata-first-benchmark-1000\generated-corpus\crew_member\0988_a0000001-0000-0000-0000-000000000001.jpg","crew_member","2","77331"
"989","F:\NCKH\Product\Martime_product_v1.1\edge_product\edge-services\uploads\crew\documents\health_documents\3bfa3d0b-d2f5-4236-b967-4a270f65e326_yellow_fever.png","F:\NCKH\Product\Martime_product_v1.1\artifacts\research-sync\metadata-first-benchmark-1000\generated-corpus\health_document\0989_3bfa3d0b-d2f5-4236-b967-4a270f65e326_yellow_fever.png","health_document","3","576399"
"990","F:\NCKH\Product\Martime_product_v1.1\edge_product\edge-services\uploads\crew\avatars\c0000001-0001-0001-0001-000000000003.jpg","F:\NCKH\Product\Martime_product_v1.1\artifacts\research-sync\metadata-first-benchmark-1000\generated-corpus\crew_member\0990_c0000001-0001-0001-0001-000000000003.jpg","crew_member","2","87541"
"991","F:\NCKH\Product\Martime_product_v1.1\edge_product\edge-services\uploads\crew\avatars\c0000001-0001-0001-0001-000000000003.jpg","F:\NCKH\Product\Martime_product_v1.1\artifacts\research-sync\metadata-first-benchmark-1000\generated-corpus\crew_member\0991_c0000001-0001-0001-0001-000000000003.jpg","crew_member","2","87541"
"992","F:\NCKH\Product\Martime_product_v1.1\edge_product\edge-services\uploads\crew\documents\travel_documents\c0000001-0001-0001-0001-000000000001_visa_20260225112400811.png","F:\NCKH\Product\Martime_product_v1.1\artifacts\research-sync\metadata-first-benchmark-1000\generated-corpus\travel_document\0992_c0000001-0001-0001-0001-000000000001_visa_20260225112400811.png","travel_document","3","288226"
"993","F:\NCKH\Product\Martime_product_v1.1\edge_product\edge-services\uploads\crew\avatars\c0000001-0001-0001-0001-000000000001.jpg","F:\NCKH\Product\Martime_product_v1.1\artifacts\research-sync\metadata-first-benchmark-1000\generated-corpus\crew_member\0993_c0000001-0001-0001-0001-000000000001.jpg","crew_member","2","77331"
"994","F:\NCKH\Product\Martime_product_v1.1\edge_product\edge-services\uploads\crew\avatars\c0000001-0001-0001-0001-000000000001.jpg","F:\NCKH\Product\Martime_product_v1.1\artifacts\research-sync\metadata-first-benchmark-1000\generated-corpus\crew_member\0994_c0000001-0001-0001-0001-000000000001.jpg","crew_member","2","77331"
"995","F:\NCKH\Product\Martime_product_v1.1\edge_product\edge-services\uploads\crew\avatars\c0000001-0001-0001-0001-000000000003.jpg","F:\NCKH\Product\Martime_product_v1.1\artifacts\research-sync\metadata-first-benchmark-1000\generated-corpus\crew_member\0995_c0000001-0001-0001-0001-000000000003.jpg","crew_member","2","87541"
"996","F:\NCKH\Product\Martime_product_v1.1\edge_product\edge-services\uploads\crew\avatars\a0000001-0000-0000-0000-000000000001.jpg","F:\NCKH\Product\Martime_product_v1.1\artifacts\research-sync\metadata-first-benchmark-1000\generated-corpus\crew_member\0996_a0000001-0000-0000-0000-000000000001.jpg","crew_member","2","77331"
"997","F:\NCKH\Product\Martime_product_v1.1\edge_product\edge-services\uploads\crew\documents\travel_documents\c0000001-0001-0001-0001-000000000001_visa.png","F:\NCKH\Product\Martime_product_v1.1\artifacts\research-sync\metadata-first-benchmark-1000\generated-corpus\travel_document\0997_c0000001-0001-0001-0001-000000000001_visa.png","travel_document","3","314715"
"998","F:\NCKH\Product\Martime_product_v1.1\edge_product\edge-services\uploads\crew\avatars\68000000-0000-4000-8000-000000000008-avatar-fdde8623c2ba412bab9cea83aa252de4.png","F:\NCKH\Product\Martime_product_v1.1\artifacts\research-sync\metadata-first-benchmark-1000\generated-corpus\crew_member\0998_68000000-0000-4000-8000-000000000008-avatar-fdde8623c2ba412bab9cea83aa252de4.png","crew_member","2","68"
"999","F:\NCKH\Product\Martime_product_v1.1\edge_product\edge-services\uploads\crew\documents\health_documents\3bfa3d0b-d2f5-4236-b967-4a270f65e326_yellow_fever.png","F:\NCKH\Product\Martime_product_v1.1\artifacts\research-sync\metadata-first-benchmark-1000\generated-corpus\health_document\0999_3bfa3d0b-d2f5-4236-b967-4a270f65e326_yellow_fever.png","health_document","3","576399"
"1000","F:\NCKH\Product\Martime_product_v1.1\edge_product\edge-services\uploads\crew\documents\travel_documents\3bfa3d0b-d2f5-4236-b967-4a270f65e326_passport.webp","F:\NCKH\Product\Martime_product_v1.1\artifacts\research-sync\metadata-first-benchmark-1000\generated-corpus\travel_document\1000_3bfa3d0b-d2f5-4236-b967-4a270f65e326_passport.webp","travel_document","3","136104"
