"RepoRelative","TableName","TransferPriority","Role","Extension","FileBytes","MetadataJsonBytes","ContentJsonBytes","SavedInitialBytes"
"artifacts/research-sync/metadata-first-benchmark-1000/generated-corpus/crew_certificate/0015_cert_31_20260225172956.png","crew_certificate","2","attachment",".png","1023525","444","1365171","1364727"
"artifacts/research-sync/metadata-first-benchmark-1000/generated-corpus/crew_certificate/0022_cert_31_20260225172956.png","crew_certificate","2","attachment",".png","1023525","444","1365171","1364727"
"artifacts/research-sync/metadata-first-benchmark-1000/generated-corpus/crew_certificate/0033_cert_31_20260225172956.png","crew_certificate","2","attachment",".png","1023525","444","1365171","1364727"
"artifacts/research-sync/metadata-first-benchmark-1000/generated-corpus/crew_certificate/0044_cert_31_20260225172956.png","crew_certificate","2","attachment",".png","1023525","444","1365171","1364727"
"artifacts/research-sync/metadata-first-benchmark-1000/generated-corpus/crew_certificate/0062_cert_31_20260225172956.png","crew_certificate","2","attachment",".png","1023525","444","1365171","1364727"
"artifacts/research-sync/metadata-first-benchmark-1000/generated-corpus/crew_certificate/0075_cert_31_20260225172956.png","crew_certificate","2","attachment",".png","1023525","444","1365171","1364727"
"artifacts/research-sync/metadata-first-benchmark-1000/generated-corpus/crew_certificate/0082_cert_31_20260225172956.png","crew_certificate","2","attachment",".png","1023525","444","1365171","1364727"
"artifacts/research-sync/metadata-first-benchmark-1000/generated-corpus/crew_certificate/0091_cert_31_20260225172956.png","crew_certificate","2","attachment",".png","1023525","444","1365171","1364727"
"artifacts/research-sync/metadata-first-benchmark-1000/generated-corpus/crew_certificate/0134_cert_31_20260225172956.png","crew_certificate","2","attachment",".png","1023525","444","1365171","1364727"
"artifacts/research-sync/metadata-first-benchmark-1000/generated-corpus/crew_certificate/0142_cert_31_20260225172956.png","crew_certificate","2","attachment",".png","1023525","444","1365171","1364727"
"artifacts/research-sync/metadata-first-benchmark-1000/generated-corpus/crew_certificate/0146_cert_31_20260225172956.png","crew_certificate","2","attachment",".png","1023525","444","1365171","1364727"
"artifacts/research-sync/metadata-first-benchmark-1000/generated-corpus/crew_certificate/0161_cert_31_20260225172956.png","crew_certificate","2","attachment",".png","1023525","444","1365171","1364727"
"artifacts/research-sync/metadata-first-benchmark-1000/generated-corpus/crew_certificate/0165_cert_31_20260225172956.png","crew_certificate","2","attachment",".png","1023525","444","1365171","1364727"
"artifacts/research-sync/metadata-first-benchmark-1000/generated-corpus/crew_certificate/0181_cert_31_20260225172956.png","crew_certificate","2","attachment",".png","1023525","444","1365171","1364727"
"artifacts/research-sync/metadata-first-benchmark-1000/generated-corpus/crew_certificate/0186_cert_31_20260225172956.png","crew_certificate","2","attachment",".png","1023525","444","1365171","1364727"
"artifacts/research-sync/metadata-first-benchmark-1000/generated-corpus/crew_certificate/0187_cert_31_20260225172956.png","crew_certificate","2","attachment",".png","1023525","444","1365171","1364727"
"artifacts/research-sync/metadata-first-benchmark-1000/generated-corpus/crew_certificate/0221_cert_31_20260225172956.png","crew_certificate","2","attachment",".png","1023525","444","1365171","1364727"
"artifacts/research-sync/metadata-first-benchmark-1000/generated-corpus/crew_certificate/0228_cert_31_20260225172956.png","crew_certificate","2","attachment",".png","1023525","444","1365171","1364727"
"artifacts/research-sync/metadata-first-benchmark-1000/generated-corpus/crew_certificate/0250_cert_31_20260225172956.png","crew_certificate","2","attachment",".png","1023525","444","1365171","1364727"
"artifacts/research-sync/metadata-first-benchmark-1000/generated-corpus/crew_certificate/0262_cert_31_20260225172956.png","crew_certificate","2","attachment",".png","1023525","444","1365171","1364727"
"artifacts/research-sync/metadata-first-benchmark-1000/generated-corpus/crew_certificate/0275_cert_31_20260225172956.png","crew_certificate","2","attachment",".png","1023525","444","1365171","1364727"
"artifacts/research-sync/metadata-first-benchmark-1000/generated-corpus/crew_certificate/0285_cert_31_20260225172956.png","crew_certificate","2","attachment",".png","1023525","444","1365171","1364727"
"artifacts/research-sync/metadata-first-benchmark-1000/generated-corpus/crew_certificate/0297_cert_31_20260225172956.png","crew_certificate","2","attachment",".png","1023525","444","1365171","1364727"
"artifacts/research-sync/metadata-first-benchmark-1000/generated-corpus/crew_certificate/0309_cert_31_20260225172956.png","crew_certificate","2","attachment",".png","1023525","444","1365171","1364727"
"artifacts/research-sync/metadata-first-benchmark-1000/generated-corpus/crew_certificate/0337_cert_31_20260225172956.png","crew_certificate","2","attachment",".png","1023525","444","1365171","1364727"
"artifacts/research-sync/metadata-first-benchmark-1000/generated-corpus/crew_certificate/0367_cert_31_20260225172956.png","crew_certificate","2","attachment",".png","1023525","444","1365171","1364727"
"artifacts/research-sync/metadata-first-benchmark-1000/generated-corpus/crew_certificate/0376_cert_31_20260225172956.png","crew_certificate","2","attachment",".png","1023525","444","1365171","1364727"
"artifacts/research-sync/metadata-first-benchmark-1000/generated-corpus/crew_certificate/0384_cert_31_20260225172956.png","crew_certificate","2","attachment",".png","1023525","444","1365171","1364727"
"artifacts/research-sync/metadata-first-benchmark-1000/generated-corpus/crew_certificate/0428_cert_31_20260225172956.png","crew_certificate","2","attachment",".png","1023525","444","1365171","1364727"
"artifacts/research-sync/metadata-first-benchmark-1000/generated-corpus/crew_certificate/0435_cert_31_20260225172956.png","crew_certificate","2","attachment",".png","1023525","444","1365171","1364727"
"artifacts/research-sync/metadata-first-benchmark-1000/generated-corpus/crew_certificate/0439_cert_31_20260225172956.png","crew_certificate","2","attachment",".png","1023525","444","1365171","1364727"
"artifacts/research-sync/metadata-first-benchmark-1000/generated-corpus/crew_certificate/0456_cert_31_20260225172956.png","crew_certificate","2","attachment",".png","1023525","444","1365171","1364727"
"artifacts/research-sync/metadata-first-benchmark-1000/generated-corpus/crew_certificate/0470_cert_31_20260225172956.png","crew_certificate","2","attachment",".png","1023525","444","1365171","1364727"
"artifacts/research-sync/metadata-first-benchmark-1000/generated-corpus/crew_certificate/0473_cert_31_20260225172956.png","crew_certificate","2","attachment",".png","1023525","444","1365171","1364727"
"artifacts/research-sync/metadata-first-benchmark-1000/generated-corpus/crew_certificate/0474_cert_31_20260225172956.png","crew_certificate","2","attachment",".png","1023525","444","1365171","1364727"
"artifacts/research-sync/metadata-first-benchmark-1000/generated-corpus/crew_certificate/0477_cert_31_20260225172956.png","crew_certificate","2","attachment",".png","1023525","444","1365171","1364727"
"artifacts/research-sync/metadata-first-benchmark-1000/generated-corpus/crew_certificate/0485_cert_31_20260225172956.png","crew_certificate","2","attachment",".png","1023525","444","1365171","1364727"
"artifacts/research-sync/metadata-first-benchmark-1000/generated-corpus/crew_certificate/0498_cert_31_20260225172956.png","crew_certificate","2","attachment",".png","1023525","444","1365171","1364727"
"artifacts/research-sync/metadata-first-benchmark-1000/generated-corpus/crew_certificate/0503_cert_31_20260225172956.png","crew_certificate","2","attachment",".png","1023525","444","1365171","1364727"
"artifacts/research-sync/metadata-first-benchmark-1000/generated-corpus/crew_certificate/0507_cert_31_20260225172956.png","crew_certificate","2","attachment",".png","1023525","444","1365171","1364727"
"artifacts/research-sync/metadata-first-benchmark-1000/generated-corpus/crew_certificate/0514_cert_31_20260225172956.png","crew_certificate","2","attachment",".png","1023525","444","1365171","1364727"
"artifacts/research-sync/metadata-first-benchmark-1000/generated-corpus/crew_certificate/0526_cert_31_20260225172956.png","crew_certificate","2","attachment",".png","1023525","444","1365171","1364727"
"artifacts/research-sync/metadata-first-benchmark-1000/generated-corpus/crew_certificate/0542_cert_31_20260225172956.png","crew_certificate","2","attachment",".png","1023525","444","1365171","1364727"
"artifacts/research-sync/metadata-first-benchmark-1000/generated-corpus/crew_certificate/0543_cert_31_20260225172956.png","crew_certificate","2","attachment",".png","1023525","444","1365171","1364727"
"artifacts/research-sync/metadata-first-benchmark-1000/generated-corpus/crew_certificate/0559_cert_31_20260225172956.png","crew_certificate","2","attachment",".png","1023525","444","1365171","1364727"
"artifacts/research-sync/metadata-first-benchmark-1000/generated-corpus/crew_certificate/0561_cert_31_20260225172956.png","crew_certificate","2","attachment",".png","1023525","444","1365171","1364727"
"artifacts/research-sync/metadata-first-benchmark-1000/generated-corpus/crew_certificate/0596_cert_31_20260225172956.png","crew_certificate","2","attachment",".png","1023525","444","1365171","1364727"
"artifacts/research-sync/metadata-first-benchmark-1000/generated-corpus/crew_certificate/0599_cert_31_20260225172956.png","crew_certificate","2","attachment",".png","1023525","444","1365171","1364727"
"artifacts/research-sync/metadata-first-benchmark-1000/generated-corpus/crew_certificate/0603_cert_31_20260225172956.png","crew_certificate","2","attachment",".png","1023525","444","1365171","1364727"
"artifacts/research-sync/metadata-first-benchmark-1000/generated-corpus/crew_certificate/0616_cert_31_20260225172956.png","crew_certificate","2","attachment",".png","1023525","444","1365171","1364727"
"artifacts/research-sync/metadata-first-benchmark-1000/generated-corpus/crew_certificate/0620_cert_31_20260225172956.png","crew_certificate","2","attachment",".png","1023525","444","1365171","1364727"
"artifacts/research-sync/metadata-first-benchmark-1000/generated-corpus/crew_certificate/0625_cert_31_20260225172956.png","crew_certificate","2","attachment",".png","1023525","444","1365171","1364727"
"artifacts/research-sync/metadata-first-benchmark-1000/generated-corpus/crew_certificate/0662_cert_31_20260225172956.png","crew_certificate","2","attachment",".png","1023525","444","1365171","1364727"
"artifacts/research-sync/metadata-first-benchmark-1000/generated-corpus/crew_certificate/0673_cert_31_20260225172956.png","crew_certificate","2","attachment",".png","1023525","444","1365171","1364727"
"artifacts/research-sync/metadata-first-benchmark-1000/generated-corpus/crew_certificate/0676_cert_31_20260225172956.png","crew_certificate","2","attachment",".png","1023525","444","1365171","1364727"
"artifacts/research-sync/metadata-first-benchmark-1000/generated-corpus/crew_certificate/0680_cert_31_20260225172956.png","crew_certificate","2","attachment",".png","1023525","444","1365171","1364727"
"artifacts/research-sync/metadata-first-benchmark-1000/generated-corpus/crew_certificate/0704_cert_31_20260225172956.png","crew_certificate","2","attachment",".png","1023525","444","1365171","1364727"
"artifacts/research-sync/metadata-first-benchmark-1000/generated-corpus/crew_certificate/0708_cert_31_20260225172956.png","crew_certificate","2","attachment",".png","1023525","444","1365171","1364727"
"artifacts/research-sync/metadata-first-benchmark-1000/generated-corpus/crew_certificate/0715_cert_31_20260225172956.png","crew_certificate","2","attachment",".png","1023525","444","1365171","1364727"
"artifacts/research-sync/metadata-first-benchmark-1000/generated-corpus/crew_certificate/0721_cert_31_20260225172956.png","crew_certificate","2","attachment",".png","1023525","444","1365171","1364727"
"artifacts/research-sync/metadata-first-benchmark-1000/generated-corpus/crew_certificate/0733_cert_31_20260225172956.png","crew_certificate","2","attachment",".png","1023525","444","1365171","1364727"
"artifacts/research-sync/metadata-first-benchmark-1000/generated-corpus/crew_certificate/0737_cert_31_20260225172956.png","crew_certificate","2","attachment",".png","1023525","444","1365171","1364727"
"artifacts/research-sync/metadata-first-benchmark-1000/generated-corpus/crew_certificate/0754_cert_31_20260225172956.png","crew_certificate","2","attachment",".png","1023525","444","1365171","1364727"
"artifacts/research-sync/metadata-first-benchmark-1000/generated-corpus/crew_certificate/0758_cert_31_20260225172956.png","crew_certificate","2","attachment",".png","1023525","444","1365171","1364727"
"artifacts/research-sync/metadata-first-benchmark-1000/generated-corpus/crew_certificate/0762_cert_31_20260225172956.png","crew_certificate","2","attachment",".png","1023525","444","1365171","1364727"
"artifacts/research-sync/metadata-first-benchmark-1000/generated-corpus/crew_certificate/0764_cert_31_20260225172956.png","crew_certificate","2","attachment",".png","1023525","444","1365171","1364727"
"artifacts/research-sync/metadata-first-benchmark-1000/generated-corpus/crew_certificate/0796_cert_31_20260225172956.png","crew_certificate","2","attachment",".png","1023525","444","1365171","1364727"
"artifacts/research-sync/metadata-first-benchmark-1000/generated-corpus/crew_certificate/0810_cert_31_20260225172956.png","crew_certificate","2","attachment",".png","1023525","444","1365171","1364727"
"artifacts/research-sync/metadata-first-benchmark-1000/generated-corpus/crew_certificate/0828_cert_31_20260225172956.png","crew_certificate","2","attachment",".png","1023525","444","1365171","1364727"
"artifacts/research-sync/metadata-first-benchmark-1000/generated-corpus/crew_certificate/0847_cert_31_20260225172956.png","crew_certificate","2","attachment",".png","1023525","444","1365171","1364727"
"artifacts/research-sync/metadata-first-benchmark-1000/generated-corpus/crew_certificate/0852_cert_31_20260225172956.png","crew_certificate","2","attachment",".png","1023525","444","1365171","1364727"
"artifacts/research-sync/metadata-first-benchmark-1000/generated-corpus/crew_certificate/0854_cert_31_20260225172956.png","crew_certificate","2","attachment",".png","1023525","444","1365171","1364727"
"artifacts/research-sync/metadata-first-benchmark-1000/generated-corpus/crew_certificate/0858_cert_31_20260225172956.png","crew_certificate","2","attachment",".png","1023525","444","1365171","1364727"
"artifacts/research-sync/metadata-first-benchmark-1000/generated-corpus/crew_certificate/0862_cert_31_20260225172956.png","crew_certificate","2","attachment",".png","1023525","444","1365171","1364727"
"artifacts/research-sync/metadata-first-benchmark-1000/generated-corpus/crew_certificate/0876_cert_31_20260225172956.png","crew_certificate","2","attachment",".png","1023525","444","1365171","1364727"
"artifacts/research-sync/metadata-first-benchmark-1000/generated-corpus/crew_certificate/0879_cert_31_20260225172956.png","crew_certificate","2","attachment",".png","1023525","444","1365171","1364727"
"artifacts/research-sync/metadata-first-benchmark-1000/generated-corpus/crew_certificate/0880_cert_31_20260225172956.png","crew_certificate","2","attachment",".png","1023525","444","1365171","1364727"
"artifacts/research-sync/metadata-first-benchmark-1000/generated-corpus/crew_certificate/0886_cert_31_20260225172956.png","crew_certificate","2","attachment",".png","1023525","444","1365171","1364727"
"artifacts/research-sync/metadata-first-benchmark-1000/generated-corpus/crew_certificate/0890_cert_31_20260225172956.png","crew_certificate","2","attachment",".png","1023525","444","1365171","1364727"
"artifacts/research-sync/metadata-first-benchmark-1000/generated-corpus/crew_certificate/0891_cert_31_20260225172956.png","crew_certificate","2","attachment",".png","1023525","444","1365171","1364727"
"artifacts/research-sync/metadata-first-benchmark-1000/generated-corpus/crew_certificate/0901_cert_31_20260225172956.png","crew_certificate","2","attachment",".png","1023525","444","1365171","1364727"
"artifacts/research-sync/metadata-first-benchmark-1000/generated-corpus/crew_certificate/0907_cert_31_20260225172956.png","crew_certificate","2","attachment",".png","1023525","444","1365171","1364727"
"artifacts/research-sync/metadata-first-benchmark-1000/generated-corpus/crew_certificate/0911_cert_31_20260225172956.png","crew_certificate","2","attachment",".png","1023525","444","1365171","1364727"
"artifacts/research-sync/metadata-first-benchmark-1000/generated-corpus/crew_certificate/0928_cert_31_20260225172956.png","crew_certificate","2","attachment",".png","1023525","444","1365171","1364727"
"artifacts/research-sync/metadata-first-benchmark-1000/generated-corpus/crew_certificate/0936_cert_31_20260225172956.png","crew_certificate","2","attachment",".png","1023525","444","1365171","1364727"
"artifacts/research-sync/metadata-first-benchmark-1000/generated-corpus/crew_certificate/0966_cert_31_20260225172956.png","crew_certificate","2","attachment",".png","1023525","444","1365171","1364727"
"artifacts/research-sync/metadata-first-benchmark-1000/generated-corpus/crew_certificate/0967_cert_31_20260225172956.png","crew_certificate","2","attachment",".png","1023525","444","1365171","1364727"
"artifacts/research-sync/metadata-first-benchmark-1000/generated-corpus/crew_certificate/0968_cert_31_20260225172956.png","crew_certificate","2","attachment",".png","1023525","444","1365171","1364727"
"artifacts/research-sync/metadata-first-benchmark-1000/generated-corpus/crew_certificate/0983_cert_31_20260225172956.png","crew_certificate","2","attachment",".png","1023525","444","1365171","1364727"
"artifacts/research-sync/metadata-first-benchmark-1000/generated-corpus/crew_member/0004_68000000-0000-4000-8000-000000000008-avatar-fdde8623c2ba412bab9cea83aa252de4.png","crew_member","2","avatar",".png","68","538","603","65"
"artifacts/research-sync/metadata-first-benchmark-1000/generated-corpus/crew_member/0009_a0000001-0000-0000-0000-000000000001.jpg","crew_member","2","avatar",".jpg","77331","462","103583","103121"
"artifacts/research-sync/metadata-first-benchmark-1000/generated-corpus/crew_member/0010_c0000001-0001-0001-0001-000000000001.jpg","crew_member","2","avatar",".jpg","77331","462","103583","103121"
"artifacts/research-sync/metadata-first-benchmark-1000/generated-corpus/crew_member/0011_68000000-0000-4000-8000-000000000008-avatar-fdde8623c2ba412bab9cea83aa252de4.png","crew_member","2","avatar",".png","68","538","603","65"
"artifacts/research-sync/metadata-first-benchmark-1000/generated-corpus/crew_member/0018_68000000-0000-4000-8000-000000000008-avatar-fdde8623c2ba412bab9cea83aa252de4.png","crew_member","2","avatar",".png","68","538","603","65"
"artifacts/research-sync/metadata-first-benchmark-1000/generated-corpus/crew_member/0024_68000000-0000-4000-8000-000000000008-avatar-fdde8623c2ba412bab9cea83aa252de4.png","crew_member","2","avatar",".png","68","538","603","65"
"artifacts/research-sync/metadata-first-benchmark-1000/generated-corpus/crew_member/0025_68000000-0000-4000-8000-000000000008-avatar-fdde8623c2ba412bab9cea83aa252de4.png","crew_member","2","avatar",".png","68","538","603","65"
"artifacts/research-sync/metadata-first-benchmark-1000/generated-corpus/crew_member/0031_a0000001-0000-0000-0000-000000000001.jpg","crew_member","2","avatar",".jpg","77331","462","103583","103121"
"artifacts/research-sync/metadata-first-benchmark-1000/generated-corpus/crew_member/0039_a0000001-0000-0000-0000-000000000001.jpg","crew_member","2","avatar",".jpg","77331","462","103583","103121"
"artifacts/research-sync/metadata-first-benchmark-1000/generated-corpus/crew_member/0040_a0000001-0000-0000-0000-000000000001.jpg","crew_member","2","avatar",".jpg","77331","462","103583","103121"
"artifacts/research-sync/metadata-first-benchmark-1000/generated-corpus/crew_member/0042_a0000001-0000-0000-0000-000000000001.jpg","crew_member","2","avatar",".jpg","77331","462","103583","103121"
"artifacts/research-sync/metadata-first-benchmark-1000/generated-corpus/crew_member/0047_a0000001-0000-0000-0000-000000000001.jpg","crew_member","2","avatar",".jpg","77331","462","103583","103121"
"artifacts/research-sync/metadata-first-benchmark-1000/generated-corpus/crew_member/0049_a0000001-0000-0000-0000-000000000001.jpg","crew_member","2","avatar",".jpg","77331","462","103583","103121"
"artifacts/research-sync/metadata-first-benchmark-1000/generated-corpus/crew_member/0050_c0000001-0001-0001-0001-000000000001.jpg","crew_member","2","avatar",".jpg","77331","462","103583","103121"
"artifacts/research-sync/metadata-first-benchmark-1000/generated-corpus/crew_member/0052_68000000-0000-4000-8000-000000000008-avatar-fdde8623c2ba412bab9cea83aa252de4.png","crew_member","2","avatar",".png","68","538","603","65"
"artifacts/research-sync/metadata-first-benchmark-1000/generated-corpus/crew_member/0053_a0000001-0000-0000-0000-000000000001.jpg","crew_member","2","avatar",".jpg","77331","462","103583","103121"
"artifacts/research-sync/metadata-first-benchmark-1000/generated-corpus/crew_member/0054_c0000001-0001-0001-0001-000000000003.jpg","crew_member","2","avatar",".jpg","87541","462","117199","116737"
"artifacts/research-sync/metadata-first-benchmark-1000/generated-corpus/crew_member/0059_68000000-0000-4000-8000-000000000008-avatar-fdde8623c2ba412bab9cea83aa252de4.png","crew_member","2","avatar",".png","68","538","603","65"
"artifacts/research-sync/metadata-first-benchmark-1000/generated-corpus/crew_member/0060_c0000001-0001-0001-0001-000000000001.jpg","crew_member","2","avatar",".jpg","77331","462","103583","103121"
"artifacts/research-sync/metadata-first-benchmark-1000/generated-corpus/crew_member/0063_c0000001-0001-0001-0001-000000000001.jpg","crew_member","2","avatar",".jpg","77331","462","103583","103121"
"artifacts/research-sync/metadata-first-benchmark-1000/generated-corpus/crew_member/0065_a0000001-0000-0000-0000-000000000001.jpg","crew_member","2","avatar",".jpg","77331","462","103583","103121"
"artifacts/research-sync/metadata-first-benchmark-1000/generated-corpus/crew_member/0067_c0000001-0001-0001-0001-000000000001.jpg","crew_member","2","avatar",".jpg","77331","462","103583","103121"
"artifacts/research-sync/metadata-first-benchmark-1000/generated-corpus/crew_member/0072_a0000001-0000-0000-0000-000000000001.jpg","crew_member","2","avatar",".jpg","77331","462","103583","103121"
"artifacts/research-sync/metadata-first-benchmark-1000/generated-corpus/crew_member/0074_c0000001-0001-0001-0001-000000000003.jpg","crew_member","2","avatar",".jpg","87541","462","117199","116737"
"artifacts/research-sync/metadata-first-benchmark-1000/generated-corpus/crew_member/0081_c0000001-0001-0001-0001-000000000003.jpg","crew_member","2","avatar",".jpg","87541","462","117199","116737"
"artifacts/research-sync/metadata-first-benchmark-1000/generated-corpus/crew_member/0083_c0000001-0001-0001-0001-000000000003.jpg","crew_member","2","avatar",".jpg","87541","462","117199","116737"
"artifacts/research-sync/metadata-first-benchmark-1000/generated-corpus/crew_member/0086_68000000-0000-4000-8000-000000000008-avatar-fdde8623c2ba412bab9cea83aa252de4.png","crew_member","2","avatar",".png","68","538","603","65"
"artifacts/research-sync/metadata-first-benchmark-1000/generated-corpus/crew_member/0087_c0000001-0001-0001-0001-000000000003.jpg","crew_member","2","avatar",".jpg","87541","462","117199","116737"
"artifacts/research-sync/metadata-first-benchmark-1000/generated-corpus/crew_member/0088_68000000-0000-4000-8000-000000000008-avatar-fdde8623c2ba412bab9cea83aa252de4.png","crew_member","2","avatar",".png","68","538","603","65"
"artifacts/research-sync/metadata-first-benchmark-1000/generated-corpus/crew_member/0089_c0000001-0001-0001-0001-000000000003.jpg","crew_member","2","avatar",".jpg","87541","462","117199","116737"
"artifacts/research-sync/metadata-first-benchmark-1000/generated-corpus/crew_member/0092_c0000001-0001-0001-0001-000000000001.jpg","crew_member","2","avatar",".jpg","77331","462","103583","103121"
"artifacts/research-sync/metadata-first-benchmark-1000/generated-corpus/crew_member/0096_a0000001-0000-0000-0000-000000000001.jpg","crew_member","2","avatar",".jpg","77331","462","103583","103121"
"artifacts/research-sync/metadata-first-benchmark-1000/generated-corpus/crew_member/0098_68000000-0000-4000-8000-000000000008-avatar-fdde8623c2ba412bab9cea83aa252de4.png","crew_member","2","avatar",".png","68","538","603","65"
"artifacts/research-sync/metadata-first-benchmark-1000/generated-corpus/crew_member/0099_c0000001-0001-0001-0001-000000000001.jpg","crew_member","2","avatar",".jpg","77331","462","103583","103121"
"artifacts/research-sync/metadata-first-benchmark-1000/generated-corpus/crew_member/0100_68000000-0000-4000-8000-000000000008-avatar-fdde8623c2ba412bab9cea83aa252de4.png","crew_member","2","avatar",".png","68","538","603","65"
"artifacts/research-sync/metadata-first-benchmark-1000/generated-corpus/crew_member/0101_c0000001-0001-0001-0001-000000000003.jpg","crew_member","2","avatar",".jpg","87541","462","117199","116737"
"artifacts/research-sync/metadata-first-benchmark-1000/generated-corpus/crew_member/0107_c0000001-0001-0001-0001-000000000001.jpg","crew_member","2","avatar",".jpg","77331","462","103583","103121"
"artifacts/research-sync/metadata-first-benchmark-1000/generated-corpus/crew_member/0110_68000000-0000-4000-8000-000000000008-avatar-fdde8623c2ba412bab9cea83aa252de4.png","crew_member","2","avatar",".png","68","538","603","65"
"artifacts/research-sync/metadata-first-benchmark-1000/generated-corpus/crew_member/0112_68000000-0000-4000-8000-000000000008-avatar-fdde8623c2ba412bab9cea83aa252de4.png","crew_member","2","avatar",".png","68","538","603","65"
"artifacts/research-sync/metadata-first-benchmark-1000/generated-corpus/crew_member/0113_68000000-0000-4000-8000-000000000008-avatar-fdde8623c2ba412bab9cea83aa252de4.png","crew_member","2","avatar",".png","68","538","603","65"
"artifacts/research-sync/metadata-first-benchmark-1000/generated-corpus/crew_member/0116_a0000001-0000-0000-0000-000000000001.jpg","crew_member","2","avatar",".jpg","77331","462","103583","103121"
"artifacts/research-sync/metadata-first-benchmark-1000/generated-corpus/crew_member/0117_a0000001-0000-0000-0000-000000000001.jpg","crew_member","2","avatar",".jpg","77331","462","103583","103121"
"artifacts/research-sync/metadata-first-benchmark-1000/generated-corpus/crew_member/0120_68000000-0000-4000-8000-000000000008-avatar-fdde8623c2ba412bab9cea83aa252de4.png","crew_member","2","avatar",".png","68","538","603","65"
"artifacts/research-sync/metadata-first-benchmark-1000/generated-corpus/crew_member/0121_c0000001-0001-0001-0001-000000000001.jpg","crew_member","2","avatar",".jpg","77331","462","103583","103121"
"artifacts/research-sync/metadata-first-benchmark-1000/generated-corpus/crew_member/0122_a0000001-0000-0000-0000-000000000001.jpg","crew_member","2","avatar",".jpg","77331","462","103583","103121"
"artifacts/research-sync/metadata-first-benchmark-1000/generated-corpus/crew_member/0123_c0000001-0001-0001-0001-000000000003.jpg","crew_member","2","avatar",".jpg","87541","462","117199","116737"
"artifacts/research-sync/metadata-first-benchmark-1000/generated-corpus/crew_member/0124_c0000001-0001-0001-0001-000000000001.jpg","crew_member","2","avatar",".jpg","77331","462","103583","103121"
"artifacts/research-sync/metadata-first-benchmark-1000/generated-corpus/crew_member/0125_68000000-0000-4000-8000-000000000008-avatar-fdde8623c2ba412bab9cea83aa252de4.png","crew_member","2","avatar",".png","68","538","603","65"
"artifacts/research-sync/metadata-first-benchmark-1000/generated-corpus/crew_member/0127_c0000001-0001-0001-0001-000000000003.jpg","crew_member","2","avatar",".jpg","87541","462","117199","116737"
"artifacts/research-sync/metadata-first-benchmark-1000/generated-corpus/crew_member/0130_c0000001-0001-0001-0001-000000000001.jpg","crew_member","2","avatar",".jpg","77331","462","103583","103121"
"artifacts/research-sync/metadata-first-benchmark-1000/generated-corpus/crew_member/0133_c0000001-0001-0001-0001-000000000003.jpg","crew_member","2","avatar",".jpg","87541","462","117199","116737"
"artifacts/research-sync/metadata-first-benchmark-1000/generated-corpus/crew_member/0135_c0000001-0001-0001-0001-000000000001.jpg","crew_member","2","avatar",".jpg","77331","462","103583","103121"
"artifacts/research-sync/metadata-first-benchmark-1000/generated-corpus/crew_member/0139_a0000001-0000-0000-0000-000000000001.jpg","crew_member","2","avatar",".jpg","77331","462","103583","103121"
"artifacts/research-sync/metadata-first-benchmark-1000/generated-corpus/crew_member/0140_c0000001-0001-0001-0001-000000000001.jpg","crew_member","2","avatar",".jpg","77331","462","103583","103121"
"artifacts/research-sync/metadata-first-benchmark-1000/generated-corpus/crew_member/0143_68000000-0000-4000-8000-000000000008-avatar-fdde8623c2ba412bab9cea83aa252de4.png","crew_member","2","avatar",".png","68","538","603","65"
"artifacts/research-sync/metadata-first-benchmark-1000/generated-corpus/crew_member/0144_c0000001-0001-0001-0001-000000000001.jpg","crew_member","2","avatar",".jpg","77331","462","103583","103121"
"artifacts/research-sync/metadata-first-benchmark-1000/generated-corpus/crew_member/0147_c0000001-0001-0001-0001-000000000001.jpg","crew_member","2","avatar",".jpg","77331","462","103583","103121"
"artifacts/research-sync/metadata-first-benchmark-1000/generated-corpus/crew_member/0148_c0000001-0001-0001-0001-000000000003.jpg","crew_member","2","avatar",".jpg","87541","462","117199","116737"
"artifacts/research-sync/metadata-first-benchmark-1000/generated-corpus/crew_member/0151_68000000-0000-4000-8000-000000000008-avatar-fdde8623c2ba412bab9cea83aa252de4.png","crew_member","2","avatar",".png","68","538","603","65"
"artifacts/research-sync/metadata-first-benchmark-1000/generated-corpus/crew_member/0152_c0000001-0001-0001-0001-000000000003.jpg","crew_member","2","avatar",".jpg","87541","462","117199","116737"
"artifacts/research-sync/metadata-first-benchmark-1000/generated-corpus/crew_member/0154_a0000001-0000-0000-0000-000000000001.jpg","crew_member","2","avatar",".jpg","77331","462","103583","103121"
"artifacts/research-sync/metadata-first-benchmark-1000/generated-corpus/crew_member/0156_a0000001-0000-0000-0000-000000000001.jpg","crew_member","2","avatar",".jpg","77331","462","103583","103121"
"artifacts/research-sync/metadata-first-benchmark-1000/generated-corpus/crew_member/0157_c0000001-0001-0001-0001-000000000003.jpg","crew_member","2","avatar",".jpg","87541","462","117199","116737"
"artifacts/research-sync/metadata-first-benchmark-1000/generated-corpus/crew_member/0162_c0000001-0001-0001-0001-000000000003.jpg","crew_member","2","avatar",".jpg","87541","462","117199","116737"
"artifacts/research-sync/metadata-first-benchmark-1000/generated-corpus/crew_member/0163_c0000001-0001-0001-0001-000000000001.jpg","crew_member","2","avatar",".jpg","77331","462","103583","103121"
"artifacts/research-sync/metadata-first-benchmark-1000/generated-corpus/crew_member/0169_c0000001-0001-0001-0001-000000000003.jpg","crew_member","2","avatar",".jpg","87541","462","117199","116737"
"artifacts/research-sync/metadata-first-benchmark-1000/generated-corpus/crew_member/0170_c0000001-0001-0001-0001-000000000001.jpg","crew_member","2","avatar",".jpg","77331","462","103583","103121"
"artifacts/research-sync/metadata-first-benchmark-1000/generated-corpus/crew_member/0174_c0000001-0001-0001-0001-000000000003.jpg","crew_member","2","avatar",".jpg","87541","462","117199","116737"
"artifacts/research-sync/metadata-first-benchmark-1000/generated-corpus/crew_member/0175_c0000001-0001-0001-0001-000000000001.jpg","crew_member","2","avatar",".jpg","77331","462","103583","103121"
"artifacts/research-sync/metadata-first-benchmark-1000/generated-corpus/crew_member/0177_a0000001-0000-0000-0000-000000000001.jpg","crew_member","2","avatar",".jpg","77331","462","103583","103121"
"artifacts/research-sync/metadata-first-benchmark-1000/generated-corpus/crew_member/0178_a0000001-0000-0000-0000-000000000001.jpg","crew_member","2","avatar",".jpg","77331","462","103583","103121"
"artifacts/research-sync/metadata-first-benchmark-1000/generated-corpus/crew_member/0179_c0000001-0001-0001-0001-000000000003.jpg","crew_member","2","avatar",".jpg","87541","462","117199","116737"
"artifacts/research-sync/metadata-first-benchmark-1000/generated-corpus/crew_member/0184_c0000001-0001-0001-0001-000000000001.jpg","crew_member","2","avatar",".jpg","77331","462","103583","103121"
"artifacts/research-sync/metadata-first-benchmark-1000/generated-corpus/crew_member/0185_a0000001-0000-0000-0000-000000000001.jpg","crew_member","2","avatar",".jpg","77331","462","103583","103121"
"artifacts/research-sync/metadata-first-benchmark-1000/generated-corpus/crew_member/0188_c0000001-0001-0001-0001-000000000001.jpg","crew_member","2","avatar",".jpg","77331","462","103583","103121"
"artifacts/research-sync/metadata-first-benchmark-1000/generated-corpus/crew_member/0190_a0000001-0000-0000-0000-000000000001.jpg","crew_member","2","avatar",".jpg","77331","462","103583","103121"
"artifacts/research-sync/metadata-first-benchmark-1000/generated-corpus/crew_member/0192_a0000001-0000-0000-0000-000000000001.jpg","crew_member","2","avatar",".jpg","77331","462","103583","103121"
"artifacts/research-sync/metadata-first-benchmark-1000/generated-corpus/crew_member/0194_c0000001-0001-0001-0001-000000000001.jpg","crew_member","2","avatar",".jpg","77331","462","103583","103121"
"artifacts/research-sync/metadata-first-benchmark-1000/generated-corpus/crew_member/0197_c0000001-0001-0001-0001-000000000001.jpg","crew_member","2","avatar",".jpg","77331","462","103583","103121"
"artifacts/research-sync/metadata-first-benchmark-1000/generated-corpus/crew_member/0198_c0000001-0001-0001-0001-000000000003.jpg","crew_member","2","avatar",".jpg","87541","462","117199","116737"
"artifacts/research-sync/metadata-first-benchmark-1000/generated-corpus/crew_member/0200_c0000001-0001-0001-0001-000000000001.jpg","crew_member","2","avatar",".jpg","77331","462","103583","103121"
"artifacts/research-sync/metadata-first-benchmark-1000/generated-corpus/crew_member/0203_68000000-0000-4000-8000-000000000008-avatar-fdde8623c2ba412bab9cea83aa252de4.png","crew_member","2","avatar",".png","68","538","603","65"
"artifacts/research-sync/metadata-first-benchmark-1000/generated-corpus/crew_member/0208_c0000001-0001-0001-0001-000000000001.jpg","crew_member","2","avatar",".jpg","77331","462","103583","103121"
"artifacts/research-sync/metadata-first-benchmark-1000/generated-corpus/crew_member/0210_68000000-0000-4000-8000-000000000008-avatar-fdde8623c2ba412bab9cea83aa252de4.png","crew_member","2","avatar",".png","68","538","603","65"
"artifacts/research-sync/metadata-first-benchmark-1000/generated-corpus/crew_member/0211_68000000-0000-4000-8000-000000000008-avatar-fdde8623c2ba412bab9cea83aa252de4.png","crew_member","2","avatar",".png","68","538","603","65"
"artifacts/research-sync/metadata-first-benchmark-1000/generated-corpus/crew_member/0212_a0000001-0000-0000-0000-000000000001.jpg","crew_member","2","avatar",".jpg","77331","462","103583","103121"
"artifacts/research-sync/metadata-first-benchmark-1000/generated-corpus/crew_member/0213_c0000001-0001-0001-0001-000000000001.jpg","crew_member","2","avatar",".jpg","77331","462","103583","103121"
"artifacts/research-sync/metadata-first-benchmark-1000/generated-corpus/crew_member/0217_c0000001-0001-0001-0001-000000000003.jpg","crew_member","2","avatar",".jpg","87541","462","117199","116737"
"artifacts/research-sync/metadata-first-benchmark-1000/generated-corpus/crew_member/0220_68000000-0000-4000-8000-000000000008-avatar-fdde8623c2ba412bab9cea83aa252de4.png","crew_member","2","avatar",".png","68","538","603","65"
"artifacts/research-sync/metadata-first-benchmark-1000/generated-corpus/crew_member/0223_a0000001-0000-0000-0000-000000000001.jpg","crew_member","2","avatar",".jpg","77331","462","103583","103121"
"artifacts/research-sync/metadata-first-benchmark-1000/generated-corpus/crew_member/0224_a0000001-0000-0000-0000-000000000001.jpg","crew_member","2","avatar",".jpg","77331","462","103583","103121"
"artifacts/research-sync/metadata-first-benchmark-1000/generated-corpus/crew_member/0233_c0000001-0001-0001-0001-000000000003.jpg","crew_member","2","avatar",".jpg","87541","462","117199","116737"
"artifacts/research-sync/metadata-first-benchmark-1000/generated-corpus/crew_member/0234_a0000001-0000-0000-0000-000000000001.jpg","crew_member","2","avatar",".jpg","77331","462","103583","103121"
"artifacts/research-sync/metadata-first-benchmark-1000/generated-corpus/crew_member/0235_68000000-0000-4000-8000-000000000008-avatar-fdde8623c2ba412bab9cea83aa252de4.png","crew_member","2","avatar",".png","68","538","603","65"
"artifacts/research-sync/metadata-first-benchmark-1000/generated-corpus/crew_member/0238_c0000001-0001-0001-0001-000000000001.jpg","crew_member","2","avatar",".jpg","77331","462","103583","103121"
"artifacts/research-sync/metadata-first-benchmark-1000/generated-corpus/crew_member/0239_c0000001-0001-0001-0001-000000000003.jpg","crew_member","2","avatar",".jpg","87541","462","117199","116737"
"artifacts/research-sync/metadata-first-benchmark-1000/generated-corpus/crew_member/0242_a0000001-0000-0000-0000-000000000001.jpg","crew_member","2","avatar",".jpg","77331","462","103583","103121"
"artifacts/research-sync/metadata-first-benchmark-1000/generated-corpus/crew_member/0243_c0000001-0001-0001-0001-000000000003.jpg","crew_member","2","avatar",".jpg","87541","462","117199","116737"
"artifacts/research-sync/metadata-first-benchmark-1000/generated-corpus/crew_member/0245_a0000001-0000-0000-0000-000000000001.jpg","crew_member","2","avatar",".jpg","77331","462","103583","103121"
"artifacts/research-sync/metadata-first-benchmark-1000/generated-corpus/crew_member/0246_c0000001-0001-0001-0001-000000000003.jpg","crew_member","2","avatar",".jpg","87541","462","117199","116737"
"artifacts/research-sync/metadata-first-benchmark-1000/generated-corpus/crew_member/0248_68000000-0000-4000-8000-000000000008-avatar-fdde8623c2ba412bab9cea83aa252de4.png","crew_member","2","avatar",".png","68","538","603","65"
"artifacts/research-sync/metadata-first-benchmark-1000/generated-corpus/crew_member/0251_c0000001-0001-0001-0001-000000000003.jpg","crew_member","2","avatar",".jpg","87541","462","117199","116737"
"artifacts/research-sync/metadata-first-benchmark-1000/generated-corpus/crew_member/0252_c0000001-0001-0001-0001-000000000001.jpg","crew_member","2","avatar",".jpg","77331","462","103583","103121"
"artifacts/research-sync/metadata-first-benchmark-1000/generated-corpus/crew_member/0256_a0000001-0000-0000-0000-000000000001.jpg","crew_member","2","avatar",".jpg","77331","462","103583","103121"
"artifacts/research-sync/metadata-first-benchmark-1000/generated-corpus/crew_member/0261_68000000-0000-4000-8000-000000000008-avatar-fdde8623c2ba412bab9cea83aa252de4.png","crew_member","2","avatar",".png","68","538","603","65"
"artifacts/research-sync/metadata-first-benchmark-1000/generated-corpus/crew_member/0264_c0000001-0001-0001-0001-000000000003.jpg","crew_member","2","avatar",".jpg","87541","462","117199","116737"
"artifacts/research-sync/metadata-first-benchmark-1000/generated-corpus/crew_member/0266_a0000001-0000-0000-0000-000000000001.jpg","crew_member","2","avatar",".jpg","77331","462","103583","103121"
"artifacts/research-sync/metadata-first-benchmark-1000/generated-corpus/crew_member/0268_68000000-0000-4000-8000-000000000008-avatar-fdde8623c2ba412bab9cea83aa252de4.png","crew_member","2","avatar",".png","68","538","603","65"
"artifacts/research-sync/metadata-first-benchmark-1000/generated-corpus/crew_member/0272_a0000001-0000-0000-0000-000000000001.jpg","crew_member","2","avatar",".jpg","77331","462","103583","103121"
"artifacts/research-sync/metadata-first-benchmark-1000/generated-corpus/crew_member/0274_68000000-0000-4000-8000-000000000008-avatar-fdde8623c2ba412bab9cea83aa252de4.png","crew_member","2","avatar",".png","68","538","603","65"
"artifacts/research-sync/metadata-first-benchmark-1000/generated-corpus/crew_member/0276_c0000001-0001-0001-0001-000000000001.jpg","crew_member","2","avatar",".jpg","77331","462","103583","103121"
"artifacts/research-sync/metadata-first-benchmark-1000/generated-corpus/crew_member/0277_c0000001-0001-0001-0001-000000000001.jpg","crew_member","2","avatar",".jpg","77331","462","103583","103121"
"artifacts/research-sync/metadata-first-benchmark-1000/generated-corpus/crew_member/0279_68000000-0000-4000-8000-000000000008-avatar-fdde8623c2ba412bab9cea83aa252de4.png","crew_member","2","avatar",".png","68","538","603","65"
"artifacts/research-sync/metadata-first-benchmark-1000/generated-corpus/crew_member/0284_68000000-0000-4000-8000-000000000008-avatar-fdde8623c2ba412bab9cea83aa252de4.png","crew_member","2","avatar",".png","68","538","603","65"
"artifacts/research-sync/metadata-first-benchmark-1000/generated-corpus/crew_member/0287_c0000001-0001-0001-0001-000000000001.jpg","crew_member","2","avatar",".jpg","77331","462","103583","103121"
"artifacts/research-sync/metadata-first-benchmark-1000/generated-corpus/crew_member/0289_c0000001-0001-0001-0001-000000000003.jpg","crew_member","2","avatar",".jpg","87541","462","117199","116737"
"artifacts/research-sync/metadata-first-benchmark-1000/generated-corpus/crew_member/0293_c0000001-0001-0001-0001-000000000001.jpg","crew_member","2","avatar",".jpg","77331","462","103583","103121"
"artifacts/research-sync/metadata-first-benchmark-1000/generated-corpus/crew_member/0296_c0000001-0001-0001-0001-000000000003.jpg","crew_member","2","avatar",".jpg","87541","462","117199","116737"
"artifacts/research-sync/metadata-first-benchmark-1000/generated-corpus/crew_member/0299_68000000-0000-4000-8000-000000000008-avatar-fdde8623c2ba412bab9cea83aa252de4.png","crew_member","2","avatar",".png","68","538","603","65"
"artifacts/research-sync/metadata-first-benchmark-1000/generated-corpus/crew_member/0303_c0000001-0001-0001-0001-000000000001.jpg","crew_member","2","avatar",".jpg","77331","462","103583","103121"
"artifacts/research-sync/metadata-first-benchmark-1000/generated-corpus/crew_member/0304_a0000001-0000-0000-0000-000000000001.jpg","crew_member","2","avatar",".jpg","77331","462","103583","103121"
"artifacts/research-sync/metadata-first-benchmark-1000/generated-corpus/crew_member/0306_a0000001-0000-0000-0000-000000000001.jpg","crew_member","2","avatar",".jpg","77331","462","103583","103121"
"artifacts/research-sync/metadata-first-benchmark-1000/generated-corpus/crew_member/0320_68000000-0000-4000-8000-000000000008-avatar-fdde8623c2ba412bab9cea83aa252de4.png","crew_member","2","avatar",".png","68","538","603","65"
"artifacts/research-sync/metadata-first-benchmark-1000/generated-corpus/crew_member/0322_c0000001-0001-0001-0001-000000000003.jpg","crew_member","2","avatar",".jpg","87541","462","117199","116737"
"artifacts/research-sync/metadata-first-benchmark-1000/generated-corpus/crew_member/0325_c0000001-0001-0001-0001-000000000001.jpg","crew_member","2","avatar",".jpg","77331","462","103583","103121"
"artifacts/research-sync/metadata-first-benchmark-1000/generated-corpus/crew_member/0330_68000000-0000-4000-8000-000000000008-avatar-fdde8623c2ba412bab9cea83aa252de4.png","crew_member","2","avatar",".png","68","538","603","65"
"artifacts/research-sync/metadata-first-benchmark-1000/generated-corpus/crew_member/0332_c0000001-0001-0001-0001-000000000003.jpg","crew_member","2","avatar",".jpg","87541","462","117199","116737"
"artifacts/research-sync/metadata-first-benchmark-1000/generated-corpus/crew_member/0334_a0000001-0000-0000-0000-000000000001.jpg","crew_member","2","avatar",".jpg","77331","462","103583","103121"
"artifacts/research-sync/metadata-first-benchmark-1000/generated-corpus/crew_member/0335_68000000-0000-4000-8000-000000000008-avatar-fdde8623c2ba412bab9cea83aa252de4.png","crew_member","2","avatar",".png","68","538","603","65"
"artifacts/research-sync/metadata-first-benchmark-1000/generated-corpus/crew_member/0339_c0000001-0001-0001-0001-000000000003.jpg","crew_member","2","avatar",".jpg","87541","462","117199","116737"
"artifacts/research-sync/metadata-first-benchmark-1000/generated-corpus/crew_member/0340_c0000001-0001-0001-0001-000000000001.jpg","crew_member","2","avatar",".jpg","77331","462","103583","103121"
"artifacts/research-sync/metadata-first-benchmark-1000/generated-corpus/crew_member/0343_c0000001-0001-0001-0001-000000000001.jpg","crew_member","2","avatar",".jpg","77331","462","103583","103121"
"artifacts/research-sync/metadata-first-benchmark-1000/generated-corpus/crew_member/0347_68000000-0000-4000-8000-000000000008-avatar-fdde8623c2ba412bab9cea83aa252de4.png","crew_member","2","avatar",".png","68","538","603","65"
"artifacts/research-sync/metadata-first-benchmark-1000/generated-corpus/crew_member/0350_a0000001-0000-0000-0000-000000000001.jpg","crew_member","2","avatar",".jpg","77331","462","103583","103121"
"artifacts/research-sync/metadata-first-benchmark-1000/generated-corpus/crew_member/0353_a0000001-0000-0000-0000-000000000001.jpg","crew_member","2","avatar",".jpg","77331","462","103583","103121"
"artifacts/research-sync/metadata-first-benchmark-1000/generated-corpus/crew_member/0354_68000000-0000-4000-8000-000000000008-avatar-fdde8623c2ba412bab9cea83aa252de4.png","crew_member","2","avatar",".png","68","538","603","65"
"artifacts/research-sync/metadata-first-benchmark-1000/generated-corpus/crew_member/0356_c0000001-0001-0001-0001-000000000001.jpg","crew_member","2","avatar",".jpg","77331","462","103583","103121"
"artifacts/research-sync/metadata-first-benchmark-1000/generated-corpus/crew_member/0357_68000000-0000-4000-8000-000000000008-avatar-fdde8623c2ba412bab9cea83aa252de4.png","crew_member","2","avatar",".png","68","538","603","65"
"artifacts/research-sync/metadata-first-benchmark-1000/generated-corpus/crew_member/0358_c0000001-0001-0001-0001-000000000001.jpg","crew_member","2","avatar",".jpg","77331","462","103583","103121"
"artifacts/research-sync/metadata-first-benchmark-1000/generated-corpus/crew_member/0360_c0000001-0001-0001-0001-000000000001.jpg","crew_member","2","avatar",".jpg","77331","462","103583","103121"
"artifacts/research-sync/metadata-first-benchmark-1000/generated-corpus/crew_member/0361_c0000001-0001-0001-0001-000000000003.jpg","crew_member","2","avatar",".jpg","87541","462","117199","116737"
"artifacts/research-sync/metadata-first-benchmark-1000/generated-corpus/crew_member/0363_a0000001-0000-0000-0000-000000000001.jpg","crew_member","2","avatar",".jpg","77331","462","103583","103121"
"artifacts/research-sync/metadata-first-benchmark-1000/generated-corpus/crew_member/0364_c0000001-0001-0001-0001-000000000003.jpg","crew_member","2","avatar",".jpg","87541","462","117199","116737"
"artifacts/research-sync/metadata-first-benchmark-1000/generated-corpus/crew_member/0370_c0000001-0001-0001-0001-000000000001.jpg","crew_member","2","avatar",".jpg","77331","462","103583","103121"
"artifacts/research-sync/metadata-first-benchmark-1000/generated-corpus/crew_member/0371_a0000001-0000-0000-0000-000000000001.jpg","crew_member","2","avatar",".jpg","77331","462","103583","103121"
"artifacts/research-sync/metadata-first-benchmark-1000/generated-corpus/crew_member/0372_c0000001-0001-0001-0001-000000000003.jpg","crew_member","2","avatar",".jpg","87541","462","117199","116737"
"artifacts/research-sync/metadata-first-benchmark-1000/generated-corpus/crew_member/0375_68000000-0000-4000-8000-000000000008-avatar-fdde8623c2ba412bab9cea83aa252de4.png","crew_member","2","avatar",".png","68","538","603","65"
"artifacts/research-sync/metadata-first-benchmark-1000/generated-corpus/crew_member/0377_a0000001-0000-0000-0000-000000000001.jpg","crew_member","2","avatar",".jpg","77331","462","103583","103121"
"artifacts/research-sync/metadata-first-benchmark-1000/generated-corpus/crew_member/0378_68000000-0000-4000-8000-000000000008-avatar-fdde8623c2ba412bab9cea83aa252de4.png","crew_member","2","avatar",".png","68","538","603","65"
"artifacts/research-sync/metadata-first-benchmark-1000/generated-corpus/crew_member/0382_a0000001-0000-0000-0000-000000000001.jpg","crew_member","2","avatar",".jpg","77331","462","103583","103121"
"artifacts/research-sync/metadata-first-benchmark-1000/generated-corpus/crew_member/0386_a0000001-0000-0000-0000-000000000001.jpg","crew_member","2","avatar",".jpg","77331","462","103583","103121"
"artifacts/research-sync/metadata-first-benchmark-1000/generated-corpus/crew_member/0387_a0000001-0000-0000-0000-000000000001.jpg","crew_member","2","avatar",".jpg","77331","462","103583","103121"
"artifacts/research-sync/metadata-first-benchmark-1000/generated-corpus/crew_member/0389_a0000001-0000-0000-0000-000000000001.jpg","crew_member","2","avatar",".jpg","77331","462","103583","103121"
"artifacts/research-sync/metadata-first-benchmark-1000/generated-corpus/crew_member/0392_a0000001-0000-0000-0000-000000000001.jpg","crew_member","2","avatar",".jpg","77331","462","103583","103121"
"artifacts/research-sync/metadata-first-benchmark-1000/generated-corpus/crew_member/0394_68000000-0000-4000-8000-000000000008-avatar-fdde8623c2ba412bab9cea83aa252de4.png","crew_member","2","avatar",".png","68","538","603","65"
"artifacts/research-sync/metadata-first-benchmark-1000/generated-corpus/crew_member/0396_c0000001-0001-0001-0001-000000000001.jpg","crew_member","2","avatar",".jpg","77331","462","103583","103121"
"artifacts/research-sync/metadata-first-benchmark-1000/generated-corpus/crew_member/0400_c0000001-0001-0001-0001-000000000003.jpg","crew_member","2","avatar",".jpg","87541","462","117199","116737"
"artifacts/research-sync/metadata-first-benchmark-1000/generated-corpus/crew_member/0401_c0000001-0001-0001-0001-000000000001.jpg","crew_member","2","avatar",".jpg","77331","462","103583","103121"
"artifacts/research-sync/metadata-first-benchmark-1000/generated-corpus/crew_member/0402_c0000001-0001-0001-0001-000000000003.jpg","crew_member","2","avatar",".jpg","87541","462","117199","116737"
"artifacts/research-sync/metadata-first-benchmark-1000/generated-corpus/crew_member/0403_c0000001-0001-0001-0001-000000000003.jpg","crew_member","2","avatar",".jpg","87541","462","117199","116737"
"artifacts/research-sync/metadata-first-benchmark-1000/generated-corpus/crew_member/0406_c0000001-0001-0001-0001-000000000001.jpg","crew_member","2","avatar",".jpg","77331","462","103583","103121"
"artifacts/research-sync/metadata-first-benchmark-1000/generated-corpus/crew_member/0407_c0000001-0001-0001-0001-000000000003.jpg","crew_member","2","avatar",".jpg","87541","462","117199","116737"
"artifacts/research-sync/metadata-first-benchmark-1000/generated-corpus/crew_member/0411_a0000001-0000-0000-0000-000000000001.jpg","crew_member","2","avatar",".jpg","77331","462","103583","103121"
"artifacts/research-sync/metadata-first-benchmark-1000/generated-corpus/crew_member/0412_68000000-0000-4000-8000-000000000008-avatar-fdde8623c2ba412bab9cea83aa252de4.png","crew_member","2","avatar",".png","68","538","603","65"
"artifacts/research-sync/metadata-first-benchmark-1000/generated-corpus/crew_member/0413_c0000001-0001-0001-0001-000000000001.jpg","crew_member","2","avatar",".jpg","77331","462","103583","103121"
"artifacts/research-sync/metadata-first-benchmark-1000/generated-corpus/crew_member/0414_c0000001-0001-0001-0001-000000000003.jpg","crew_member","2","avatar",".jpg","87541","462","117199","116737"
"artifacts/research-sync/metadata-first-benchmark-1000/generated-corpus/crew_member/0416_c0000001-0001-0001-0001-000000000001.jpg","crew_member","2","avatar",".jpg","77331","462","103583","103121"
"artifacts/research-sync/metadata-first-benchmark-1000/generated-corpus/crew_member/0432_c0000001-0001-0001-0001-000000000001.jpg","crew_member","2","avatar",".jpg","77331","462","103583","103121"
"artifacts/research-sync/metadata-first-benchmark-1000/generated-corpus/crew_member/0433_68000000-0000-4000-8000-000000000008-avatar-fdde8623c2ba412bab9cea83aa252de4.png","crew_member","2","avatar",".png","68","538","603","65"
"artifacts/research-sync/metadata-first-benchmark-1000/generated-corpus/crew_member/0436_c0000001-0001-0001-0001-000000000003.jpg","crew_member","2","avatar",".jpg","87541","462","117199","116737"
"artifacts/research-sync/metadata-first-benchmark-1000/generated-corpus/crew_member/0438_c0000001-0001-0001-0001-000000000001.jpg","crew_member","2","avatar",".jpg","77331","462","103583","103121"
"artifacts/research-sync/metadata-first-benchmark-1000/generated-corpus/crew_member/0440_c0000001-0001-0001-0001-000000000003.jpg","crew_member","2","avatar",".jpg","87541","462","117199","116737"
"artifacts/research-sync/metadata-first-benchmark-1000/generated-corpus/crew_member/0448_c0000001-0001-0001-0001-000000000001.jpg","crew_member","2","avatar",".jpg","77331","462","103583","103121"
"artifacts/research-sync/metadata-first-benchmark-1000/generated-corpus/crew_member/0453_a0000001-0000-0000-0000-000000000001.jpg","crew_member","2","avatar",".jpg","77331","462","103583","103121"
"artifacts/research-sync/metadata-first-benchmark-1000/generated-corpus/crew_member/0454_c0000001-0001-0001-0001-000000000003.jpg","crew_member","2","avatar",".jpg","87541","462","117199","116737"
"artifacts/research-sync/metadata-first-benchmark-1000/generated-corpus/crew_member/0459_c0000001-0001-0001-0001-000000000001.jpg","crew_member","2","avatar",".jpg","77331","462","103583","103121"
"artifacts/research-sync/metadata-first-benchmark-1000/generated-corpus/crew_member/0464_a0000001-0000-0000-0000-000000000001.jpg","crew_member","2","avatar",".jpg","77331","462","103583","103121"
"artifacts/research-sync/metadata-first-benchmark-1000/generated-corpus/crew_member/0478_c0000001-0001-0001-0001-000000000001.jpg","crew_member","2","avatar",".jpg","77331","462","103583","103121"
"artifacts/research-sync/metadata-first-benchmark-1000/generated-corpus/crew_member/0481_68000000-0000-4000-8000-000000000008-avatar-fdde8623c2ba412bab9cea83aa252de4.png","crew_member","2","avatar",".png","68","538","603","65"
"artifacts/research-sync/metadata-first-benchmark-1000/generated-corpus/crew_member/0484_a0000001-0000-0000-0000-000000000001.jpg","crew_member","2","avatar",".jpg","77331","462","103583","103121"
"artifacts/research-sync/metadata-first-benchmark-1000/generated-corpus/crew_member/0486_a0000001-0000-0000-0000-000000000001.jpg","crew_member","2","avatar",".jpg","77331","462","103583","103121"
"artifacts/research-sync/metadata-first-benchmark-1000/generated-corpus/crew_member/0487_a0000001-0000-0000-0000-000000000001.jpg","crew_member","2","avatar",".jpg","77331","462","103583","103121"
"artifacts/research-sync/metadata-first-benchmark-1000/generated-corpus/crew_member/0490_68000000-0000-4000-8000-000000000008-avatar-fdde8623c2ba412bab9cea83aa252de4.png","crew_member","2","avatar",".png","68","538","603","65"
"artifacts/research-sync/metadata-first-benchmark-1000/generated-corpus/crew_member/0492_a0000001-0000-0000-0000-000000000001.jpg","crew_member","2","avatar",".jpg","77331","462","103583","103121"
"artifacts/research-sync/metadata-first-benchmark-1000/generated-corpus/crew_member/0497_a0000001-0000-0000-0000-000000000001.jpg","crew_member","2","avatar",".jpg","77331","462","103583","103121"
"artifacts/research-sync/metadata-first-benchmark-1000/generated-corpus/crew_member/0504_68000000-0000-4000-8000-000000000008-avatar-fdde8623c2ba412bab9cea83aa252de4.png","crew_member","2","avatar",".png","68","538","603","65"
"artifacts/research-sync/metadata-first-benchmark-1000/generated-corpus/crew_member/0505_c0000001-0001-0001-0001-000000000001.jpg","crew_member","2","avatar",".jpg","77331","462","103583","103121"
"artifacts/research-sync/metadata-first-benchmark-1000/generated-corpus/crew_member/0510_68000000-0000-4000-8000-000000000008-avatar-fdde8623c2ba412bab9cea83aa252de4.png","crew_member","2","avatar",".png","68","538","603","65"
"artifacts/research-sync/metadata-first-benchmark-1000/generated-corpus/crew_member/0516_68000000-0000-4000-8000-000000000008-avatar-fdde8623c2ba412bab9cea83aa252de4.png","crew_member","2","avatar",".png","68","538","603","65"
"artifacts/research-sync/metadata-first-benchmark-1000/generated-corpus/crew_member/0517_68000000-0000-4000-8000-000000000008-avatar-fdde8623c2ba412bab9cea83aa252de4.png","crew_member","2","avatar",".png","68","538","603","65"
"artifacts/research-sync/metadata-first-benchmark-1000/generated-corpus/crew_member/0522_c0000001-0001-0001-0001-000000000001.jpg","crew_member","2","avatar",".jpg","77331","462","103583","103121"
"artifacts/research-sync/metadata-first-benchmark-1000/generated-corpus/crew_member/0532_68000000-0000-4000-8000-000000000008-avatar-fdde8623c2ba412bab9cea83aa252de4.png","crew_member","2","avatar",".png","68","538","603","65"
"artifacts/research-sync/metadata-first-benchmark-1000/generated-corpus/crew_member/0535_a0000001-0000-0000-0000-000000000001.jpg","crew_member","2","avatar",".jpg","77331","462","103583","103121"
"artifacts/research-sync/metadata-first-benchmark-1000/generated-corpus/crew_member/0537_a0000001-0000-0000-0000-000000000001.jpg","crew_member","2","avatar",".jpg","77331","462","103583","103121"
"artifacts/research-sync/metadata-first-benchmark-1000/generated-corpus/crew_member/0545_68000000-0000-4000-8000-000000000008-avatar-fdde8623c2ba412bab9cea83aa252de4.png","crew_member","2","avatar",".png","68","538","603","65"
"artifacts/research-sync/metadata-first-benchmark-1000/generated-corpus/crew_member/0546_c0000001-0001-0001-0001-000000000001.jpg","crew_member","2","avatar",".jpg","77331","462","103583","103121"
"artifacts/research-sync/metadata-first-benchmark-1000/generated-corpus/crew_member/0547_c0000001-0001-0001-0001-000000000001.jpg","crew_member","2","avatar",".jpg","77331","462","103583","103121"
"artifacts/research-sync/metadata-first-benchmark-1000/generated-corpus/crew_member/0554_68000000-0000-4000-8000-000000000008-avatar-fdde8623c2ba412bab9cea83aa252de4.png","crew_member","2","avatar",".png","68","538","603","65"
"artifacts/research-sync/metadata-first-benchmark-1000/generated-corpus/crew_member/0555_a0000001-0000-0000-0000-000000000001.jpg","crew_member","2","avatar",".jpg","77331","462","103583","103121"
"artifacts/research-sync/metadata-first-benchmark-1000/generated-corpus/crew_member/0563_a0000001-0000-0000-0000-000000000001.jpg","crew_member","2","avatar",".jpg","77331","462","103583","103121"
"artifacts/research-sync/metadata-first-benchmark-1000/generated-corpus/crew_member/0569_c0000001-0001-0001-0001-000000000003.jpg","crew_member","2","avatar",".jpg","87541","462","117199","116737"
"artifacts/research-sync/metadata-first-benchmark-1000/generated-corpus/crew_member/0570_c0000001-0001-0001-0001-000000000003.jpg","crew_member","2","avatar",".jpg","87541","462","117199","116737"
"artifacts/research-sync/metadata-first-benchmark-1000/generated-corpus/crew_member/0572_c0000001-0001-0001-0001-000000000001.jpg","crew_member","2","avatar",".jpg","77331","462","103583","103121"
"artifacts/research-sync/metadata-first-benchmark-1000/generated-corpus/crew_member/0574_c0000001-0001-0001-0001-000000000003.jpg","crew_member","2","avatar",".jpg","87541","462","117199","116737"
"artifacts/research-sync/metadata-first-benchmark-1000/generated-corpus/crew_member/0581_a0000001-0000-0000-0000-000000000001.jpg","crew_member","2","avatar",".jpg","77331","462","103583","103121"
"artifacts/research-sync/metadata-first-benchmark-1000/generated-corpus/crew_member/0583_c0000001-0001-0001-0001-000000000003.jpg","crew_member","2","avatar",".jpg","87541","462","117199","116737"
"artifacts/research-sync/metadata-first-benchmark-1000/generated-corpus/crew_member/0585_68000000-0000-4000-8000-000000000008-avatar-fdde8623c2ba412bab9cea83aa252de4.png","crew_member","2","avatar",".png","68","538","603","65"
"artifacts/research-sync/metadata-first-benchmark-1000/generated-corpus/crew_member/0586_68000000-0000-4000-8000-000000000008-avatar-fdde8623c2ba412bab9cea83aa252de4.png","crew_member","2","avatar",".png","68","538","603","65"
"artifacts/research-sync/metadata-first-benchmark-1000/generated-corpus/crew_member/0594_68000000-0000-4000-8000-000000000008-avatar-fdde8623c2ba412bab9cea83aa252de4.png","crew_member","2","avatar",".png","68","538","603","65"
"artifacts/research-sync/metadata-first-benchmark-1000/generated-corpus/crew_member/0595_a0000001-0000-0000-0000-000000000001.jpg","crew_member","2","avatar",".jpg","77331","462","103583","103121"
"artifacts/research-sync/metadata-first-benchmark-1000/generated-corpus/crew_member/0597_c0000001-0001-0001-0001-000000000001.jpg","crew_member","2","avatar",".jpg","77331","462","103583","103121"
"artifacts/research-sync/metadata-first-benchmark-1000/generated-corpus/crew_member/0600_a0000001-0000-0000-0000-000000000001.jpg","crew_member","2","avatar",".jpg","77331","462","103583","103121"
"artifacts/research-sync/metadata-first-benchmark-1000/generated-corpus/crew_member/0601_c0000001-0001-0001-0001-000000000003.jpg","crew_member","2","avatar",".jpg","87541","462","117199","116737"
"artifacts/research-sync/metadata-first-benchmark-1000/generated-corpus/crew_member/0602_c0000001-0001-0001-0001-000000000003.jpg","crew_member","2","avatar",".jpg","87541","462","117199","116737"
"artifacts/research-sync/metadata-first-benchmark-1000/generated-corpus/crew_member/0604_c0000001-0001-0001-0001-000000000003.jpg","crew_member","2","avatar",".jpg","87541","462","117199","116737"
"artifacts/research-sync/metadata-first-benchmark-1000/generated-corpus/crew_member/0608_c0000001-0001-0001-0001-000000000003.jpg","crew_member","2","avatar",".jpg","87541","462","117199","116737"
"artifacts/research-sync/metadata-first-benchmark-1000/generated-corpus/crew_member/0609_c0000001-0001-0001-0001-000000000001.jpg","crew_member","2","avatar",".jpg","77331","462","103583","103121"
"artifacts/research-sync/metadata-first-benchmark-1000/generated-corpus/crew_member/0617_a0000001-0000-0000-0000-000000000001.jpg","crew_member","2","avatar",".jpg","77331","462","103583","103121"
"artifacts/research-sync/metadata-first-benchmark-1000/generated-corpus/crew_member/0618_c0000001-0001-0001-0001-000000000003.jpg","crew_member","2","avatar",".jpg","87541","462","117199","116737"
"artifacts/research-sync/metadata-first-benchmark-1000/generated-corpus/crew_member/0623_a0000001-0000-0000-0000-000000000001.jpg","crew_member","2","avatar",".jpg","77331","462","103583","103121"
"artifacts/research-sync/metadata-first-benchmark-1000/generated-corpus/crew_member/0626_c0000001-0001-0001-0001-000000000001.jpg","crew_member","2","avatar",".jpg","77331","462","103583","103121"
"artifacts/research-sync/metadata-first-benchmark-1000/generated-corpus/crew_member/0629_c0000001-0001-0001-0001-000000000001.jpg","crew_member","2","avatar",".jpg","77331","462","103583","103121"
"artifacts/research-sync/metadata-first-benchmark-1000/generated-corpus/crew_member/0631_c0000001-0001-0001-0001-000000000001.jpg","crew_member","2","avatar",".jpg","77331","462","103583","103121"
"artifacts/research-sync/metadata-first-benchmark-1000/generated-corpus/crew_member/0635_a0000001-0000-0000-0000-000000000001.jpg","crew_member","2","avatar",".jpg","77331","462","103583","103121"
"artifacts/research-sync/metadata-first-benchmark-1000/generated-corpus/crew_member/0638_68000000-0000-4000-8000-000000000008-avatar-fdde8623c2ba412bab9cea83aa252de4.png","crew_member","2","avatar",".png","68","538","603","65"
"artifacts/research-sync/metadata-first-benchmark-1000/generated-corpus/crew_member/0640_c0000001-0001-0001-0001-000000000003.jpg","crew_member","2","avatar",".jpg","87541","462","117199","116737"
"artifacts/research-sync/metadata-first-benchmark-1000/generated-corpus/crew_member/0641_a0000001-0000-0000-0000-000000000001.jpg","crew_member","2","avatar",".jpg","77331","462","103583","103121"
"artifacts/research-sync/metadata-first-benchmark-1000/generated-corpus/crew_member/0642_c0000001-0001-0001-0001-000000000001.jpg","crew_member","2","avatar",".jpg","77331","462","103583","103121"
"artifacts/research-sync/metadata-first-benchmark-1000/generated-corpus/crew_member/0643_c0000001-0001-0001-0001-000000000001.jpg","crew_member","2","avatar",".jpg","77331","462","103583","103121"
"artifacts/research-sync/metadata-first-benchmark-1000/generated-corpus/crew_member/0644_a0000001-0000-0000-0000-000000000001.jpg","crew_member","2","avatar",".jpg","77331","462","103583","103121"
"artifacts/research-sync/metadata-first-benchmark-1000/generated-corpus/crew_member/0649_c0000001-0001-0001-0001-000000000003.jpg","crew_member","2","avatar",".jpg","87541","462","117199","116737"
"artifacts/research-sync/metadata-first-benchmark-1000/generated-corpus/crew_member/0651_c0000001-0001-0001-0001-000000000003.jpg","crew_member","2","avatar",".jpg","87541","462","117199","116737"
"artifacts/research-sync/metadata-first-benchmark-1000/generated-corpus/crew_member/0654_68000000-0000-4000-8000-000000000008-avatar-fdde8623c2ba412bab9cea83aa252de4.png","crew_member","2","avatar",".png","68","538","603","65"
"artifacts/research-sync/metadata-first-benchmark-1000/generated-corpus/crew_member/0657_c0000001-0001-0001-0001-000000000001.jpg","crew_member","2","avatar",".jpg","77331","462","103583","103121"
"artifacts/research-sync/metadata-first-benchmark-1000/generated-corpus/crew_member/0663_68000000-0000-4000-8000-000000000008-avatar-fdde8623c2ba412bab9cea83aa252de4.png","crew_member","2","avatar",".png","68","538","603","65"
"artifacts/research-sync/metadata-first-benchmark-1000/generated-corpus/crew_member/0672_a0000001-0000-0000-0000-000000000001.jpg","crew_member","2","avatar",".jpg","77331","462","103583","103121"
"artifacts/research-sync/metadata-first-benchmark-1000/generated-corpus/crew_member/0674_a0000001-0000-0000-0000-000000000001.jpg","crew_member","2","avatar",".jpg","77331","462","103583","103121"
"artifacts/research-sync/metadata-first-benchmark-1000/generated-corpus/crew_member/0675_c0000001-0001-0001-0001-000000000001.jpg","crew_member","2","avatar",".jpg","77331","462","103583","103121"
"artifacts/research-sync/metadata-first-benchmark-1000/generated-corpus/crew_member/0677_c0000001-0001-0001-0001-000000000001.jpg","crew_member","2","avatar",".jpg","77331","462","103583","103121"
"artifacts/research-sync/metadata-first-benchmark-1000/generated-corpus/crew_member/0681_c0000001-0001-0001-0001-000000000003.jpg","crew_member","2","avatar",".jpg","87541","462","117199","116737"
"artifacts/research-sync/metadata-first-benchmark-1000/generated-corpus/crew_member/0682_c0000001-0001-0001-0001-000000000001.jpg","crew_member","2","avatar",".jpg","77331","462","103583","103121"
"artifacts/research-sync/metadata-first-benchmark-1000/generated-corpus/crew_member/0683_c0000001-0001-0001-0001-000000000003.jpg","crew_member","2","avatar",".jpg","87541","462","117199","116737"
"artifacts/research-sync/metadata-first-benchmark-1000/generated-corpus/crew_member/0685_c0000001-0001-0001-0001-000000000001.jpg","crew_member","2","avatar",".jpg","77331","462","103583","103121"
"artifacts/research-sync/metadata-first-benchmark-1000/generated-corpus/crew_member/0686_c0000001-0001-0001-0001-000000000003.jpg","crew_member","2","avatar",".jpg","87541","462","117199","116737"
"artifacts/research-sync/metadata-first-benchmark-1000/generated-corpus/crew_member/0689_a0000001-0000-0000-0000-000000000001.jpg","crew_member","2","avatar",".jpg","77331","462","103583","103121"
"artifacts/research-sync/metadata-first-benchmark-1000/generated-corpus/crew_member/0690_c0000001-0001-0001-0001-000000000003.jpg","crew_member","2","avatar",".jpg","87541","462","117199","116737"
"artifacts/research-sync/metadata-first-benchmark-1000/generated-corpus/crew_member/0693_68000000-0000-4000-8000-000000000008-avatar-fdde8623c2ba412bab9cea83aa252de4.png","crew_member","2","avatar",".png","68","538","603","65"
"artifacts/research-sync/metadata-first-benchmark-1000/generated-corpus/crew_member/0694_c0000001-0001-0001-0001-000000000003.jpg","crew_member","2","avatar",".jpg","87541","462","117199","116737"
"artifacts/research-sync/metadata-first-benchmark-1000/generated-corpus/crew_member/0695_c0000001-0001-0001-0001-000000000003.jpg","crew_member","2","avatar",".jpg","87541","462","117199","116737"
"artifacts/research-sync/metadata-first-benchmark-1000/generated-corpus/crew_member/0697_a0000001-0000-0000-0000-000000000001.jpg","crew_member","2","avatar",".jpg","77331","462","103583","103121"
"artifacts/research-sync/metadata-first-benchmark-1000/generated-corpus/crew_member/0700_68000000-0000-4000-8000-000000000008-avatar-fdde8623c2ba412bab9cea83aa252de4.png","crew_member","2","avatar",".png","68","538","603","65"
"artifacts/research-sync/metadata-first-benchmark-1000/generated-corpus/crew_member/0702_68000000-0000-4000-8000-000000000008-avatar-fdde8623c2ba412bab9cea83aa252de4.png","crew_member","2","avatar",".png","68","538","603","65"
"artifacts/research-sync/metadata-first-benchmark-1000/generated-corpus/crew_member/0706_c0000001-0001-0001-0001-000000000001.jpg","crew_member","2","avatar",".jpg","77331","462","103583","103121"
"artifacts/research-sync/metadata-first-benchmark-1000/generated-corpus/crew_member/0710_c0000001-0001-0001-0001-000000000001.jpg","crew_member","2","avatar",".jpg","77331","462","103583","103121"
"artifacts/research-sync/metadata-first-benchmark-1000/generated-corpus/crew_member/0712_c0000001-0001-0001-0001-000000000001.jpg","crew_member","2","avatar",".jpg","77331","462","103583","103121"
"artifacts/research-sync/metadata-first-benchmark-1000/generated-corpus/crew_member/0717_68000000-0000-4000-8000-000000000008-avatar-fdde8623c2ba412bab9cea83aa252de4.png","crew_member","2","avatar",".png","68","538","603","65"
"artifacts/research-sync/metadata-first-benchmark-1000/generated-corpus/crew_member/0720_c0000001-0001-0001-0001-000000000003.jpg","crew_member","2","avatar",".jpg","87541","462","117199","116737"
"artifacts/research-sync/metadata-first-benchmark-1000/generated-corpus/crew_member/0725_c0000001-0001-0001-0001-000000000003.jpg","crew_member","2","avatar",".jpg","87541","462","117199","116737"
"artifacts/research-sync/metadata-first-benchmark-1000/generated-corpus/crew_member/0727_68000000-0000-4000-8000-000000000008-avatar-fdde8623c2ba412bab9cea83aa252de4.png","crew_member","2","avatar",".png","68","538","603","65"
"artifacts/research-sync/metadata-first-benchmark-1000/generated-corpus/crew_member/0728_a0000001-0000-0000-0000-000000000001.jpg","crew_member","2","avatar",".jpg","77331","462","103583","103121"
"artifacts/research-sync/metadata-first-benchmark-1000/generated-corpus/crew_member/0731_c0000001-0001-0001-0001-000000000001.jpg","crew_member","2","avatar",".jpg","77331","462","103583","103121"
"artifacts/research-sync/metadata-first-benchmark-1000/generated-corpus/crew_member/0736_c0000001-0001-0001-0001-000000000003.jpg","crew_member","2","avatar",".jpg","87541","462","117199","116737"
"artifacts/research-sync/metadata-first-benchmark-1000/generated-corpus/crew_member/0740_68000000-0000-4000-8000-000000000008-avatar-fdde8623c2ba412bab9cea83aa252de4.png","crew_member","2","avatar",".png","68","538","603","65"
"artifacts/research-sync/metadata-first-benchmark-1000/generated-corpus/crew_member/0742_a0000001-0000-0000-0000-000000000001.jpg","crew_member","2","avatar",".jpg","77331","462","103583","103121"
"artifacts/research-sync/metadata-first-benchmark-1000/generated-corpus/crew_member/0757_c0000001-0001-0001-0001-000000000001.jpg","crew_member","2","avatar",".jpg","77331","462","103583","103121"
"artifacts/research-sync/metadata-first-benchmark-1000/generated-corpus/crew_member/0759_68000000-0000-4000-8000-000000000008-avatar-fdde8623c2ba412bab9cea83aa252de4.png","crew_member","2","avatar",".png","68","538","603","65"
"artifacts/research-sync/metadata-first-benchmark-1000/generated-corpus/crew_member/0760_68000000-0000-4000-8000-000000000008-avatar-fdde8623c2ba412bab9cea83aa252de4.png","crew_member","2","avatar",".png","68","538","603","65"
"artifacts/research-sync/metadata-first-benchmark-1000/generated-corpus/crew_member/0761_a0000001-0000-0000-0000-000000000001.jpg","crew_member","2","avatar",".jpg","77331","462","103583","103121"
"artifacts/research-sync/metadata-first-benchmark-1000/generated-corpus/crew_member/0765_68000000-0000-4000-8000-000000000008-avatar-fdde8623c2ba412bab9cea83aa252de4.png","crew_member","2","avatar",".png","68","538","603","65"
"artifacts/research-sync/metadata-first-benchmark-1000/generated-corpus/crew_member/0768_c0000001-0001-0001-0001-000000000001.jpg","crew_member","2","avatar",".jpg","77331","462","103583","103121"
"artifacts/research-sync/metadata-first-benchmark-1000/generated-corpus/crew_member/0770_a0000001-0000-0000-0000-000000000001.jpg","crew_member","2","avatar",".jpg","77331","462","103583","103121"
"artifacts/research-sync/metadata-first-benchmark-1000/generated-corpus/crew_member/0772_a0000001-0000-0000-0000-000000000001.jpg","crew_member","2","avatar",".jpg","77331","462","103583","103121"
"artifacts/research-sync/metadata-first-benchmark-1000/generated-corpus/crew_member/0776_c0000001-0001-0001-0001-000000000003.jpg","crew_member","2","avatar",".jpg","87541","462","117199","116737"
"artifacts/research-sync/metadata-first-benchmark-1000/generated-corpus/crew_member/0777_c0000001-0001-0001-0001-000000000003.jpg","crew_member","2","avatar",".jpg","87541","462","117199","116737"
"artifacts/research-sync/metadata-first-benchmark-1000/generated-corpus/crew_member/0783_c0000001-0001-0001-0001-000000000003.jpg","crew_member","2","avatar",".jpg","87541","462","117199","116737"
"artifacts/research-sync/metadata-first-benchmark-1000/generated-corpus/crew_member/0784_c0000001-0001-0001-0001-000000000003.jpg","crew_member","2","avatar",".jpg","87541","462","117199","116737"
"artifacts/research-sync/metadata-first-benchmark-1000/generated-corpus/crew_member/0788_68000000-0000-4000-8000-000000000008-avatar-fdde8623c2ba412bab9cea83aa252de4.png","crew_member","2","avatar",".png","68","538","603","65"
"artifacts/research-sync/metadata-first-benchmark-1000/generated-corpus/crew_member/0789_a0000001-0000-0000-0000-000000000001.jpg","crew_member","2","avatar",".jpg","77331","462","103583","103121"
"artifacts/research-sync/metadata-first-benchmark-1000/generated-corpus/crew_member/0790_c0000001-0001-0001-0001-000000000003.jpg","crew_member","2","avatar",".jpg","87541","462","117199","116737"
"artifacts/research-sync/metadata-first-benchmark-1000/generated-corpus/crew_member/0791_68000000-0000-4000-8000-000000000008-avatar-fdde8623c2ba412bab9cea83aa252de4.png","crew_member","2","avatar",".png","68","538","603","65"
"artifacts/research-sync/metadata-first-benchmark-1000/generated-corpus/crew_member/0792_68000000-0000-4000-8000-000000000008-avatar-fdde8623c2ba412bab9cea83aa252de4.png","crew_member","2","avatar",".png","68","538","603","65"
"artifacts/research-sync/metadata-first-benchmark-1000/generated-corpus/crew_member/0798_c0000001-0001-0001-0001-000000000003.jpg","crew_member","2","avatar",".jpg","87541","462","117199","116737"
"artifacts/research-sync/metadata-first-benchmark-1000/generated-corpus/crew_member/0805_68000000-0000-4000-8000-000000000008-avatar-fdde8623c2ba412bab9cea83aa252de4.png","crew_member","2","avatar",".png","68","538","603","65"
"artifacts/research-sync/metadata-first-benchmark-1000/generated-corpus/crew_member/0808_c0000001-0001-0001-0001-000000000003.jpg","crew_member","2","avatar",".jpg","87541","462","117199","116737"
"artifacts/research-sync/metadata-first-benchmark-1000/generated-corpus/crew_member/0811_c0000001-0001-0001-0001-000000000001.jpg","crew_member","2","avatar",".jpg","77331","462","103583","103121"
"artifacts/research-sync/metadata-first-benchmark-1000/generated-corpus/crew_member/0812_c0000001-0001-0001-0001-000000000003.jpg","crew_member","2","avatar",".jpg","87541","462","117199","116737"
"artifacts/research-sync/metadata-first-benchmark-1000/generated-corpus/crew_member/0814_c0000001-0001-0001-0001-000000000001.jpg","crew_member","2","avatar",".jpg","77331","462","103583","103121"
"artifacts/research-sync/metadata-first-benchmark-1000/generated-corpus/crew_member/0815_68000000-0000-4000-8000-000000000008-avatar-fdde8623c2ba412bab9cea83aa252de4.png","crew_member","2","avatar",".png","68","538","603","65"
"artifacts/research-sync/metadata-first-benchmark-1000/generated-corpus/crew_member/0817_a0000001-0000-0000-0000-000000000001.jpg","crew_member","2","avatar",".jpg","77331","462","103583","103121"
"artifacts/research-sync/metadata-first-benchmark-1000/generated-corpus/crew_member/0818_c0000001-0001-0001-0001-000000000001.jpg","crew_member","2","avatar",".jpg","77331","462","103583","103121"
"artifacts/research-sync/metadata-first-benchmark-1000/generated-corpus/crew_member/0823_68000000-0000-4000-8000-000000000008-avatar-fdde8623c2ba412bab9cea83aa252de4.png","crew_member","2","avatar",".png","68","538","603","65"
"artifacts/research-sync/metadata-first-benchmark-1000/generated-corpus/crew_member/0825_a0000001-0000-0000-0000-000000000001.jpg","crew_member","2","avatar",".jpg","77331","462","103583","103121"
"artifacts/research-sync/metadata-first-benchmark-1000/generated-corpus/crew_member/0827_c0000001-0001-0001-0001-000000000001.jpg","crew_member","2","avatar",".jpg","77331","462","103583","103121"
"artifacts/research-sync/metadata-first-benchmark-1000/generated-corpus/crew_member/0830_a0000001-0000-0000-0000-000000000001.jpg","crew_member","2","avatar",".jpg","77331","462","103583","103121"
"artifacts/research-sync/metadata-first-benchmark-1000/generated-corpus/crew_member/0832_68000000-0000-4000-8000-000000000008-avatar-fdde8623c2ba412bab9cea83aa252de4.png","crew_member","2","avatar",".png","68","538","603","65"
"artifacts/research-sync/metadata-first-benchmark-1000/generated-corpus/crew_member/0833_68000000-0000-4000-8000-000000000008-avatar-fdde8623c2ba412bab9cea83aa252de4.png","crew_member","2","avatar",".png","68","538","603","65"
"artifacts/research-sync/metadata-first-benchmark-1000/generated-corpus/crew_member/0835_c0000001-0001-0001-0001-000000000001.jpg","crew_member","2","avatar",".jpg","77331","462","103583","103121"
"artifacts/research-sync/metadata-first-benchmark-1000/generated-corpus/crew_member/0836_a0000001-0000-0000-0000-000000000001.jpg","crew_member","2","avatar",".jpg","77331","462","103583","103121"
"artifacts/research-sync/metadata-first-benchmark-1000/generated-corpus/crew_member/0839_c0000001-0001-0001-0001-000000000001.jpg","crew_member","2","avatar",".jpg","77331","462","103583","103121"
"artifacts/research-sync/metadata-first-benchmark-1000/generated-corpus/crew_member/0840_68000000-0000-4000-8000-000000000008-avatar-fdde8623c2ba412bab9cea83aa252de4.png","crew_member","2","avatar",".png","68","538","603","65"
"artifacts/research-sync/metadata-first-benchmark-1000/generated-corpus/crew_member/0843_c0000001-0001-0001-0001-000000000001.jpg","crew_member","2","avatar",".jpg","77331","462","103583","103121"
"artifacts/research-sync/metadata-first-benchmark-1000/generated-corpus/crew_member/0845_68000000-0000-4000-8000-000000000008-avatar-fdde8623c2ba412bab9cea83aa252de4.png","crew_member","2","avatar",".png","68","538","603","65"
"artifacts/research-sync/metadata-first-benchmark-1000/generated-corpus/crew_member/0850_a0000001-0000-0000-0000-000000000001.jpg","crew_member","2","avatar",".jpg","77331","462","103583","103121"
"artifacts/research-sync/metadata-first-benchmark-1000/generated-corpus/crew_member/0851_c0000001-0001-0001-0001-000000000003.jpg","crew_member","2","avatar",".jpg","87541","462","117199","116737"
"artifacts/research-sync/metadata-first-benchmark-1000/generated-corpus/crew_member/0866_c0000001-0001-0001-0001-000000000001.jpg","crew_member","2","avatar",".jpg","77331","462","103583","103121"
"artifacts/research-sync/metadata-first-benchmark-1000/generated-corpus/crew_member/0867_c0000001-0001-0001-0001-000000000003.jpg","crew_member","2","avatar",".jpg","87541","462","117199","116737"
"artifacts/research-sync/metadata-first-benchmark-1000/generated-corpus/crew_member/0871_68000000-0000-4000-8000-000000000008-avatar-fdde8623c2ba412bab9cea83aa252de4.png","crew_member","2","avatar",".png","68","538","603","65"
"artifacts/research-sync/metadata-first-benchmark-1000/generated-corpus/crew_member/0878_c0000001-0001-0001-0001-000000000003.jpg","crew_member","2","avatar",".jpg","87541","462","117199","116737"
"artifacts/research-sync/metadata-first-benchmark-1000/generated-corpus/crew_member/0881_68000000-0000-4000-8000-000000000008-avatar-fdde8623c2ba412bab9cea83aa252de4.png","crew_member","2","avatar",".png","68","538","603","65"
"artifacts/research-sync/metadata-first-benchmark-1000/generated-corpus/crew_member/0889_a0000001-0000-0000-0000-000000000001.jpg","crew_member","2","avatar",".jpg","77331","462","103583","103121"
"artifacts/research-sync/metadata-first-benchmark-1000/generated-corpus/crew_member/0892_c0000001-0001-0001-0001-000000000001.jpg","crew_member","2","avatar",".jpg","77331","462","103583","103121"
"artifacts/research-sync/metadata-first-benchmark-1000/generated-corpus/crew_member/0897_68000000-0000-4000-8000-000000000008-avatar-fdde8623c2ba412bab9cea83aa252de4.png","crew_member","2","avatar",".png","68","538","603","65"
"artifacts/research-sync/metadata-first-benchmark-1000/generated-corpus/crew_member/0899_c0000001-0001-0001-0001-000000000001.jpg","crew_member","2","avatar",".jpg","77331","462","103583","103121"
"artifacts/research-sync/metadata-first-benchmark-1000/generated-corpus/crew_member/0905_a0000001-0000-0000-0000-000000000001.jpg","crew_member","2","avatar",".jpg","77331","462","103583","103121"
"artifacts/research-sync/metadata-first-benchmark-1000/generated-corpus/crew_member/0913_68000000-0000-4000-8000-000000000008-avatar-fdde8623c2ba412bab9cea83aa252de4.png","crew_member","2","avatar",".png","68","538","603","65"
"artifacts/research-sync/metadata-first-benchmark-1000/generated-corpus/crew_member/0914_c0000001-0001-0001-0001-000000000003.jpg","crew_member","2","avatar",".jpg","87541","462","117199","116737"
"artifacts/research-sync/metadata-first-benchmark-1000/generated-corpus/crew_member/0920_c0000001-0001-0001-0001-000000000001.jpg","crew_member","2","avatar",".jpg","77331","462","103583","103121"
"artifacts/research-sync/metadata-first-benchmark-1000/generated-corpus/crew_member/0929_a0000001-0000-0000-0000-000000000001.jpg","crew_member","2","avatar",".jpg","77331","462","103583","103121"
"artifacts/research-sync/metadata-first-benchmark-1000/generated-corpus/crew_member/0930_68000000-0000-4000-8000-000000000008-avatar-fdde8623c2ba412bab9cea83aa252de4.png","crew_member","2","avatar",".png","68","538","603","65"
"artifacts/research-sync/metadata-first-benchmark-1000/generated-corpus/crew_member/0931_c0000001-0001-0001-0001-000000000003.jpg","crew_member","2","avatar",".jpg","87541","462","117199","116737"
"artifacts/research-sync/metadata-first-benchmark-1000/generated-corpus/crew_member/0933_a0000001-0000-0000-0000-000000000001.jpg","crew_member","2","avatar",".jpg","77331","462","103583","103121"
"artifacts/research-sync/metadata-first-benchmark-1000/generated-corpus/crew_member/0938_c0000001-0001-0001-0001-000000000001.jpg","crew_member","2","avatar",".jpg","77331","462","103583","103121"
"artifacts/research-sync/metadata-first-benchmark-1000/generated-corpus/crew_member/0940_c0000001-0001-0001-0001-000000000001.jpg","crew_member","2","avatar",".jpg","77331","462","103583","103121"
"artifacts/research-sync/metadata-first-benchmark-1000/generated-corpus/crew_member/0941_68000000-0000-4000-8000-000000000008-avatar-fdde8623c2ba412bab9cea83aa252de4.png","crew_member","2","avatar",".png","68","538","603","65"
"artifacts/research-sync/metadata-first-benchmark-1000/generated-corpus/crew_member/0947_c0000001-0001-0001-0001-000000000001.jpg","crew_member","2","avatar",".jpg","77331","462","103583","103121"
"artifacts/research-sync/metadata-first-benchmark-1000/generated-corpus/crew_member/0949_68000000-0000-4000-8000-000000000008-avatar-fdde8623c2ba412bab9cea83aa252de4.png","crew_member","2","avatar",".png","68","538","603","65"
"artifacts/research-sync/metadata-first-benchmark-1000/generated-corpus/crew_member/0952_a0000001-0000-0000-0000-000000000001.jpg","crew_member","2","avatar",".jpg","77331","462","103583","103121"
"artifacts/research-sync/metadata-first-benchmark-1000/generated-corpus/crew_member/0955_a0000001-0000-0000-0000-000000000001.jpg","crew_member","2","avatar",".jpg","77331","462","103583","103121"
"artifacts/research-sync/metadata-first-benchmark-1000/generated-corpus/crew_member/0957_a0000001-0000-0000-0000-000000000001.jpg","crew_member","2","avatar",".jpg","77331","462","103583","103121"
"artifacts/research-sync/metadata-first-benchmark-1000/generated-corpus/crew_member/0958_68000000-0000-4000-8000-000000000008-avatar-fdde8623c2ba412bab9cea83aa252de4.png","crew_member","2","avatar",".png","68","538","603","65"
"artifacts/research-sync/metadata-first-benchmark-1000/generated-corpus/crew_member/0959_68000000-0000-4000-8000-000000000008-avatar-fdde8623c2ba412bab9cea83aa252de4.png","crew_member","2","avatar",".png","68","538","603","65"
"artifacts/research-sync/metadata-first-benchmark-1000/generated-corpus/crew_member/0960_c0000001-0001-0001-0001-000000000001.jpg","crew_member","2","avatar",".jpg","77331","462","103583","103121"
"artifacts/research-sync/metadata-first-benchmark-1000/generated-corpus/crew_member/0965_a0000001-0000-0000-0000-000000000001.jpg","crew_member","2","avatar",".jpg","77331","462","103583","103121"
"artifacts/research-sync/metadata-first-benchmark-1000/generated-corpus/crew_member/0969_c0000001-0001-0001-0001-000000000003.jpg","crew_member","2","avatar",".jpg","87541","462","117199","116737"
"artifacts/research-sync/metadata-first-benchmark-1000/generated-corpus/crew_member/0970_c0000001-0001-0001-0001-000000000001.jpg","crew_member","2","avatar",".jpg","77331","462","103583","103121"
"artifacts/research-sync/metadata-first-benchmark-1000/generated-corpus/crew_member/0972_c0000001-0001-0001-0001-000000000003.jpg","crew_member","2","avatar",".jpg","87541","462","117199","116737"
"artifacts/research-sync/metadata-first-benchmark-1000/generated-corpus/crew_member/0975_c0000001-0001-0001-0001-000000000001.jpg","crew_member","2","avatar",".jpg","77331","462","103583","103121"
"artifacts/research-sync/metadata-first-benchmark-1000/generated-corpus/crew_member/0976_c0000001-0001-0001-0001-000000000001.jpg","crew_member","2","avatar",".jpg","77331","462","103583","103121"
"artifacts/research-sync/metadata-first-benchmark-1000/generated-corpus/crew_member/0982_c0000001-0001-0001-0001-000000000001.jpg","crew_member","2","avatar",".jpg","77331","462","103583","103121"
"artifacts/research-sync/metadata-first-benchmark-1000/generated-corpus/crew_member/0985_68000000-0000-4000-8000-000000000008-avatar-fdde8623c2ba412bab9cea83aa252de4.png","crew_member","2","avatar",".png","68","538","603","65"
"artifacts/research-sync/metadata-first-benchmark-1000/generated-corpus/crew_member/0986_c0000001-0001-0001-0001-000000000001.jpg","crew_member","2","avatar",".jpg","77331","462","103583","103121"
"artifacts/research-sync/metadata-first-benchmark-1000/generated-corpus/crew_member/0987_c0000001-0001-0001-0001-000000000001.jpg","crew_member","2","avatar",".jpg","77331","462","103583","103121"
"artifacts/research-sync/metadata-first-benchmark-1000/generated-corpus/crew_member/0988_a0000001-0000-0000-0000-000000000001.jpg","crew_member","2","avatar",".jpg","77331","462","103583","103121"
"artifacts/research-sync/metadata-first-benchmark-1000/generated-corpus/crew_member/0990_c0000001-0001-0001-0001-000000000003.jpg","crew_member","2","avatar",".jpg","87541","462","117199","116737"
"artifacts/research-sync/metadata-first-benchmark-1000/generated-corpus/crew_member/0991_c0000001-0001-0001-0001-000000000003.jpg","crew_member","2","avatar",".jpg","87541","462","117199","116737"
"artifacts/research-sync/metadata-first-benchmark-1000/generated-corpus/crew_member/0993_c0000001-0001-0001-0001-000000000001.jpg","crew_member","2","avatar",".jpg","77331","462","103583","103121"
"artifacts/research-sync/metadata-first-benchmark-1000/generated-corpus/crew_member/0994_c0000001-0001-0001-0001-000000000001.jpg","crew_member","2","avatar",".jpg","77331","462","103583","103121"
"artifacts/research-sync/metadata-first-benchmark-1000/generated-corpus/crew_member/0995_c0000001-0001-0001-0001-000000000003.jpg","crew_member","2","avatar",".jpg","87541","462","117199","116737"
"artifacts/research-sync/metadata-first-benchmark-1000/generated-corpus/crew_member/0996_a0000001-0000-0000-0000-000000000001.jpg","crew_member","2","avatar",".jpg","77331","462","103583","103121"
"artifacts/research-sync/metadata-first-benchmark-1000/generated-corpus/crew_member/0998_68000000-0000-4000-8000-000000000008-avatar-fdde8623c2ba412bab9cea83aa252de4.png","crew_member","2","avatar",".png","68","538","603","65"
"artifacts/research-sync/metadata-first-benchmark-1000/generated-corpus/health_document/0002_3bfa3d0b-d2f5-4236-b967-4a270f65e326_yellow_fever.png","health_document","3","attachment",".png","576399","496","769028","768532"
"artifacts/research-sync/metadata-first-benchmark-1000/generated-corpus/health_document/0003_c0000001-0001-0001-0001-000000000001_medical.png","health_document","3","attachment",".png","473003","486","631163","630677"
"artifacts/research-sync/metadata-first-benchmark-1000/generated-corpus/health_document/0006_c0000001-0001-0001-0001-000000000001_medical.png","health_document","3","attachment",".png","473003","486","631163","630677"
"artifacts/research-sync/metadata-first-benchmark-1000/generated-corpus/health_document/0012_c0000001-0001-0001-0001-000000000001_medical.png","health_document","3","attachment",".png","473003","486","631163","630677"
"artifacts/research-sync/metadata-first-benchmark-1000/generated-corpus/health_document/0013_3bfa3d0b-d2f5-4236-b967-4a270f65e326_yellow_fever.png","health_document","3","attachment",".png","576399","496","769028","768532"
"artifacts/research-sync/metadata-first-benchmark-1000/generated-corpus/health_document/0016_3bfa3d0b-d2f5-4236-b967-4a270f65e326_yellow_fever.png","health_document","3","attachment",".png","576399","496","769028","768532"
"artifacts/research-sync/metadata-first-benchmark-1000/generated-corpus/health_document/0019_3bfa3d0b-d2f5-4236-b967-4a270f65e326_yellow_fever.png","health_document","3","attachment",".png","576399","496","769028","768532"
"artifacts/research-sync/metadata-first-benchmark-1000/generated-corpus/health_document/0026_3bfa3d0b-d2f5-4236-b967-4a270f65e326_yellow_fever.png","health_document","3","attachment",".png","576399","496","769028","768532"
"artifacts/research-sync/metadata-first-benchmark-1000/generated-corpus/health_document/0028_3bfa3d0b-d2f5-4236-b967-4a270f65e326_yellow_fever.png","health_document","3","attachment",".png","576399","496","769028","768532"
"artifacts/research-sync/metadata-first-benchmark-1000/generated-corpus/health_document/0032_3bfa3d0b-d2f5-4236-b967-4a270f65e326_yellow_fever.png","health_document","3","attachment",".png","576399","496","769028","768532"
"artifacts/research-sync/metadata-first-benchmark-1000/generated-corpus/health_document/0041_c0000001-0001-0001-0001-000000000001_medical.png","health_document","3","attachment",".png","473003","486","631163","630677"
"artifacts/research-sync/metadata-first-benchmark-1000/generated-corpus/health_document/0043_3bfa3d0b-d2f5-4236-b967-4a270f65e326_yellow_fever.png","health_document","3","attachment",".png","576399","496","769028","768532"
"artifacts/research-sync/metadata-first-benchmark-1000/generated-corpus/health_document/0045_c0000001-0001-0001-0001-000000000001_medical.png","health_document","3","attachment",".png","473003","486","631163","630677"
"artifacts/research-sync/metadata-first-benchmark-1000/generated-corpus/health_document/0046_3bfa3d0b-d2f5-4236-b967-4a270f65e326_yellow_fever.png","health_document","3","attachment",".png","576399","496","769028","768532"
"artifacts/research-sync/metadata-first-benchmark-1000/generated-corpus/health_document/0048_c0000001-0001-0001-0001-000000000001_medical.png","health_document","3","attachment",".png","473003","486","631163","630677"
"artifacts/research-sync/metadata-first-benchmark-1000/generated-corpus/health_document/0056_3bfa3d0b-d2f5-4236-b967-4a270f65e326_yellow_fever.png","health_document","3","attachment",".png","576399","496","769028","768532"
"artifacts/research-sync/metadata-first-benchmark-1000/generated-corpus/health_document/0057_c0000001-0001-0001-0001-000000000001_medical.png","health_document","3","attachment",".png","473003","486","631163","630677"
"artifacts/research-sync/metadata-first-benchmark-1000/generated-corpus/health_document/0058_3bfa3d0b-d2f5-4236-b967-4a270f65e326_yellow_fever.png","health_document","3","attachment",".png","576399","496","769028","768532"
"artifacts/research-sync/metadata-first-benchmark-1000/generated-corpus/health_document/0061_c0000001-0001-0001-0001-000000000001_medical.png","health_document","3","attachment",".png","473003","486","631163","630677"
"artifacts/research-sync/metadata-first-benchmark-1000/generated-corpus/health_document/0064_3bfa3d0b-d2f5-4236-b967-4a270f65e326_yellow_fever.png","health_document","3","attachment",".png","576399","496","769028","768532"
"artifacts/research-sync/metadata-first-benchmark-1000/generated-corpus/health_document/0066_c0000001-0001-0001-0001-000000000001_medical.png","health_document","3","attachment",".png","473003","486","631163","630677"
"artifacts/research-sync/metadata-first-benchmark-1000/generated-corpus/health_document/0068_c0000001-0001-0001-0001-000000000001_medical.png","health_document","3","attachment",".png","473003","486","631163","630677"
"artifacts/research-sync/metadata-first-benchmark-1000/generated-corpus/health_document/0070_3bfa3d0b-d2f5-4236-b967-4a270f65e326_yellow_fever.png","health_document","3","attachment",".png","576399","496","769028","768532"
"artifacts/research-sync/metadata-first-benchmark-1000/generated-corpus/health_document/0076_c0000001-0001-0001-0001-000000000001_medical.png","health_document","3","attachment",".png","473003","486","631163","630677"
"artifacts/research-sync/metadata-first-benchmark-1000/generated-corpus/health_document/0078_c0000001-0001-0001-0001-000000000001_medical.png","health_document","3","attachment",".png","473003","486","631163","630677"
"artifacts/research-sync/metadata-first-benchmark-1000/generated-corpus/health_document/0079_3bfa3d0b-d2f5-4236-b967-4a270f65e326_yellow_fever.png","health_document","3","attachment",".png","576399","496","769028","768532"
"artifacts/research-sync/metadata-first-benchmark-1000/generated-corpus/health_document/0080_c0000001-0001-0001-0001-000000000001_medical.png","health_document","3","attachment",".png","473003","486","631163","630677"
"artifacts/research-sync/metadata-first-benchmark-1000/generated-corpus/health_document/0084_c0000001-0001-0001-0001-000000000001_medical.png","health_document","3","attachment",".png","473003","486","631163","630677"
"artifacts/research-sync/metadata-first-benchmark-1000/generated-corpus/health_document/0090_c0000001-0001-0001-0001-000000000001_medical.png","health_document","3","attachment",".png","473003","486","631163","630677"
"artifacts/research-sync/metadata-first-benchmark-1000/generated-corpus/health_document/0102_c0000001-0001-0001-0001-000000000001_medical.png","health_document","3","attachment",".png","473003","486","631163","630677"
"artifacts/research-sync/metadata-first-benchmark-1000/generated-corpus/health_document/0105_3bfa3d0b-d2f5-4236-b967-4a270f65e326_yellow_fever.png","health_document","3","attachment",".png","576399","496","769028","768532"
"artifacts/research-sync/metadata-first-benchmark-1000/generated-corpus/health_document/0114_c0000001-0001-0001-0001-000000000001_medical.png","health_document","3","attachment",".png","473003","486","631163","630677"
"artifacts/research-sync/metadata-first-benchmark-1000/generated-corpus/health_document/0119_c0000001-0001-0001-0001-000000000001_medical.png","health_document","3","attachment",".png","473003","486","631163","630677"
"artifacts/research-sync/metadata-first-benchmark-1000/generated-corpus/health_document/0126_c0000001-0001-0001-0001-000000000001_medical.png","health_document","3","attachment",".png","473003","486","631163","630677"
"artifacts/research-sync/metadata-first-benchmark-1000/generated-corpus/health_document/0150_3bfa3d0b-d2f5-4236-b967-4a270f65e326_yellow_fever.png","health_document","3","attachment",".png","576399","496","769028","768532"
"artifacts/research-sync/metadata-first-benchmark-1000/generated-corpus/health_document/0153_3bfa3d0b-d2f5-4236-b967-4a270f65e326_yellow_fever.png","health_document","3","attachment",".png","576399","496","769028","768532"
"artifacts/research-sync/metadata-first-benchmark-1000/generated-corpus/health_document/0158_c0000001-0001-0001-0001-000000000001_medical.png","health_document","3","attachment",".png","473003","486","631163","630677"
"artifacts/research-sync/metadata-first-benchmark-1000/generated-corpus/health_document/0171_c0000001-0001-0001-0001-000000000001_medical.png","health_document","3","attachment",".png","473003","486","631163","630677"
"artifacts/research-sync/metadata-first-benchmark-1000/generated-corpus/health_document/0172_c0000001-0001-0001-0001-000000000001_medical.png","health_document","3","attachment",".png","473003","486","631163","630677"
"artifacts/research-sync/metadata-first-benchmark-1000/generated-corpus/health_document/0173_c0000001-0001-0001-0001-000000000001_medical.png","health_document","3","attachment",".png","473003","486","631163","630677"
"artifacts/research-sync/metadata-first-benchmark-1000/generated-corpus/health_document/0189_c0000001-0001-0001-0001-000000000001_medical.png","health_document","3","attachment",".png","473003","486","631163","630677"
"artifacts/research-sync/metadata-first-benchmark-1000/generated-corpus/health_document/0191_3bfa3d0b-d2f5-4236-b967-4a270f65e326_yellow_fever.png","health_document","3","attachment",".png","576399","496","769028","768532"
"artifacts/research-sync/metadata-first-benchmark-1000/generated-corpus/health_document/0196_c0000001-0001-0001-0001-000000000001_medical.png","health_document","3","attachment",".png","473003","486","631163","630677"
"artifacts/research-sync/metadata-first-benchmark-1000/generated-corpus/health_document/0202_c0000001-0001-0001-0001-000000000001_medical.png","health_document","3","attachment",".png","473003","486","631163","630677"
"artifacts/research-sync/metadata-first-benchmark-1000/generated-corpus/health_document/0206_c0000001-0001-0001-0001-000000000001_medical.png","health_document","3","attachment",".png","473003","486","631163","630677"
"artifacts/research-sync/metadata-first-benchmark-1000/generated-corpus/health_document/0215_3bfa3d0b-d2f5-4236-b967-4a270f65e326_yellow_fever.png","health_document","3","attachment",".png","576399","496","769028","768532"
"artifacts/research-sync/metadata-first-benchmark-1000/generated-corpus/health_document/0216_3bfa3d0b-d2f5-4236-b967-4a270f65e326_yellow_fever.png","health_document","3","attachment",".png","576399","496","769028","768532"
"artifacts/research-sync/metadata-first-benchmark-1000/generated-corpus/health_document/0222_c0000001-0001-0001-0001-000000000001_medical.png","health_document","3","attachment",".png","473003","486","631163","630677"
"artifacts/research-sync/metadata-first-benchmark-1000/generated-corpus/health_document/0226_3bfa3d0b-d2f5-4236-b967-4a270f65e326_yellow_fever.png","health_document","3","attachment",".png","576399","496","769028","768532"
"artifacts/research-sync/metadata-first-benchmark-1000/generated-corpus/health_document/0227_c0000001-0001-0001-0001-000000000001_medical.png","health_document","3","attachment",".png","473003","486","631163","630677"
"artifacts/research-sync/metadata-first-benchmark-1000/generated-corpus/health_document/0229_3bfa3d0b-d2f5-4236-b967-4a270f65e326_yellow_fever.png","health_document","3","attachment",".png","576399","496","769028","768532"
"artifacts/research-sync/metadata-first-benchmark-1000/generated-corpus/health_document/0244_3bfa3d0b-d2f5-4236-b967-4a270f65e326_yellow_fever.png","health_document","3","attachment",".png","576399","496","769028","768532"
"artifacts/research-sync/metadata-first-benchmark-1000/generated-corpus/health_document/0257_3bfa3d0b-d2f5-4236-b967-4a270f65e326_yellow_fever.png","health_document","3","attachment",".png","576399","496","769028","768532"
"artifacts/research-sync/metadata-first-benchmark-1000/generated-corpus/health_document/0260_3bfa3d0b-d2f5-4236-b967-4a270f65e326_yellow_fever.png","health_document","3","attachment",".png","576399","496","769028","768532"
"artifacts/research-sync/metadata-first-benchmark-1000/generated-corpus/health_document/0265_3bfa3d0b-d2f5-4236-b967-4a270f65e326_yellow_fever.png","health_document","3","attachment",".png","576399","496","769028","768532"
"artifacts/research-sync/metadata-first-benchmark-1000/generated-corpus/health_document/0271_c0000001-0001-0001-0001-000000000001_medical.png","health_document","3","attachment",".png","473003","486","631163","630677"
"artifacts/research-sync/metadata-first-benchmark-1000/generated-corpus/health_document/0280_3bfa3d0b-d2f5-4236-b967-4a270f65e326_yellow_fever.png","health_document","3","attachment",".png","576399","496","769028","768532"
"artifacts/research-sync/metadata-first-benchmark-1000/generated-corpus/health_document/0281_c0000001-0001-0001-0001-000000000001_medical.png","health_document","3","attachment",".png","473003","486","631163","630677"
"artifacts/research-sync/metadata-first-benchmark-1000/generated-corpus/health_document/0282_c0000001-0001-0001-0001-000000000001_medical.png","health_document","3","attachment",".png","473003","486","631163","630677"
"artifacts/research-sync/metadata-first-benchmark-1000/generated-corpus/health_document/0286_3bfa3d0b-d2f5-4236-b967-4a270f65e326_yellow_fever.png","health_document","3","attachment",".png","576399","496","769028","768532"
"artifacts/research-sync/metadata-first-benchmark-1000/generated-corpus/health_document/0288_c0000001-0001-0001-0001-000000000001_medical.png","health_document","3","attachment",".png","473003","486","631163","630677"
"artifacts/research-sync/metadata-first-benchmark-1000/generated-corpus/health_document/0291_3bfa3d0b-d2f5-4236-b967-4a270f65e326_yellow_fever.png","health_document","3","attachment",".png","576399","496","769028","768532"
"artifacts/research-sync/metadata-first-benchmark-1000/generated-corpus/health_document/0301_3bfa3d0b-d2f5-4236-b967-4a270f65e326_yellow_fever.png","health_document","3","attachment",".png","576399","496","769028","768532"
"artifacts/research-sync/metadata-first-benchmark-1000/generated-corpus/health_document/0307_c0000001-0001-0001-0001-000000000001_medical.png","health_document","3","attachment",".png","473003","486","631163","630677"
"artifacts/research-sync/metadata-first-benchmark-1000/generated-corpus/health_document/0314_3bfa3d0b-d2f5-4236-b967-4a270f65e326_yellow_fever.png","health_document","3","attachment",".png","576399","496","769028","768532"
"artifacts/research-sync/metadata-first-benchmark-1000/generated-corpus/health_document/0316_3bfa3d0b-d2f5-4236-b967-4a270f65e326_yellow_fever.png","health_document","3","attachment",".png","576399","496","769028","768532"
"artifacts/research-sync/metadata-first-benchmark-1000/generated-corpus/health_document/0329_3bfa3d0b-d2f5-4236-b967-4a270f65e326_yellow_fever.png","health_document","3","attachment",".png","576399","496","769028","768532"
"artifacts/research-sync/metadata-first-benchmark-1000/generated-corpus/health_document/0333_c0000001-0001-0001-0001-000000000001_medical.png","health_document","3","attachment",".png","473003","486","631163","630677"
"artifacts/research-sync/metadata-first-benchmark-1000/generated-corpus/health_document/0338_3bfa3d0b-d2f5-4236-b967-4a270f65e326_yellow_fever.png","health_document","3","attachment",".png","576399","496","769028","768532"
"artifacts/research-sync/metadata-first-benchmark-1000/generated-corpus/health_document/0346_c0000001-0001-0001-0001-000000000001_medical.png","health_document","3","attachment",".png","473003","486","631163","630677"
"artifacts/research-sync/metadata-first-benchmark-1000/generated-corpus/health_document/0351_c0000001-0001-0001-0001-000000000001_medical.png","health_document","3","attachment",".png","473003","486","631163","630677"
"artifacts/research-sync/metadata-first-benchmark-1000/generated-corpus/health_document/0369_3bfa3d0b-d2f5-4236-b967-4a270f65e326_yellow_fever.png","health_document","3","attachment",".png","576399","496","769028","768532"
"artifacts/research-sync/metadata-first-benchmark-1000/generated-corpus/health_document/0373_3bfa3d0b-d2f5-4236-b967-4a270f65e326_yellow_fever.png","health_document","3","attachment",".png","576399","496","769028","768532"
"artifacts/research-sync/metadata-first-benchmark-1000/generated-corpus/health_document/0381_c0000001-0001-0001-0001-000000000001_medical.png","health_document","3","attachment",".png","473003","486","631163","630677"
"artifacts/research-sync/metadata-first-benchmark-1000/generated-corpus/health_document/0385_c0000001-0001-0001-0001-000000000001_medical.png","health_document","3","attachment",".png","473003","486","631163","630677"
"artifacts/research-sync/metadata-first-benchmark-1000/generated-corpus/health_document/0388_3bfa3d0b-d2f5-4236-b967-4a270f65e326_yellow_fever.png","health_document","3","attachment",".png","576399","496","769028","768532"
"artifacts/research-sync/metadata-first-benchmark-1000/generated-corpus/health_document/0393_c0000001-0001-0001-0001-000000000001_medical.png","health_document","3","attachment",".png","473003","486","631163","630677"
"artifacts/research-sync/metadata-first-benchmark-1000/generated-corpus/health_document/0397_3bfa3d0b-d2f5-4236-b967-4a270f65e326_yellow_fever.png","health_document","3","attachment",".png","576399","496","769028","768532"
"artifacts/research-sync/metadata-first-benchmark-1000/generated-corpus/health_document/0408_3bfa3d0b-d2f5-4236-b967-4a270f65e326_yellow_fever.png","health_document","3","attachment",".png","576399","496","769028","768532"
"artifacts/research-sync/metadata-first-benchmark-1000/generated-corpus/health_document/0421_3bfa3d0b-d2f5-4236-b967-4a270f65e326_yellow_fever.png","health_document","3","attachment",".png","576399","496","769028","768532"
"artifacts/research-sync/metadata-first-benchmark-1000/generated-corpus/health_document/0425_3bfa3d0b-d2f5-4236-b967-4a270f65e326_yellow_fever.png","health_document","3","attachment",".png","576399","496","769028","768532"
"artifacts/research-sync/metadata-first-benchmark-1000/generated-corpus/health_document/0443_3bfa3d0b-d2f5-4236-b967-4a270f65e326_yellow_fever.png","health_document","3","attachment",".png","576399","496","769028","768532"
"artifacts/research-sync/metadata-first-benchmark-1000/generated-corpus/health_document/0444_3bfa3d0b-d2f5-4236-b967-4a270f65e326_yellow_fever.png","health_document","3","attachment",".png","576399","496","769028","768532"
"artifacts/research-sync/metadata-first-benchmark-1000/generated-corpus/health_document/0449_3bfa3d0b-d2f5-4236-b967-4a270f65e326_yellow_fever.png","health_document","3","attachment",".png","576399","496","769028","768532"
"artifacts/research-sync/metadata-first-benchmark-1000/generated-corpus/health_document/0451_3bfa3d0b-d2f5-4236-b967-4a270f65e326_yellow_fever.png","health_document","3","attachment",".png","576399","496","769028","768532"
"artifacts/research-sync/metadata-first-benchmark-1000/generated-corpus/health_document/0461_c0000001-0001-0001-0001-000000000001_medical.png","health_document","3","attachment",".png","473003","486","631163","630677"
"artifacts/research-sync/metadata-first-benchmark-1000/generated-corpus/health_document/0468_c0000001-0001-0001-0001-000000000001_medical.png","health_document","3","attachment",".png","473003","486","631163","630677"
"artifacts/research-sync/metadata-first-benchmark-1000/generated-corpus/health_document/0471_3bfa3d0b-d2f5-4236-b967-4a270f65e326_yellow_fever.png","health_document","3","attachment",".png","576399","496","769028","768532"
"artifacts/research-sync/metadata-first-benchmark-1000/generated-corpus/health_document/0472_c0000001-0001-0001-0001-000000000001_medical.png","health_document","3","attachment",".png","473003","486","631163","630677"
"artifacts/research-sync/metadata-first-benchmark-1000/generated-corpus/health_document/0482_3bfa3d0b-d2f5-4236-b967-4a270f65e326_yellow_fever.png","health_document","3","attachment",".png","576399","496","769028","768532"
"artifacts/research-sync/metadata-first-benchmark-1000/generated-corpus/health_document/0494_3bfa3d0b-d2f5-4236-b967-4a270f65e326_yellow_fever.png","health_document","3","attachment",".png","576399","496","769028","768532"
"artifacts/research-sync/metadata-first-benchmark-1000/generated-corpus/health_document/0502_3bfa3d0b-d2f5-4236-b967-4a270f65e326_yellow_fever.png","health_document","3","attachment",".png","576399","496","769028","768532"
"artifacts/research-sync/metadata-first-benchmark-1000/generated-corpus/health_document/0509_3bfa3d0b-d2f5-4236-b967-4a270f65e326_yellow_fever.png","health_document","3","attachment",".png","576399","496","769028","768532"
"artifacts/research-sync/metadata-first-benchmark-1000/generated-corpus/health_document/0512_3bfa3d0b-d2f5-4236-b967-4a270f65e326_yellow_fever.png","health_document","3","attachment",".png","576399","496","769028","768532"
"artifacts/research-sync/metadata-first-benchmark-1000/generated-corpus/health_document/0518_c0000001-0001-0001-0001-000000000001_medical.png","health_document","3","attachment",".png","473003","486","631163","630677"
"artifacts/research-sync/metadata-first-benchmark-1000/generated-corpus/health_document/0527_c0000001-0001-0001-0001-000000000001_medical.png","health_document","3","attachment",".png","473003","486","631163","630677"
"artifacts/research-sync/metadata-first-benchmark-1000/generated-corpus/health_document/0533_c0000001-0001-0001-0001-000000000001_medical.png","health_document","3","attachment",".png","473003","486","631163","630677"
"artifacts/research-sync/metadata-first-benchmark-1000/generated-corpus/health_document/0540_3bfa3d0b-d2f5-4236-b967-4a270f65e326_yellow_fever.png","health_document","3","attachment",".png","576399","496","769028","768532"
"artifacts/research-sync/metadata-first-benchmark-1000/generated-corpus/health_document/0549_c0000001-0001-0001-0001-000000000001_medical.png","health_document","3","attachment",".png","473003","486","631163","630677"
"artifacts/research-sync/metadata-first-benchmark-1000/generated-corpus/health_document/0552_c0000001-0001-0001-0001-000000000001_medical.png","health_document","3","attachment",".png","473003","486","631163","630677"
"artifacts/research-sync/metadata-first-benchmark-1000/generated-corpus/health_document/0553_c0000001-0001-0001-0001-000000000001_medical.png","health_document","3","attachment",".png","473003","486","631163","630677"
"artifacts/research-sync/metadata-first-benchmark-1000/generated-corpus/health_document/0556_c0000001-0001-0001-0001-000000000001_medical.png","health_document","3","attachment",".png","473003","486","631163","630677"
"artifacts/research-sync/metadata-first-benchmark-1000/generated-corpus/health_document/0558_3bfa3d0b-d2f5-4236-b967-4a270f65e326_yellow_fever.png","health_document","3","attachment",".png","576399","496","769028","768532"
"artifacts/research-sync/metadata-first-benchmark-1000/generated-corpus/health_document/0562_3bfa3d0b-d2f5-4236-b967-4a270f65e326_yellow_fever.png","health_document","3","attachment",".png","576399","496","769028","768532"
"artifacts/research-sync/metadata-first-benchmark-1000/generated-corpus/health_document/0564_3bfa3d0b-d2f5-4236-b967-4a270f65e326_yellow_fever.png","health_document","3","attachment",".png","576399","496","769028","768532"
"artifacts/research-sync/metadata-first-benchmark-1000/generated-corpus/health_document/0565_3bfa3d0b-d2f5-4236-b967-4a270f65e326_yellow_fever.png","health_document","3","attachment",".png","576399","496","769028","768532"
"artifacts/research-sync/metadata-first-benchmark-1000/generated-corpus/health_document/0576_3bfa3d0b-d2f5-4236-b967-4a270f65e326_yellow_fever.png","health_document","3","attachment",".png","576399","496","769028","768532"
"artifacts/research-sync/metadata-first-benchmark-1000/generated-corpus/health_document/0580_3bfa3d0b-d2f5-4236-b967-4a270f65e326_yellow_fever.png","health_document","3","attachment",".png","576399","496","769028","768532"
"artifacts/research-sync/metadata-first-benchmark-1000/generated-corpus/health_document/0587_3bfa3d0b-d2f5-4236-b967-4a270f65e326_yellow_fever.png","health_document","3","attachment",".png","576399","496","769028","768532"
"artifacts/research-sync/metadata-first-benchmark-1000/generated-corpus/health_document/0588_3bfa3d0b-d2f5-4236-b967-4a270f65e326_yellow_fever.png","health_document","3","attachment",".png","576399","496","769028","768532"
"artifacts/research-sync/metadata-first-benchmark-1000/generated-corpus/health_document/0593_3bfa3d0b-d2f5-4236-b967-4a270f65e326_yellow_fever.png","health_document","3","attachment",".png","576399","496","769028","768532"
"artifacts/research-sync/metadata-first-benchmark-1000/generated-corpus/health_document/0619_3bfa3d0b-d2f5-4236-b967-4a270f65e326_yellow_fever.png","health_document","3","attachment",".png","576399","496","769028","768532"
"artifacts/research-sync/metadata-first-benchmark-1000/generated-corpus/health_document/0621_c0000001-0001-0001-0001-000000000001_medical.png","health_document","3","attachment",".png","473003","486","631163","630677"
"artifacts/research-sync/metadata-first-benchmark-1000/generated-corpus/health_document/0622_3bfa3d0b-d2f5-4236-b967-4a270f65e326_yellow_fever.png","health_document","3","attachment",".png","576399","496","769028","768532"
"artifacts/research-sync/metadata-first-benchmark-1000/generated-corpus/health_document/0630_3bfa3d0b-d2f5-4236-b967-4a270f65e326_yellow_fever.png","health_document","3","attachment",".png","576399","496","769028","768532"
"artifacts/research-sync/metadata-first-benchmark-1000/generated-corpus/health_document/0633_3bfa3d0b-d2f5-4236-b967-4a270f65e326_yellow_fever.png","health_document","3","attachment",".png","576399","496","769028","768532"
"artifacts/research-sync/metadata-first-benchmark-1000/generated-corpus/health_document/0648_c0000001-0001-0001-0001-000000000001_medical.png","health_document","3","attachment",".png","473003","486","631163","630677"
"artifacts/research-sync/metadata-first-benchmark-1000/generated-corpus/health_document/0653_3bfa3d0b-d2f5-4236-b967-4a270f65e326_yellow_fever.png","health_document","3","attachment",".png","576399","496","769028","768532"
"artifacts/research-sync/metadata-first-benchmark-1000/generated-corpus/health_document/0655_c0000001-0001-0001-0001-000000000001_medical.png","health_document","3","attachment",".png","473003","486","631163","630677"
"artifacts/research-sync/metadata-first-benchmark-1000/generated-corpus/health_document/0665_c0000001-0001-0001-0001-000000000001_medical.png","health_document","3","attachment",".png","473003","486","631163","630677"
"artifacts/research-sync/metadata-first-benchmark-1000/generated-corpus/health_document/0667_3bfa3d0b-d2f5-4236-b967-4a270f65e326_yellow_fever.png","health_document","3","attachment",".png","576399","496","769028","768532"
"artifacts/research-sync/metadata-first-benchmark-1000/generated-corpus/health_document/0684_c0000001-0001-0001-0001-000000000001_medical.png","health_document","3","attachment",".png","473003","486","631163","630677"
"artifacts/research-sync/metadata-first-benchmark-1000/generated-corpus/health_document/0687_3bfa3d0b-d2f5-4236-b967-4a270f65e326_yellow_fever.png","health_document","3","attachment",".png","576399","496","769028","768532"
"artifacts/research-sync/metadata-first-benchmark-1000/generated-corpus/health_document/0688_3bfa3d0b-d2f5-4236-b967-4a270f65e326_yellow_fever.png","health_document","3","attachment",".png","576399","496","769028","768532"
"artifacts/research-sync/metadata-first-benchmark-1000/generated-corpus/health_document/0698_3bfa3d0b-d2f5-4236-b967-4a270f65e326_yellow_fever.png","health_document","3","attachment",".png","576399","496","769028","768532"
"artifacts/research-sync/metadata-first-benchmark-1000/generated-corpus/health_document/0701_c0000001-0001-0001-0001-000000000001_medical.png","health_document","3","attachment",".png","473003","486","631163","630677"
"artifacts/research-sync/metadata-first-benchmark-1000/generated-corpus/health_document/0707_c0000001-0001-0001-0001-000000000001_medical.png","health_document","3","attachment",".png","473003","486","631163","630677"
"artifacts/research-sync/metadata-first-benchmark-1000/generated-corpus/health_document/0714_c0000001-0001-0001-0001-000000000001_medical.png","health_document","3","attachment",".png","473003","486","631163","630677"
"artifacts/research-sync/metadata-first-benchmark-1000/generated-corpus/health_document/0718_c0000001-0001-0001-0001-000000000001_medical.png","health_document","3","attachment",".png","473003","486","631163","630677"
"artifacts/research-sync/metadata-first-benchmark-1000/generated-corpus/health_document/0724_3bfa3d0b-d2f5-4236-b967-4a270f65e326_yellow_fever.png","health_document","3","attachment",".png","576399","496","769028","768532"
"artifacts/research-sync/metadata-first-benchmark-1000/generated-corpus/health_document/0730_3bfa3d0b-d2f5-4236-b967-4a270f65e326_yellow_fever.png","health_document","3","attachment",".png","576399","496","769028","768532"
"artifacts/research-sync/metadata-first-benchmark-1000/generated-corpus/health_document/0746_3bfa3d0b-d2f5-4236-b967-4a270f65e326_yellow_fever.png","health_document","3","attachment",".png","576399","496","769028","768532"
"artifacts/research-sync/metadata-first-benchmark-1000/generated-corpus/health_document/0748_c0000001-0001-0001-0001-000000000001_medical.png","health_document","3","attachment",".png","473003","486","631163","630677"
"artifacts/research-sync/metadata-first-benchmark-1000/generated-corpus/health_document/0750_3bfa3d0b-d2f5-4236-b967-4a270f65e326_yellow_fever.png","health_document","3","attachment",".png","576399","496","769028","768532"
"artifacts/research-sync/metadata-first-benchmark-1000/generated-corpus/health_document/0756_c0000001-0001-0001-0001-000000000001_medical.png","health_document","3","attachment",".png","473003","486","631163","630677"
"artifacts/research-sync/metadata-first-benchmark-1000/generated-corpus/health_document/0763_c0000001-0001-0001-0001-000000000001_medical.png","health_document","3","attachment",".png","473003","486","631163","630677"
"artifacts/research-sync/metadata-first-benchmark-1000/generated-corpus/health_document/0771_3bfa3d0b-d2f5-4236-b967-4a270f65e326_yellow_fever.png","health_document","3","attachment",".png","576399","496","769028","768532"
"artifacts/research-sync/metadata-first-benchmark-1000/generated-corpus/health_document/0775_c0000001-0001-0001-0001-000000000001_medical.png","health_document","3","attachment",".png","473003","486","631163","630677"
"artifacts/research-sync/metadata-first-benchmark-1000/generated-corpus/health_document/0782_3bfa3d0b-d2f5-4236-b967-4a270f65e326_yellow_fever.png","health_document","3","attachment",".png","576399","496","769028","768532"
"artifacts/research-sync/metadata-first-benchmark-1000/generated-corpus/health_document/0786_c0000001-0001-0001-0001-000000000001_medical.png","health_document","3","attachment",".png","473003","486","631163","630677"
"artifacts/research-sync/metadata-first-benchmark-1000/generated-corpus/health_document/0797_c0000001-0001-0001-0001-000000000001_medical.png","health_document","3","attachment",".png","473003","486","631163","630677"
"artifacts/research-sync/metadata-first-benchmark-1000/generated-corpus/health_document/0820_3bfa3d0b-d2f5-4236-b967-4a270f65e326_yellow_fever.png","health_document","3","attachment",".png","576399","496","769028","768532"
"artifacts/research-sync/metadata-first-benchmark-1000/generated-corpus/health_document/0824_3bfa3d0b-d2f5-4236-b967-4a270f65e326_yellow_fever.png","health_document","3","attachment",".png","576399","496","769028","768532"
"artifacts/research-sync/metadata-first-benchmark-1000/generated-corpus/health_document/0826_3bfa3d0b-d2f5-4236-b967-4a270f65e326_yellow_fever.png","health_document","3","attachment",".png","576399","496","769028","768532"
"artifacts/research-sync/metadata-first-benchmark-1000/generated-corpus/health_document/0838_c0000001-0001-0001-0001-000000000001_medical.png","health_document","3","attachment",".png","473003","486","631163","630677"
"artifacts/research-sync/metadata-first-benchmark-1000/generated-corpus/health_document/0849_c0000001-0001-0001-0001-000000000001_medical.png","health_document","3","attachment",".png","473003","486","631163","630677"
"artifacts/research-sync/metadata-first-benchmark-1000/generated-corpus/health_document/0861_3bfa3d0b-d2f5-4236-b967-4a270f65e326_yellow_fever.png","health_document","3","attachment",".png","576399","496","769028","768532"
"artifacts/research-sync/metadata-first-benchmark-1000/generated-corpus/health_document/0863_c0000001-0001-0001-0001-000000000001_medical.png","health_document","3","attachment",".png","473003","486","631163","630677"
"artifacts/research-sync/metadata-first-benchmark-1000/generated-corpus/health_document/0877_c0000001-0001-0001-0001-000000000001_medical.png","health_document","3","attachment",".png","473003","486","631163","630677"
"artifacts/research-sync/metadata-first-benchmark-1000/generated-corpus/health_document/0882_c0000001-0001-0001-0001-000000000001_medical.png","health_document","3","attachment",".png","473003","486","631163","630677"
"artifacts/research-sync/metadata-first-benchmark-1000/generated-corpus/health_document/0884_c0000001-0001-0001-0001-000000000001_medical.png","health_document","3","attachment",".png","473003","486","631163","630677"
"artifacts/research-sync/metadata-first-benchmark-1000/generated-corpus/health_document/0887_3bfa3d0b-d2f5-4236-b967-4a270f65e326_yellow_fever.png","health_document","3","attachment",".png","576399","496","769028","768532"
"artifacts/research-sync/metadata-first-benchmark-1000/generated-corpus/health_document/0895_c0000001-0001-0001-0001-000000000001_medical.png","health_document","3","attachment",".png","473003","486","631163","630677"
"artifacts/research-sync/metadata-first-benchmark-1000/generated-corpus/health_document/0896_c0000001-0001-0001-0001-000000000001_medical.png","health_document","3","attachment",".png","473003","486","631163","630677"
"artifacts/research-sync/metadata-first-benchmark-1000/generated-corpus/health_document/0898_c0000001-0001-0001-0001-000000000001_medical.png","health_document","3","attachment",".png","473003","486","631163","630677"
"artifacts/research-sync/metadata-first-benchmark-1000/generated-corpus/health_document/0904_c0000001-0001-0001-0001-000000000001_medical.png","health_document","3","attachment",".png","473003","486","631163","630677"
"artifacts/research-sync/metadata-first-benchmark-1000/generated-corpus/health_document/0910_3bfa3d0b-d2f5-4236-b967-4a270f65e326_yellow_fever.png","health_document","3","attachment",".png","576399","496","769028","768532"
"artifacts/research-sync/metadata-first-benchmark-1000/generated-corpus/health_document/0912_3bfa3d0b-d2f5-4236-b967-4a270f65e326_yellow_fever.png","health_document","3","attachment",".png","576399","496","769028","768532"
"artifacts/research-sync/metadata-first-benchmark-1000/generated-corpus/health_document/0917_c0000001-0001-0001-0001-000000000001_medical.png","health_document","3","attachment",".png","473003","486","631163","630677"
"artifacts/research-sync/metadata-first-benchmark-1000/generated-corpus/health_document/0925_c0000001-0001-0001-0001-000000000001_medical.png","health_document","3","attachment",".png","473003","486","631163","630677"
"artifacts/research-sync/metadata-first-benchmark-1000/generated-corpus/health_document/0939_3bfa3d0b-d2f5-4236-b967-4a270f65e326_yellow_fever.png","health_document","3","attachment",".png","576399","496","769028","768532"
"artifacts/research-sync/metadata-first-benchmark-1000/generated-corpus/health_document/0942_c0000001-0001-0001-0001-000000000001_medical.png","health_document","3","attachment",".png","473003","486","631163","630677"
"artifacts/research-sync/metadata-first-benchmark-1000/generated-corpus/health_document/0948_c0000001-0001-0001-0001-000000000001_medical.png","health_document","3","attachment",".png","473003","486","631163","630677"
"artifacts/research-sync/metadata-first-benchmark-1000/generated-corpus/health_document/0973_c0000001-0001-0001-0001-000000000001_medical.png","health_document","3","attachment",".png","473003","486","631163","630677"
"artifacts/research-sync/metadata-first-benchmark-1000/generated-corpus/health_document/0984_3bfa3d0b-d2f5-4236-b967-4a270f65e326_yellow_fever.png","health_document","3","attachment",".png","576399","496","769028","768532"
"artifacts/research-sync/metadata-first-benchmark-1000/generated-corpus/health_document/0989_3bfa3d0b-d2f5-4236-b967-4a270f65e326_yellow_fever.png","health_document","3","attachment",".png","576399","496","769028","768532"
"artifacts/research-sync/metadata-first-benchmark-1000/generated-corpus/health_document/0999_3bfa3d0b-d2f5-4236-b967-4a270f65e326_yellow_fever.png","health_document","3","attachment",".png","576399","496","769028","768532"
"artifacts/research-sync/metadata-first-benchmark-1000/generated-corpus/travel_document/0001_c0000001-0001-0001-0001-000000000001_visa.png","travel_document","3","attachment",".png","314715","480","420108","419628"
"artifacts/research-sync/metadata-first-benchmark-1000/generated-corpus/travel_document/0005_3bfa3d0b-d2f5-4236-b967-4a270f65e326_visa.png","travel_document","3","attachment",".png","473003","480","631160","630680"
"artifacts/research-sync/metadata-first-benchmark-1000/generated-corpus/travel_document/0007_c0000001-0001-0001-0001-000000000001_visa_20260225112400811.png","travel_document","3","attachment",".png","288226","516","384810","384294"
"artifacts/research-sync/metadata-first-benchmark-1000/generated-corpus/travel_document/0008_c0000001-0001-0001-0001-000000000003_passport.jpg","travel_document","3","attachment",".jpg","526059","489","701905","701416"
"artifacts/research-sync/metadata-first-benchmark-1000/generated-corpus/travel_document/0014_3bfa3d0b-d2f5-4236-b967-4a270f65e326_visa.png","travel_document","3","attachment",".png","473003","480","631160","630680"
"artifacts/research-sync/metadata-first-benchmark-1000/generated-corpus/travel_document/0017_c0000001-0001-0001-0001-000000000003_passport.jpg","travel_document","3","attachment",".jpg","526059","489","701905","701416"
"artifacts/research-sync/metadata-first-benchmark-1000/generated-corpus/travel_document/0020_c0000001-0001-0001-0001-000000000001_visa_20260225112400811.png","travel_document","3","attachment",".png","288226","516","384810","384294"
"artifacts/research-sync/metadata-first-benchmark-1000/generated-corpus/travel_document/0021_3bfa3d0b-d2f5-4236-b967-4a270f65e326_visa.png","travel_document","3","attachment",".png","473003","480","631160","630680"
"artifacts/research-sync/metadata-first-benchmark-1000/generated-corpus/travel_document/0023_c0000001-0001-0001-0001-000000000003_passport.jpg","travel_document","3","attachment",".jpg","526059","489","701905","701416"
"artifacts/research-sync/metadata-first-benchmark-1000/generated-corpus/travel_document/0027_c0000001-0001-0001-0001-000000000003_passport.jpg","travel_document","3","attachment",".jpg","526059","489","701905","701416"
"artifacts/research-sync/metadata-first-benchmark-1000/generated-corpus/travel_document/0029_c0000001-0001-0001-0001-000000000001_visa.png","travel_document","3","attachment",".png","314715","480","420108","419628"
"artifacts/research-sync/metadata-first-benchmark-1000/generated-corpus/travel_document/0030_3bfa3d0b-d2f5-4236-b967-4a270f65e326_visa.png","travel_document","3","attachment",".png","473003","480","631160","630680"
"artifacts/research-sync/metadata-first-benchmark-1000/generated-corpus/travel_document/0034_c0000001-0001-0001-0001-000000000001_visa_20260225112400811.png","travel_document","3","attachment",".png","288226","516","384810","384294"
"artifacts/research-sync/metadata-first-benchmark-1000/generated-corpus/travel_document/0035_c0000001-0001-0001-0001-000000000003_passport.jpg","travel_document","3","attachment",".jpg","526059","489","701905","701416"
"artifacts/research-sync/metadata-first-benchmark-1000/generated-corpus/travel_document/0036_c0000001-0001-0001-0001-000000000003_passport.jpg","travel_document","3","attachment",".jpg","526059","489","701905","701416"
"artifacts/research-sync/metadata-first-benchmark-1000/generated-corpus/travel_document/0037_3bfa3d0b-d2f5-4236-b967-4a270f65e326_visa.png","travel_document","3","attachment",".png","473003","480","631160","630680"
"artifacts/research-sync/metadata-first-benchmark-1000/generated-corpus/travel_document/0038_c0000001-0001-0001-0001-000000000001_visa_20260225112400811.png","travel_document","3","attachment",".png","288226","516","384810","384294"
"artifacts/research-sync/metadata-first-benchmark-1000/generated-corpus/travel_document/0051_c0000001-0001-0001-0001-000000000001_visa.png","travel_document","3","attachment",".png","314715","480","420108","419628"
"artifacts/research-sync/metadata-first-benchmark-1000/generated-corpus/travel_document/0055_3bfa3d0b-d2f5-4236-b967-4a270f65e326_passport.webp","travel_document","3","attachment",".webp","136104","491","181966","181475"
"artifacts/research-sync/metadata-first-benchmark-1000/generated-corpus/travel_document/0069_c0000001-0001-0001-0001-000000000001_visa.png","travel_document","3","attachment",".png","314715","480","420108","419628"
"artifacts/research-sync/metadata-first-benchmark-1000/generated-corpus/travel_document/0071_c0000001-0001-0001-0001-000000000001_visa.png","travel_document","3","attachment",".png","314715","480","420108","419628"
"artifacts/research-sync/metadata-first-benchmark-1000/generated-corpus/travel_document/0073_c0000001-0001-0001-0001-000000000001_visa_20260225112400811.png","travel_document","3","attachment",".png","288226","516","384810","384294"
"artifacts/research-sync/metadata-first-benchmark-1000/generated-corpus/travel_document/0077_c0000001-0001-0001-0001-000000000001_visa_20260225112400811.png","travel_document","3","attachment",".png","288226","516","384810","384294"
"artifacts/research-sync/metadata-first-benchmark-1000/generated-corpus/travel_document/0085_c0000001-0001-0001-0001-000000000003_passport.jpg","travel_document","3","attachment",".jpg","526059","489","701905","701416"
"artifacts/research-sync/metadata-first-benchmark-1000/generated-corpus/travel_document/0093_c0000001-0001-0001-0001-000000000001_visa.png","travel_document","3","attachment",".png","314715","480","420108","419628"
"artifacts/research-sync/metadata-first-benchmark-1000/generated-corpus/travel_document/0094_c0000001-0001-0001-0001-000000000001_visa_20260225112400811.png","travel_document","3","attachment",".png","288226","516","384810","384294"
"artifacts/research-sync/metadata-first-benchmark-1000/generated-corpus/travel_document/0095_3bfa3d0b-d2f5-4236-b967-4a270f65e326_passport.webp","travel_document","3","attachment",".webp","136104","491","181966","181475"
"artifacts/research-sync/metadata-first-benchmark-1000/generated-corpus/travel_document/0097_c0000001-0001-0001-0001-000000000003_passport.jpg","travel_document","3","attachment",".jpg","526059","489","701905","701416"
"artifacts/research-sync/metadata-first-benchmark-1000/generated-corpus/travel_document/0103_c0000001-0001-0001-0001-000000000001_visa.png","travel_document","3","attachment",".png","314715","480","420108","419628"
"artifacts/research-sync/metadata-first-benchmark-1000/generated-corpus/travel_document/0104_3bfa3d0b-d2f5-4236-b967-4a270f65e326_visa.png","travel_document","3","attachment",".png","473003","480","631160","630680"
"artifacts/research-sync/metadata-first-benchmark-1000/generated-corpus/travel_document/0106_3bfa3d0b-d2f5-4236-b967-4a270f65e326_visa.png","travel_document","3","attachment",".png","473003","480","631160","630680"
"artifacts/research-sync/metadata-first-benchmark-1000/generated-corpus/travel_document/0108_c0000001-0001-0001-0001-000000000001_visa_20260225112400811.png","travel_document","3","attachment",".png","288226","516","384810","384294"
"artifacts/research-sync/metadata-first-benchmark-1000/generated-corpus/travel_document/0109_c0000001-0001-0001-0001-000000000003_passport.jpg","travel_document","3","attachment",".jpg","526059","489","701905","701416"
"artifacts/research-sync/metadata-first-benchmark-1000/generated-corpus/travel_document/0111_3bfa3d0b-d2f5-4236-b967-4a270f65e326_passport.webp","travel_document","3","attachment",".webp","136104","491","181966","181475"
"artifacts/research-sync/metadata-first-benchmark-1000/generated-corpus/travel_document/0115_c0000001-0001-0001-0001-000000000003_passport.jpg","travel_document","3","attachment",".jpg","526059","489","701905","701416"
"artifacts/research-sync/metadata-first-benchmark-1000/generated-corpus/travel_document/0118_3bfa3d0b-d2f5-4236-b967-4a270f65e326_passport.webp","travel_document","3","attachment",".webp","136104","491","181966","181475"
"artifacts/research-sync/metadata-first-benchmark-1000/generated-corpus/travel_document/0128_c0000001-0001-0001-0001-000000000003_passport.jpg","travel_document","3","attachment",".jpg","526059","489","701905","701416"
"artifacts/research-sync/metadata-first-benchmark-1000/generated-corpus/travel_document/0129_3bfa3d0b-d2f5-4236-b967-4a270f65e326_visa.png","travel_document","3","attachment",".png","473003","480","631160","630680"
"artifacts/research-sync/metadata-first-benchmark-1000/generated-corpus/travel_document/0131_3bfa3d0b-d2f5-4236-b967-4a270f65e326_passport.webp","travel_document","3","attachment",".webp","136104","491","181966","181475"
"artifacts/research-sync/metadata-first-benchmark-1000/generated-corpus/travel_document/0132_c0000001-0001-0001-0001-000000000001_visa_20260225112400811.png","travel_document","3","attachment",".png","288226","516","384810","384294"
"artifacts/research-sync/metadata-first-benchmark-1000/generated-corpus/travel_document/0136_3bfa3d0b-d2f5-4236-b967-4a270f65e326_visa.png","travel_document","3","attachment",".png","473003","480","631160","630680"
"artifacts/research-sync/metadata-first-benchmark-1000/generated-corpus/travel_document/0137_3bfa3d0b-d2f5-4236-b967-4a270f65e326_passport.webp","travel_document","3","attachment",".webp","136104","491","181966","181475"
"artifacts/research-sync/metadata-first-benchmark-1000/generated-corpus/travel_document/0138_3bfa3d0b-d2f5-4236-b967-4a270f65e326_passport.webp","travel_document","3","attachment",".webp","136104","491","181966","181475"
"artifacts/research-sync/metadata-first-benchmark-1000/generated-corpus/travel_document/0141_c0000001-0001-0001-0001-000000000001_visa_20260225112400811.png","travel_document","3","attachment",".png","288226","516","384810","384294"
"artifacts/research-sync/metadata-first-benchmark-1000/generated-corpus/travel_document/0145_c0000001-0001-0001-0001-000000000003_passport.jpg","travel_document","3","attachment",".jpg","526059","489","701905","701416"
"artifacts/research-sync/metadata-first-benchmark-1000/generated-corpus/travel_document/0149_c0000001-0001-0001-0001-000000000003_passport.jpg","travel_document","3","attachment",".jpg","526059","489","701905","701416"
"artifacts/research-sync/metadata-first-benchmark-1000/generated-corpus/travel_document/0155_c0000001-0001-0001-0001-000000000001_visa_20260225112400811.png","travel_document","3","attachment",".png","288226","516","384810","384294"
"artifacts/research-sync/metadata-first-benchmark-1000/generated-corpus/travel_document/0159_3bfa3d0b-d2f5-4236-b967-4a270f65e326_passport.webp","travel_document","3","attachment",".webp","136104","491","181966","181475"
"artifacts/research-sync/metadata-first-benchmark-1000/generated-corpus/travel_document/0160_c0000001-0001-0001-0001-000000000001_visa_20260225112400811.png","travel_document","3","attachment",".png","288226","516","384810","384294"
"artifacts/research-sync/metadata-first-benchmark-1000/generated-corpus/travel_document/0164_c0000001-0001-0001-0001-000000000001_visa.png","travel_document","3","attachment",".png","314715","480","420108","419628"
"artifacts/research-sync/metadata-first-benchmark-1000/generated-corpus/travel_document/0166_3bfa3d0b-d2f5-4236-b967-4a270f65e326_visa.png","travel_document","3","attachment",".png","473003","480","631160","630680"
"artifacts/research-sync/metadata-first-benchmark-1000/generated-corpus/travel_document/0167_3bfa3d0b-d2f5-4236-b967-4a270f65e326_visa.png","travel_document","3","attachment",".png","473003","480","631160","630680"
"artifacts/research-sync/metadata-first-benchmark-1000/generated-corpus/travel_document/0168_3bfa3d0b-d2f5-4236-b967-4a270f65e326_passport.webp","travel_document","3","attachment",".webp","136104","491","181966","181475"
"artifacts/research-sync/metadata-first-benchmark-1000/generated-corpus/travel_document/0176_c0000001-0001-0001-0001-000000000001_visa.png","travel_document","3","attachment",".png","314715","480","420108","419628"
"artifacts/research-sync/metadata-first-benchmark-1000/generated-corpus/travel_document/0180_3bfa3d0b-d2f5-4236-b967-4a270f65e326_visa.png","travel_document","3","attachment",".png","473003","480","631160","630680"
"artifacts/research-sync/metadata-first-benchmark-1000/generated-corpus/travel_document/0182_c0000001-0001-0001-0001-000000000003_passport.jpg","travel_document","3","attachment",".jpg","526059","489","701905","701416"
"artifacts/research-sync/metadata-first-benchmark-1000/generated-corpus/travel_document/0183_c0000001-0001-0001-0001-000000000003_passport.jpg","travel_document","3","attachment",".jpg","526059","489","701905","701416"
"artifacts/research-sync/metadata-first-benchmark-1000/generated-corpus/travel_document/0193_c0000001-0001-0001-0001-000000000003_passport.jpg","travel_document","3","attachment",".jpg","526059","489","701905","701416"
"artifacts/research-sync/metadata-first-benchmark-1000/generated-corpus/travel_document/0195_c0000001-0001-0001-0001-000000000001_visa_20260225112400811.png","travel_document","3","attachment",".png","288226","516","384810","384294"
"artifacts/research-sync/metadata-first-benchmark-1000/generated-corpus/travel_document/0199_c0000001-0001-0001-0001-000000000001_visa.png","travel_document","3","attachment",".png","314715","480","420108","419628"
"artifacts/research-sync/metadata-first-benchmark-1000/generated-corpus/travel_document/0201_3bfa3d0b-d2f5-4236-b967-4a270f65e326_passport.webp","travel_document","3","attachment",".webp","136104","491","181966","181475"
"artifacts/research-sync/metadata-first-benchmark-1000/generated-corpus/travel_document/0204_3bfa3d0b-d2f5-4236-b967-4a270f65e326_visa.png","travel_document","3","attachment",".png","473003","480","631160","630680"
"artifacts/research-sync/metadata-first-benchmark-1000/generated-corpus/travel_document/0205_c0000001-0001-0001-0001-000000000001_visa_20260225112400811.png","travel_document","3","attachment",".png","288226","516","384810","384294"
"artifacts/research-sync/metadata-first-benchmark-1000/generated-corpus/travel_document/0207_3bfa3d0b-d2f5-4236-b967-4a270f65e326_visa.png","travel_document","3","attachment",".png","473003","480","631160","630680"
"artifacts/research-sync/metadata-first-benchmark-1000/generated-corpus/travel_document/0209_c0000001-0001-0001-0001-000000000003_passport.jpg","travel_document","3","attachment",".jpg","526059","489","701905","701416"
"artifacts/research-sync/metadata-first-benchmark-1000/generated-corpus/travel_document/0214_c0000001-0001-0001-0001-000000000003_passport.jpg","travel_document","3","attachment",".jpg","526059","489","701905","701416"
"artifacts/research-sync/metadata-first-benchmark-1000/generated-corpus/travel_document/0218_c0000001-0001-0001-0001-000000000003_passport.jpg","travel_document","3","attachment",".jpg","526059","489","701905","701416"
"artifacts/research-sync/metadata-first-benchmark-1000/generated-corpus/travel_document/0219_3bfa3d0b-d2f5-4236-b967-4a270f65e326_passport.webp","travel_document","3","attachment",".webp","136104","491","181966","181475"
"artifacts/research-sync/metadata-first-benchmark-1000/generated-corpus/travel_document/0225_c0000001-0001-0001-0001-000000000001_visa.png","travel_document","3","attachment",".png","314715","480","420108","419628"
"artifacts/research-sync/metadata-first-benchmark-1000/generated-corpus/travel_document/0230_3bfa3d0b-d2f5-4236-b967-4a270f65e326_passport.webp","travel_document","3","attachment",".webp","136104","491","181966","181475"
"artifacts/research-sync/metadata-first-benchmark-1000/generated-corpus/travel_document/0231_3bfa3d0b-d2f5-4236-b967-4a270f65e326_passport.webp","travel_document","3","attachment",".webp","136104","491","181966","181475"
"artifacts/research-sync/metadata-first-benchmark-1000/generated-corpus/travel_document/0232_c0000001-0001-0001-0001-000000000001_visa_20260225112400811.png","travel_document","3","attachment",".png","288226","516","384810","384294"
"artifacts/research-sync/metadata-first-benchmark-1000/generated-corpus/travel_document/0236_c0000001-0001-0001-0001-000000000001_visa_20260225112400811.png","travel_document","3","attachment",".png","288226","516","384810","384294"
"artifacts/research-sync/metadata-first-benchmark-1000/generated-corpus/travel_document/0237_c0000001-0001-0001-0001-000000000001_visa_20260225112400811.png","travel_document","3","attachment",".png","288226","516","384810","384294"
"artifacts/research-sync/metadata-first-benchmark-1000/generated-corpus/travel_document/0240_3bfa3d0b-d2f5-4236-b967-4a270f65e326_passport.webp","travel_document","3","attachment",".webp","136104","491","181966","181475"
"artifacts/research-sync/metadata-first-benchmark-1000/generated-corpus/travel_document/0241_3bfa3d0b-d2f5-4236-b967-4a270f65e326_passport.webp","travel_document","3","attachment",".webp","136104","491","181966","181475"
"artifacts/research-sync/metadata-first-benchmark-1000/generated-corpus/travel_document/0247_c0000001-0001-0001-0001-000000000001_visa_20260225112400811.png","travel_document","3","attachment",".png","288226","516","384810","384294"
"artifacts/research-sync/metadata-first-benchmark-1000/generated-corpus/travel_document/0249_3bfa3d0b-d2f5-4236-b967-4a270f65e326_visa.png","travel_document","3","attachment",".png","473003","480","631160","630680"
"artifacts/research-sync/metadata-first-benchmark-1000/generated-corpus/travel_document/0253_3bfa3d0b-d2f5-4236-b967-4a270f65e326_passport.webp","travel_document","3","attachment",".webp","136104","491","181966","181475"
"artifacts/research-sync/metadata-first-benchmark-1000/generated-corpus/travel_document/0254_c0000001-0001-0001-0001-000000000001_visa.png","travel_document","3","attachment",".png","314715","480","420108","419628"
"artifacts/research-sync/metadata-first-benchmark-1000/generated-corpus/travel_document/0255_c0000001-0001-0001-0001-000000000001_visa.png","travel_document","3","attachment",".png","314715","480","420108","419628"
"artifacts/research-sync/metadata-first-benchmark-1000/generated-corpus/travel_document/0258_c0000001-0001-0001-0001-000000000003_passport.jpg","travel_document","3","attachment",".jpg","526059","489","701905","701416"
"artifacts/research-sync/metadata-first-benchmark-1000/generated-corpus/travel_document/0259_c0000001-0001-0001-0001-000000000003_passport.jpg","travel_document","3","attachment",".jpg","526059","489","701905","701416"
"artifacts/research-sync/metadata-first-benchmark-1000/generated-corpus/travel_document/0263_c0000001-0001-0001-0001-000000000001_visa.png","travel_document","3","attachment",".png","314715","480","420108","419628"
"artifacts/research-sync/metadata-first-benchmark-1000/generated-corpus/travel_document/0267_c0000001-0001-0001-0001-000000000001_visa_20260225112400811.png","travel_document","3","attachment",".png","288226","516","384810","384294"
"artifacts/research-sync/metadata-first-benchmark-1000/generated-corpus/travel_document/0269_c0000001-0001-0001-0001-000000000001_visa_20260225112400811.png","travel_document","3","attachment",".png","288226","516","384810","384294"
"artifacts/research-sync/metadata-first-benchmark-1000/generated-corpus/travel_document/0270_3bfa3d0b-d2f5-4236-b967-4a270f65e326_passport.webp","travel_document","3","attachment",".webp","136104","491","181966","181475"
"artifacts/research-sync/metadata-first-benchmark-1000/generated-corpus/travel_document/0273_3bfa3d0b-d2f5-4236-b967-4a270f65e326_visa.png","travel_document","3","attachment",".png","473003","480","631160","630680"
"artifacts/research-sync/metadata-first-benchmark-1000/generated-corpus/travel_document/0278_3bfa3d0b-d2f5-4236-b967-4a270f65e326_passport.webp","travel_document","3","attachment",".webp","136104","491","181966","181475"
"artifacts/research-sync/metadata-first-benchmark-1000/generated-corpus/travel_document/0283_3bfa3d0b-d2f5-4236-b967-4a270f65e326_passport.webp","travel_document","3","attachment",".webp","136104","491","181966","181475"
"artifacts/research-sync/metadata-first-benchmark-1000/generated-corpus/travel_document/0290_c0000001-0001-0001-0001-000000000001_visa_20260225112400811.png","travel_document","3","attachment",".png","288226","516","384810","384294"
"artifacts/research-sync/metadata-first-benchmark-1000/generated-corpus/travel_document/0292_c0000001-0001-0001-0001-000000000003_passport.jpg","travel_document","3","attachment",".jpg","526059","489","701905","701416"
"artifacts/research-sync/metadata-first-benchmark-1000/generated-corpus/travel_document/0294_c0000001-0001-0001-0001-000000000001_visa_20260225112400811.png","travel_document","3","attachment",".png","288226","516","384810","384294"
"artifacts/research-sync/metadata-first-benchmark-1000/generated-corpus/travel_document/0295_3bfa3d0b-d2f5-4236-b967-4a270f65e326_passport.webp","travel_document","3","attachment",".webp","136104","491","181966","181475"
"artifacts/research-sync/metadata-first-benchmark-1000/generated-corpus/travel_document/0298_c0000001-0001-0001-0001-000000000003_passport.jpg","travel_document","3","attachment",".jpg","526059","489","701905","701416"
"artifacts/research-sync/metadata-first-benchmark-1000/generated-corpus/travel_document/0300_c0000001-0001-0001-0001-000000000003_passport.jpg","travel_document","3","attachment",".jpg","526059","489","701905","701416"
"artifacts/research-sync/metadata-first-benchmark-1000/generated-corpus/travel_document/0302_c0000001-0001-0001-0001-000000000001_visa.png","travel_document","3","attachment",".png","314715","480","420108","419628"
"artifacts/research-sync/metadata-first-benchmark-1000/generated-corpus/travel_document/0305_c0000001-0001-0001-0001-000000000001_visa.png","travel_document","3","attachment",".png","314715","480","420108","419628"
"artifacts/research-sync/metadata-first-benchmark-1000/generated-corpus/travel_document/0308_3bfa3d0b-d2f5-4236-b967-4a270f65e326_passport.webp","travel_document","3","attachment",".webp","136104","491","181966","181475"
"artifacts/research-sync/metadata-first-benchmark-1000/generated-corpus/travel_document/0310_3bfa3d0b-d2f5-4236-b967-4a270f65e326_passport.webp","travel_document","3","attachment",".webp","136104","491","181966","181475"
"artifacts/research-sync/metadata-first-benchmark-1000/generated-corpus/travel_document/0311_c0000001-0001-0001-0001-000000000003_passport.jpg","travel_document","3","attachment",".jpg","526059","489","701905","701416"
"artifacts/research-sync/metadata-first-benchmark-1000/generated-corpus/travel_document/0312_c0000001-0001-0001-0001-000000000001_visa_20260225112400811.png","travel_document","3","attachment",".png","288226","516","384810","384294"
"artifacts/research-sync/metadata-first-benchmark-1000/generated-corpus/travel_document/0313_c0000001-0001-0001-0001-000000000001_visa_20260225112400811.png","travel_document","3","attachment",".png","288226","516","384810","384294"
"artifacts/research-sync/metadata-first-benchmark-1000/generated-corpus/travel_document/0315_c0000001-0001-0001-0001-000000000003_passport.jpg","travel_document","3","attachment",".jpg","526059","489","701905","701416"
"artifacts/research-sync/metadata-first-benchmark-1000/generated-corpus/travel_document/0317_c0000001-0001-0001-0001-000000000001_visa.png","travel_document","3","attachment",".png","314715","480","420108","419628"
"artifacts/research-sync/metadata-first-benchmark-1000/generated-corpus/travel_document/0318_3bfa3d0b-d2f5-4236-b967-4a270f65e326_visa.png","travel_document","3","attachment",".png","473003","480","631160","630680"
"artifacts/research-sync/metadata-first-benchmark-1000/generated-corpus/travel_document/0319_c0000001-0001-0001-0001-000000000001_visa_20260225112400811.png","travel_document","3","attachment",".png","288226","516","384810","384294"
"artifacts/research-sync/metadata-first-benchmark-1000/generated-corpus/travel_document/0321_c0000001-0001-0001-0001-000000000003_passport.jpg","travel_document","3","attachment",".jpg","526059","489","701905","701416"
"artifacts/research-sync/metadata-first-benchmark-1000/generated-corpus/travel_document/0323_3bfa3d0b-d2f5-4236-b967-4a270f65e326_visa.png","travel_document","3","attachment",".png","473003","480","631160","630680"
"artifacts/research-sync/metadata-first-benchmark-1000/generated-corpus/travel_document/0324_c0000001-0001-0001-0001-000000000003_passport.jpg","travel_document","3","attachment",".jpg","526059","489","701905","701416"
"artifacts/research-sync/metadata-first-benchmark-1000/generated-corpus/travel_document/0326_3bfa3d0b-d2f5-4236-b967-4a270f65e326_passport.webp","travel_document","3","attachment",".webp","136104","491","181966","181475"
"artifacts/research-sync/metadata-first-benchmark-1000/generated-corpus/travel_document/0327_c0000001-0001-0001-0001-000000000001_visa_20260225112400811.png","travel_document","3","attachment",".png","288226","516","384810","384294"
"artifacts/research-sync/metadata-first-benchmark-1000/generated-corpus/travel_document/0328_c0000001-0001-0001-0001-000000000001_visa.png","travel_document","3","attachment",".png","314715","480","420108","419628"
"artifacts/research-sync/metadata-first-benchmark-1000/generated-corpus/travel_document/0331_c0000001-0001-0001-0001-000000000001_visa.png","travel_document","3","attachment",".png","314715","480","420108","419628"
"artifacts/research-sync/metadata-first-benchmark-1000/generated-corpus/travel_document/0336_3bfa3d0b-d2f5-4236-b967-4a270f65e326_visa.png","travel_document","3","attachment",".png","473003","480","631160","630680"
"artifacts/research-sync/metadata-first-benchmark-1000/generated-corpus/travel_document/0341_c0000001-0001-0001-0001-000000000003_passport.jpg","travel_document","3","attachment",".jpg","526059","489","701905","701416"
"artifacts/research-sync/metadata-first-benchmark-1000/generated-corpus/travel_document/0342_3bfa3d0b-d2f5-4236-b967-4a270f65e326_passport.webp","travel_document","3","attachment",".webp","136104","491","181966","181475"
"artifacts/research-sync/metadata-first-benchmark-1000/generated-corpus/travel_document/0344_3bfa3d0b-d2f5-4236-b967-4a270f65e326_visa.png","travel_document","3","attachment",".png","473003","480","631160","630680"
"artifacts/research-sync/metadata-first-benchmark-1000/generated-corpus/travel_document/0345_c0000001-0001-0001-0001-000000000003_passport.jpg","travel_document","3","attachment",".jpg","526059","489","701905","701416"
"artifacts/research-sync/metadata-first-benchmark-1000/generated-corpus/travel_document/0348_c0000001-0001-0001-0001-000000000001_visa.png","travel_document","3","attachment",".png","314715","480","420108","419628"
"artifacts/research-sync/metadata-first-benchmark-1000/generated-corpus/travel_document/0349_c0000001-0001-0001-0001-000000000001_visa_20260225112400811.png","travel_document","3","attachment",".png","288226","516","384810","384294"
"artifacts/research-sync/metadata-first-benchmark-1000/generated-corpus/travel_document/0352_3bfa3d0b-d2f5-4236-b967-4a270f65e326_visa.png","travel_document","3","attachment",".png","473003","480","631160","630680"
"artifacts/research-sync/metadata-first-benchmark-1000/generated-corpus/travel_document/0355_c0000001-0001-0001-0001-000000000003_passport.jpg","travel_document","3","attachment",".jpg","526059","489","701905","701416"
"artifacts/research-sync/metadata-first-benchmark-1000/generated-corpus/travel_document/0359_c0000001-0001-0001-0001-000000000003_passport.jpg","travel_document","3","attachment",".jpg","526059","489","701905","701416"
"artifacts/research-sync/metadata-first-benchmark-1000/generated-corpus/travel_document/0362_3bfa3d0b-d2f5-4236-b967-4a270f65e326_visa.png","travel_document","3","attachment",".png","473003","480","631160","630680"
"artifacts/research-sync/metadata-first-benchmark-1000/generated-corpus/travel_document/0365_c0000001-0001-0001-0001-000000000001_visa.png","travel_document","3","attachment",".png","314715","480","420108","419628"
"artifacts/research-sync/metadata-first-benchmark-1000/generated-corpus/travel_document/0366_3bfa3d0b-d2f5-4236-b967-4a270f65e326_passport.webp","travel_document","3","attachment",".webp","136104","491","181966","181475"
"artifacts/research-sync/metadata-first-benchmark-1000/generated-corpus/travel_document/0368_c0000001-0001-0001-0001-000000000001_visa.png","travel_document","3","attachment",".png","314715","480","420108","419628"
"artifacts/research-sync/metadata-first-benchmark-1000/generated-corpus/travel_document/0374_3bfa3d0b-d2f5-4236-b967-4a270f65e326_visa.png","travel_document","3","attachment",".png","473003","480","631160","630680"
"artifacts/research-sync/metadata-first-benchmark-1000/generated-corpus/travel_document/0379_c0000001-0001-0001-0001-000000000003_passport.jpg","travel_document","3","attachment",".jpg","526059","489","701905","701416"
"artifacts/research-sync/metadata-first-benchmark-1000/generated-corpus/travel_document/0380_3bfa3d0b-d2f5-4236-b967-4a270f65e326_passport.webp","travel_document","3","attachment",".webp","136104","491","181966","181475"
"artifacts/research-sync/metadata-first-benchmark-1000/generated-corpus/travel_document/0383_c0000001-0001-0001-0001-000000000003_passport.jpg","travel_document","3","attachment",".jpg","526059","489","701905","701416"
"artifacts/research-sync/metadata-first-benchmark-1000/generated-corpus/travel_document/0390_c0000001-0001-0001-0001-000000000001_visa_20260225112400811.png","travel_document","3","attachment",".png","288226","516","384810","384294"
"artifacts/research-sync/metadata-first-benchmark-1000/generated-corpus/travel_document/0391_3bfa3d0b-d2f5-4236-b967-4a270f65e326_visa.png","travel_document","3","attachment",".png","473003","480","631160","630680"
"artifacts/research-sync/metadata-first-benchmark-1000/generated-corpus/travel_document/0395_c0000001-0001-0001-0001-000000000001_visa_20260225112400811.png","travel_document","3","attachment",".png","288226","516","384810","384294"
"artifacts/research-sync/metadata-first-benchmark-1000/generated-corpus/travel_document/0398_c0000001-0001-0001-0001-000000000001_visa_20260225112400811.png","travel_document","3","attachment",".png","288226","516","384810","384294"
"artifacts/research-sync/metadata-first-benchmark-1000/generated-corpus/travel_document/0399_c0000001-0001-0001-0001-000000000003_passport.jpg","travel_document","3","attachment",".jpg","526059","489","701905","701416"
"artifacts/research-sync/metadata-first-benchmark-1000/generated-corpus/travel_document/0404_3bfa3d0b-d2f5-4236-b967-4a270f65e326_visa.png","travel_document","3","attachment",".png","473003","480","631160","630680"
"artifacts/research-sync/metadata-first-benchmark-1000/generated-corpus/travel_document/0405_c0000001-0001-0001-0001-000000000003_passport.jpg","travel_document","3","attachment",".jpg","526059","489","701905","701416"
"artifacts/research-sync/metadata-first-benchmark-1000/generated-corpus/travel_document/0409_c0000001-0001-0001-0001-000000000003_passport.jpg","travel_document","3","attachment",".jpg","526059","489","701905","701416"
"artifacts/research-sync/metadata-first-benchmark-1000/generated-corpus/travel_document/0410_3bfa3d0b-d2f5-4236-b967-4a270f65e326_passport.webp","travel_document","3","attachment",".webp","136104","491","181966","181475"
"artifacts/research-sync/metadata-first-benchmark-1000/generated-corpus/travel_document/0415_3bfa3d0b-d2f5-4236-b967-4a270f65e326_passport.webp","travel_document","3","attachment",".webp","136104","491","181966","181475"
"artifacts/research-sync/metadata-first-benchmark-1000/generated-corpus/travel_document/0417_c0000001-0001-0001-0001-000000000001_visa.png","travel_document","3","attachment",".png","314715","480","420108","419628"
"artifacts/research-sync/metadata-first-benchmark-1000/generated-corpus/travel_document/0418_c0000001-0001-0001-0001-000000000001_visa.png","travel_document","3","attachment",".png","314715","480","420108","419628"
"artifacts/research-sync/metadata-first-benchmark-1000/generated-corpus/travel_document/0419_3bfa3d0b-d2f5-4236-b967-4a270f65e326_visa.png","travel_document","3","attachment",".png","473003","480","631160","630680"
"artifacts/research-sync/metadata-first-benchmark-1000/generated-corpus/travel_document/0420_3bfa3d0b-d2f5-4236-b967-4a270f65e326_visa.png","travel_document","3","attachment",".png","473003","480","631160","630680"
"artifacts/research-sync/metadata-first-benchmark-1000/generated-corpus/travel_document/0422_c0000001-0001-0001-0001-000000000001_visa_20260225112400811.png","travel_document","3","attachment",".png","288226","516","384810","384294"
"artifacts/research-sync/metadata-first-benchmark-1000/generated-corpus/travel_document/0423_3bfa3d0b-d2f5-4236-b967-4a270f65e326_passport.webp","travel_document","3","attachment",".webp","136104","491","181966","181475"
"artifacts/research-sync/metadata-first-benchmark-1000/generated-corpus/travel_document/0424_3bfa3d0b-d2f5-4236-b967-4a270f65e326_passport.webp","travel_document","3","attachment",".webp","136104","491","181966","181475"
"artifacts/research-sync/metadata-first-benchmark-1000/generated-corpus/travel_document/0426_c0000001-0001-0001-0001-000000000003_passport.jpg","travel_document","3","attachment",".jpg","526059","489","701905","701416"
"artifacts/research-sync/metadata-first-benchmark-1000/generated-corpus/travel_document/0427_3bfa3d0b-d2f5-4236-b967-4a270f65e326_visa.png","travel_document","3","attachment",".png","473003","480","631160","630680"
"artifacts/research-sync/metadata-first-benchmark-1000/generated-corpus/travel_document/0429_c0000001-0001-0001-0001-000000000001_visa.png","travel_document","3","attachment",".png","314715","480","420108","419628"
"artifacts/research-sync/metadata-first-benchmark-1000/generated-corpus/travel_document/0430_c0000001-0001-0001-0001-000000000001_visa_20260225112400811.png","travel_document","3","attachment",".png","288226","516","384810","384294"
"artifacts/research-sync/metadata-first-benchmark-1000/generated-corpus/travel_document/0431_c0000001-0001-0001-0001-000000000001_visa_20260225112400811.png","travel_document","3","attachment",".png","288226","516","384810","384294"
"artifacts/research-sync/metadata-first-benchmark-1000/generated-corpus/travel_document/0434_3bfa3d0b-d2f5-4236-b967-4a270f65e326_visa.png","travel_document","3","attachment",".png","473003","480","631160","630680"
"artifacts/research-sync/metadata-first-benchmark-1000/generated-corpus/travel_document/0437_c0000001-0001-0001-0001-000000000001_visa.png","travel_document","3","attachment",".png","314715","480","420108","419628"
"artifacts/research-sync/metadata-first-benchmark-1000/generated-corpus/travel_document/0441_c0000001-0001-0001-0001-000000000001_visa.png","travel_document","3","attachment",".png","314715","480","420108","419628"
"artifacts/research-sync/metadata-first-benchmark-1000/generated-corpus/travel_document/0442_3bfa3d0b-d2f5-4236-b967-4a270f65e326_visa.png","travel_document","3","attachment",".png","473003","480","631160","630680"
"artifacts/research-sync/metadata-first-benchmark-1000/generated-corpus/travel_document/0445_c0000001-0001-0001-0001-000000000001_visa.png","travel_document","3","attachment",".png","314715","480","420108","419628"
"artifacts/research-sync/metadata-first-benchmark-1000/generated-corpus/travel_document/0446_3bfa3d0b-d2f5-4236-b967-4a270f65e326_passport.webp","travel_document","3","attachment",".webp","136104","491","181966","181475"
"artifacts/research-sync/metadata-first-benchmark-1000/generated-corpus/travel_document/0447_c0000001-0001-0001-0001-000000000003_passport.jpg","travel_document","3","attachment",".jpg","526059","489","701905","701416"
"artifacts/research-sync/metadata-first-benchmark-1000/generated-corpus/travel_document/0450_3bfa3d0b-d2f5-4236-b967-4a270f65e326_passport.webp","travel_document","3","attachment",".webp","136104","491","181966","181475"
"artifacts/research-sync/metadata-first-benchmark-1000/generated-corpus/travel_document/0452_3bfa3d0b-d2f5-4236-b967-4a270f65e326_visa.png","travel_document","3","attachment",".png","473003","480","631160","630680"
"artifacts/research-sync/metadata-first-benchmark-1000/generated-corpus/travel_document/0455_c0000001-0001-0001-0001-000000000001_visa.png","travel_document","3","attachment",".png","314715","480","420108","419628"
"artifacts/research-sync/metadata-first-benchmark-1000/generated-corpus/travel_document/0457_3bfa3d0b-d2f5-4236-b967-4a270f65e326_passport.webp","travel_document","3","attachment",".webp","136104","491","181966","181475"
"artifacts/research-sync/metadata-first-benchmark-1000/generated-corpus/travel_document/0458_3bfa3d0b-d2f5-4236-b967-4a270f65e326_visa.png","travel_document","3","attachment",".png","473003","480","631160","630680"
"artifacts/research-sync/metadata-first-benchmark-1000/generated-corpus/travel_document/0460_c0000001-0001-0001-0001-000000000003_passport.jpg","travel_document","3","attachment",".jpg","526059","489","701905","701416"
"artifacts/research-sync/metadata-first-benchmark-1000/generated-corpus/travel_document/0462_c0000001-0001-0001-0001-000000000003_passport.jpg","travel_document","3","attachment",".jpg","526059","489","701905","701416"
"artifacts/research-sync/metadata-first-benchmark-1000/generated-corpus/travel_document/0463_3bfa3d0b-d2f5-4236-b967-4a270f65e326_passport.webp","travel_document","3","attachment",".webp","136104","491","181966","181475"
"artifacts/research-sync/metadata-first-benchmark-1000/generated-corpus/travel_document/0465_c0000001-0001-0001-0001-000000000001_visa.png","travel_document","3","attachment",".png","314715","480","420108","419628"
"artifacts/research-sync/metadata-first-benchmark-1000/generated-corpus/travel_document/0466_c0000001-0001-0001-0001-000000000001_visa_20260225112400811.png","travel_document","3","attachment",".png","288226","516","384810","384294"
"artifacts/research-sync/metadata-first-benchmark-1000/generated-corpus/travel_document/0467_c0000001-0001-0001-0001-000000000003_passport.jpg","travel_document","3","attachment",".jpg","526059","489","701905","701416"
"artifacts/research-sync/metadata-first-benchmark-1000/generated-corpus/travel_document/0469_c0000001-0001-0001-0001-000000000001_visa_20260225112400811.png","travel_document","3","attachment",".png","288226","516","384810","384294"
"artifacts/research-sync/metadata-first-benchmark-1000/generated-corpus/travel_document/0475_c0000001-0001-0001-0001-000000000001_visa_20260225112400811.png","travel_document","3","attachment",".png","288226","516","384810","384294"
"artifacts/research-sync/metadata-first-benchmark-1000/generated-corpus/travel_document/0476_3bfa3d0b-d2f5-4236-b967-4a270f65e326_visa.png","travel_document","3","attachment",".png","473003","480","631160","630680"
"artifacts/research-sync/metadata-first-benchmark-1000/generated-corpus/travel_document/0479_c0000001-0001-0001-0001-000000000001_visa_20260225112400811.png","travel_document","3","attachment",".png","288226","516","384810","384294"
"artifacts/research-sync/metadata-first-benchmark-1000/generated-corpus/travel_document/0480_c0000001-0001-0001-0001-000000000001_visa.png","travel_document","3","attachment",".png","314715","480","420108","419628"
"artifacts/research-sync/metadata-first-benchmark-1000/generated-corpus/travel_document/0483_c0000001-0001-0001-0001-000000000001_visa_20260225112400811.png","travel_document","3","attachment",".png","288226","516","384810","384294"
"artifacts/research-sync/metadata-first-benchmark-1000/generated-corpus/travel_document/0488_c0000001-0001-0001-0001-000000000001_visa.png","travel_document","3","attachment",".png","314715","480","420108","419628"
"artifacts/research-sync/metadata-first-benchmark-1000/generated-corpus/travel_document/0489_c0000001-0001-0001-0001-000000000001_visa_20260225112400811.png","travel_document","3","attachment",".png","288226","516","384810","384294"
"artifacts/research-sync/metadata-first-benchmark-1000/generated-corpus/travel_document/0491_3bfa3d0b-d2f5-4236-b967-4a270f65e326_passport.webp","travel_document","3","attachment",".webp","136104","491","181966","181475"
"artifacts/research-sync/metadata-first-benchmark-1000/generated-corpus/travel_document/0493_c0000001-0001-0001-0001-000000000003_passport.jpg","travel_document","3","attachment",".jpg","526059","489","701905","701416"
"artifacts/research-sync/metadata-first-benchmark-1000/generated-corpus/travel_document/0495_c0000001-0001-0001-0001-000000000001_visa.png","travel_document","3","attachment",".png","314715","480","420108","419628"
"artifacts/research-sync/metadata-first-benchmark-1000/generated-corpus/travel_document/0496_c0000001-0001-0001-0001-000000000001_visa_20260225112400811.png","travel_document","3","attachment",".png","288226","516","384810","384294"
"artifacts/research-sync/metadata-first-benchmark-1000/generated-corpus/travel_document/0499_3bfa3d0b-d2f5-4236-b967-4a270f65e326_visa.png","travel_document","3","attachment",".png","473003","480","631160","630680"
"artifacts/research-sync/metadata-first-benchmark-1000/generated-corpus/travel_document/0500_c0000001-0001-0001-0001-000000000001_visa_20260225112400811.png","travel_document","3","attachment",".png","288226","516","384810","384294"
"artifacts/research-sync/metadata-first-benchmark-1000/generated-corpus/travel_document/0501_3bfa3d0b-d2f5-4236-b967-4a270f65e326_visa.png","travel_document","3","attachment",".png","473003","480","631160","630680"
"artifacts/research-sync/metadata-first-benchmark-1000/generated-corpus/travel_document/0506_c0000001-0001-0001-0001-000000000001_visa_20260225112400811.png","travel_document","3","attachment",".png","288226","516","384810","384294"
"artifacts/research-sync/metadata-first-benchmark-1000/generated-corpus/travel_document/0508_3bfa3d0b-d2f5-4236-b967-4a270f65e326_visa.png","travel_document","3","attachment",".png","473003","480","631160","630680"
"artifacts/research-sync/metadata-first-benchmark-1000/generated-corpus/travel_document/0511_c0000001-0001-0001-0001-000000000003_passport.jpg","travel_document","3","attachment",".jpg","526059","489","701905","701416"
"artifacts/research-sync/metadata-first-benchmark-1000/generated-corpus/travel_document/0513_c0000001-0001-0001-0001-000000000001_visa_20260225112400811.png","travel_document","3","attachment",".png","288226","516","384810","384294"
"artifacts/research-sync/metadata-first-benchmark-1000/generated-corpus/travel_document/0515_c0000001-0001-0001-0001-000000000001_visa_20260225112400811.png","travel_document","3","attachment",".png","288226","516","384810","384294"
"artifacts/research-sync/metadata-first-benchmark-1000/generated-corpus/travel_document/0519_c0000001-0001-0001-0001-000000000001_visa.png","travel_document","3","attachment",".png","314715","480","420108","419628"
"artifacts/research-sync/metadata-first-benchmark-1000/generated-corpus/travel_document/0520_3bfa3d0b-d2f5-4236-b967-4a270f65e326_passport.webp","travel_document","3","attachment",".webp","136104","491","181966","181475"
"artifacts/research-sync/metadata-first-benchmark-1000/generated-corpus/travel_document/0521_c0000001-0001-0001-0001-000000000001_visa.png","travel_document","3","attachment",".png","314715","480","420108","419628"
"artifacts/research-sync/metadata-first-benchmark-1000/generated-corpus/travel_document/0523_3bfa3d0b-d2f5-4236-b967-4a270f65e326_passport.webp","travel_document","3","attachment",".webp","136104","491","181966","181475"
"artifacts/research-sync/metadata-first-benchmark-1000/generated-corpus/travel_document/0524_c0000001-0001-0001-0001-000000000001_visa_20260225112400811.png","travel_document","3","attachment",".png","288226","516","384810","384294"
"artifacts/research-sync/metadata-first-benchmark-1000/generated-corpus/travel_document/0525_3bfa3d0b-d2f5-4236-b967-4a270f65e326_visa.png","travel_document","3","attachment",".png","473003","480","631160","630680"
"artifacts/research-sync/metadata-first-benchmark-1000/generated-corpus/travel_document/0528_c0000001-0001-0001-0001-000000000001_visa_20260225112400811.png","travel_document","3","attachment",".png","288226","516","384810","384294"
"artifacts/research-sync/metadata-first-benchmark-1000/generated-corpus/travel_document/0529_3bfa3d0b-d2f5-4236-b967-4a270f65e326_passport.webp","travel_document","3","attachment",".webp","136104","491","181966","181475"
"artifacts/research-sync/metadata-first-benchmark-1000/generated-corpus/travel_document/0530_c0000001-0001-0001-0001-000000000003_passport.jpg","travel_document","3","attachment",".jpg","526059","489","701905","701416"
"artifacts/research-sync/metadata-first-benchmark-1000/generated-corpus/travel_document/0531_3bfa3d0b-d2f5-4236-b967-4a270f65e326_passport.webp","travel_document","3","attachment",".webp","136104","491","181966","181475"
"artifacts/research-sync/metadata-first-benchmark-1000/generated-corpus/travel_document/0534_c0000001-0001-0001-0001-000000000003_passport.jpg","travel_document","3","attachment",".jpg","526059","489","701905","701416"
"artifacts/research-sync/metadata-first-benchmark-1000/generated-corpus/travel_document/0536_3bfa3d0b-d2f5-4236-b967-4a270f65e326_passport.webp","travel_document","3","attachment",".webp","136104","491","181966","181475"
"artifacts/research-sync/metadata-first-benchmark-1000/generated-corpus/travel_document/0538_c0000001-0001-0001-0001-000000000001_visa.png","travel_document","3","attachment",".png","314715","480","420108","419628"
"artifacts/research-sync/metadata-first-benchmark-1000/generated-corpus/travel_document/0539_c0000001-0001-0001-0001-000000000001_visa_20260225112400811.png","travel_document","3","attachment",".png","288226","516","384810","384294"
"artifacts/research-sync/metadata-first-benchmark-1000/generated-corpus/travel_document/0541_c0000001-0001-0001-0001-000000000001_visa.png","travel_document","3","attachment",".png","314715","480","420108","419628"
"artifacts/research-sync/metadata-first-benchmark-1000/generated-corpus/travel_document/0544_c0000001-0001-0001-0001-000000000001_visa.png","travel_document","3","attachment",".png","314715","480","420108","419628"
"artifacts/research-sync/metadata-first-benchmark-1000/generated-corpus/travel_document/0548_3bfa3d0b-d2f5-4236-b967-4a270f65e326_passport.webp","travel_document","3","attachment",".webp","136104","491","181966","181475"
"artifacts/research-sync/metadata-first-benchmark-1000/generated-corpus/travel_document/0550_c0000001-0001-0001-0001-000000000001_visa.png","travel_document","3","attachment",".png","314715","480","420108","419628"
"artifacts/research-sync/metadata-first-benchmark-1000/generated-corpus/travel_document/0551_c0000001-0001-0001-0001-000000000001_visa_20260225112400811.png","travel_document","3","attachment",".png","288226","516","384810","384294"
"artifacts/research-sync/metadata-first-benchmark-1000/generated-corpus/travel_document/0557_c0000001-0001-0001-0001-000000000001_visa.png","travel_document","3","attachment",".png","314715","480","420108","419628"
"artifacts/research-sync/metadata-first-benchmark-1000/generated-corpus/travel_document/0560_c0000001-0001-0001-0001-000000000001_visa_20260225112400811.png","travel_document","3","attachment",".png","288226","516","384810","384294"
"artifacts/research-sync/metadata-first-benchmark-1000/generated-corpus/travel_document/0566_c0000001-0001-0001-0001-000000000003_passport.jpg","travel_document","3","attachment",".jpg","526059","489","701905","701416"
"artifacts/research-sync/metadata-first-benchmark-1000/generated-corpus/travel_document/0567_c0000001-0001-0001-0001-000000000003_passport.jpg","travel_document","3","attachment",".jpg","526059","489","701905","701416"
"artifacts/research-sync/metadata-first-benchmark-1000/generated-corpus/travel_document/0568_c0000001-0001-0001-0001-000000000003_passport.jpg","travel_document","3","attachment",".jpg","526059","489","701905","701416"
"artifacts/research-sync/metadata-first-benchmark-1000/generated-corpus/travel_document/0571_c0000001-0001-0001-0001-000000000001_visa_20260225112400811.png","travel_document","3","attachment",".png","288226","516","384810","384294"
"artifacts/research-sync/metadata-first-benchmark-1000/generated-corpus/travel_document/0573_3bfa3d0b-d2f5-4236-b967-4a270f65e326_passport.webp","travel_document","3","attachment",".webp","136104","491","181966","181475"
"artifacts/research-sync/metadata-first-benchmark-1000/generated-corpus/travel_document/0575_c0000001-0001-0001-0001-000000000001_visa.png","travel_document","3","attachment",".png","314715","480","420108","419628"
"artifacts/research-sync/metadata-first-benchmark-1000/generated-corpus/travel_document/0577_c0000001-0001-0001-0001-000000000001_visa.png","travel_document","3","attachment",".png","314715","480","420108","419628"
"artifacts/research-sync/metadata-first-benchmark-1000/generated-corpus/travel_document/0578_c0000001-0001-0001-0001-000000000001_visa_20260225112400811.png","travel_document","3","attachment",".png","288226","516","384810","384294"
"artifacts/research-sync/metadata-first-benchmark-1000/generated-corpus/travel_document/0579_c0000001-0001-0001-0001-000000000001_visa.png","travel_document","3","attachment",".png","314715","480","420108","419628"
"artifacts/research-sync/metadata-first-benchmark-1000/generated-corpus/travel_document/0582_c0000001-0001-0001-0001-000000000003_passport.jpg","travel_document","3","attachment",".jpg","526059","489","701905","701416"
"artifacts/research-sync/metadata-first-benchmark-1000/generated-corpus/travel_document/0584_c0000001-0001-0001-0001-000000000001_visa.png","travel_document","3","attachment",".png","314715","480","420108","419628"
"artifacts/research-sync/metadata-first-benchmark-1000/generated-corpus/travel_document/0589_c0000001-0001-0001-0001-000000000001_visa.png","travel_document","3","attachment",".png","314715","480","420108","419628"
"artifacts/research-sync/metadata-first-benchmark-1000/generated-corpus/travel_document/0590_3bfa3d0b-d2f5-4236-b967-4a270f65e326_passport.webp","travel_document","3","attachment",".webp","136104","491","181966","181475"
"artifacts/research-sync/metadata-first-benchmark-1000/generated-corpus/travel_document/0591_c0000001-0001-0001-0001-000000000001_visa_20260225112400811.png","travel_document","3","attachment",".png","288226","516","384810","384294"
"artifacts/research-sync/metadata-first-benchmark-1000/generated-corpus/travel_document/0592_3bfa3d0b-d2f5-4236-b967-4a270f65e326_passport.webp","travel_document","3","attachment",".webp","136104","491","181966","181475"
"artifacts/research-sync/metadata-first-benchmark-1000/generated-corpus/travel_document/0598_c0000001-0001-0001-0001-000000000001_visa_20260225112400811.png","travel_document","3","attachment",".png","288226","516","384810","384294"
"artifacts/research-sync/metadata-first-benchmark-1000/generated-corpus/travel_document/0605_c0000001-0001-0001-0001-000000000001_visa_20260225112400811.png","travel_document","3","attachment",".png","288226","516","384810","384294"
"artifacts/research-sync/metadata-first-benchmark-1000/generated-corpus/travel_document/0606_3bfa3d0b-d2f5-4236-b967-4a270f65e326_visa.png","travel_document","3","attachment",".png","473003","480","631160","630680"
"artifacts/research-sync/metadata-first-benchmark-1000/generated-corpus/travel_document/0607_c0000001-0001-0001-0001-000000000003_passport.jpg","travel_document","3","attachment",".jpg","526059","489","701905","701416"
"artifacts/research-sync/metadata-first-benchmark-1000/generated-corpus/travel_document/0610_3bfa3d0b-d2f5-4236-b967-4a270f65e326_visa.png","travel_document","3","attachment",".png","473003","480","631160","630680"
"artifacts/research-sync/metadata-first-benchmark-1000/generated-corpus/travel_document/0611_3bfa3d0b-d2f5-4236-b967-4a270f65e326_visa.png","travel_document","3","attachment",".png","473003","480","631160","630680"
"artifacts/research-sync/metadata-first-benchmark-1000/generated-corpus/travel_document/0612_c0000001-0001-0001-0001-000000000001_visa_20260225112400811.png","travel_document","3","attachment",".png","288226","516","384810","384294"
"artifacts/research-sync/metadata-first-benchmark-1000/generated-corpus/travel_document/0613_3bfa3d0b-d2f5-4236-b967-4a270f65e326_visa.png","travel_document","3","attachment",".png","473003","480","631160","630680"
"artifacts/research-sync/metadata-first-benchmark-1000/generated-corpus/travel_document/0614_c0000001-0001-0001-0001-000000000001_visa_20260225112400811.png","travel_document","3","attachment",".png","288226","516","384810","384294"
"artifacts/research-sync/metadata-first-benchmark-1000/generated-corpus/travel_document/0615_3bfa3d0b-d2f5-4236-b967-4a270f65e326_visa.png","travel_document","3","attachment",".png","473003","480","631160","630680"
"artifacts/research-sync/metadata-first-benchmark-1000/generated-corpus/travel_document/0624_3bfa3d0b-d2f5-4236-b967-4a270f65e326_passport.webp","travel_document","3","attachment",".webp","136104","491","181966","181475"
"artifacts/research-sync/metadata-first-benchmark-1000/generated-corpus/travel_document/0627_3bfa3d0b-d2f5-4236-b967-4a270f65e326_visa.png","travel_document","3","attachment",".png","473003","480","631160","630680"
"artifacts/research-sync/metadata-first-benchmark-1000/generated-corpus/travel_document/0628_3bfa3d0b-d2f5-4236-b967-4a270f65e326_passport.webp","travel_document","3","attachment",".webp","136104","491","181966","181475"
"artifacts/research-sync/metadata-first-benchmark-1000/generated-corpus/travel_document/0632_c0000001-0001-0001-0001-000000000001_visa_20260225112400811.png","travel_document","3","attachment",".png","288226","516","384810","384294"
"artifacts/research-sync/metadata-first-benchmark-1000/generated-corpus/travel_document/0634_3bfa3d0b-d2f5-4236-b967-4a270f65e326_visa.png","travel_document","3","attachment",".png","473003","480","631160","630680"
"artifacts/research-sync/metadata-first-benchmark-1000/generated-corpus/travel_document/0636_c0000001-0001-0001-0001-000000000001_visa.png","travel_document","3","attachment",".png","314715","480","420108","419628"
"artifacts/research-sync/metadata-first-benchmark-1000/generated-corpus/travel_document/0637_3bfa3d0b-d2f5-4236-b967-4a270f65e326_passport.webp","travel_document","3","attachment",".webp","136104","491","181966","181475"
"artifacts/research-sync/metadata-first-benchmark-1000/generated-corpus/travel_document/0639_c0000001-0001-0001-0001-000000000001_visa_20260225112400811.png","travel_document","3","attachment",".png","288226","516","384810","384294"
"artifacts/research-sync/metadata-first-benchmark-1000/generated-corpus/travel_document/0645_c0000001-0001-0001-0001-000000000001_visa_20260225112400811.png","travel_document","3","attachment",".png","288226","516","384810","384294"
"artifacts/research-sync/metadata-first-benchmark-1000/generated-corpus/travel_document/0646_c0000001-0001-0001-0001-000000000003_passport.jpg","travel_document","3","attachment",".jpg","526059","489","701905","701416"
"artifacts/research-sync/metadata-first-benchmark-1000/generated-corpus/travel_document/0647_c0000001-0001-0001-0001-000000000003_passport.jpg","travel_document","3","attachment",".jpg","526059","489","701905","701416"
"artifacts/research-sync/metadata-first-benchmark-1000/generated-corpus/travel_document/0650_3bfa3d0b-d2f5-4236-b967-4a270f65e326_visa.png","travel_document","3","attachment",".png","473003","480","631160","630680"
"artifacts/research-sync/metadata-first-benchmark-1000/generated-corpus/travel_document/0652_c0000001-0001-0001-0001-000000000003_passport.jpg","travel_document","3","attachment",".jpg","526059","489","701905","701416"
"artifacts/research-sync/metadata-first-benchmark-1000/generated-corpus/travel_document/0656_c0000001-0001-0001-0001-000000000001_visa_20260225112400811.png","travel_document","3","attachment",".png","288226","516","384810","384294"
"artifacts/research-sync/metadata-first-benchmark-1000/generated-corpus/travel_document/0658_3bfa3d0b-d2f5-4236-b967-4a270f65e326_visa.png","travel_document","3","attachment",".png","473003","480","631160","630680"
"artifacts/research-sync/metadata-first-benchmark-1000/generated-corpus/travel_document/0659_c0000001-0001-0001-0001-000000000003_passport.jpg","travel_document","3","attachment",".jpg","526059","489","701905","701416"
"artifacts/research-sync/metadata-first-benchmark-1000/generated-corpus/travel_document/0660_3bfa3d0b-d2f5-4236-b967-4a270f65e326_passport.webp","travel_document","3","attachment",".webp","136104","491","181966","181475"
"artifacts/research-sync/metadata-first-benchmark-1000/generated-corpus/travel_document/0661_c0000001-0001-0001-0001-000000000003_passport.jpg","travel_document","3","attachment",".jpg","526059","489","701905","701416"
"artifacts/research-sync/metadata-first-benchmark-1000/generated-corpus/travel_document/0664_c0000001-0001-0001-0001-000000000001_visa.png","travel_document","3","attachment",".png","314715","480","420108","419628"
"artifacts/research-sync/metadata-first-benchmark-1000/generated-corpus/travel_document/0666_c0000001-0001-0001-0001-000000000001_visa_20260225112400811.png","travel_document","3","attachment",".png","288226","516","384810","384294"
"artifacts/research-sync/metadata-first-benchmark-1000/generated-corpus/travel_document/0668_c0000001-0001-0001-0001-000000000003_passport.jpg","travel_document","3","attachment",".jpg","526059","489","701905","701416"
"artifacts/research-sync/metadata-first-benchmark-1000/generated-corpus/travel_document/0669_3bfa3d0b-d2f5-4236-b967-4a270f65e326_visa.png","travel_document","3","attachment",".png","473003","480","631160","630680"
"artifacts/research-sync/metadata-first-benchmark-1000/generated-corpus/travel_document/0670_c0000001-0001-0001-0001-000000000003_passport.jpg","travel_document","3","attachment",".jpg","526059","489","701905","701416"
"artifacts/research-sync/metadata-first-benchmark-1000/generated-corpus/travel_document/0671_c0000001-0001-0001-0001-000000000001_visa.png","travel_document","3","attachment",".png","314715","480","420108","419628"
"artifacts/research-sync/metadata-first-benchmark-1000/generated-corpus/travel_document/0678_c0000001-0001-0001-0001-000000000003_passport.jpg","travel_document","3","attachment",".jpg","526059","489","701905","701416"
"artifacts/research-sync/metadata-first-benchmark-1000/generated-corpus/travel_document/0679_c0000001-0001-0001-0001-000000000001_visa.png","travel_document","3","attachment",".png","314715","480","420108","419628"
"artifacts/research-sync/metadata-first-benchmark-1000/generated-corpus/travel_document/0691_3bfa3d0b-d2f5-4236-b967-4a270f65e326_passport.webp","travel_document","3","attachment",".webp","136104","491","181966","181475"
"artifacts/research-sync/metadata-first-benchmark-1000/generated-corpus/travel_document/0692_c0000001-0001-0001-0001-000000000001_visa_20260225112400811.png","travel_document","3","attachment",".png","288226","516","384810","384294"
"artifacts/research-sync/metadata-first-benchmark-1000/generated-corpus/travel_document/0696_c0000001-0001-0001-0001-000000000001_visa.png","travel_document","3","attachment",".png","314715","480","420108","419628"
"artifacts/research-sync/metadata-first-benchmark-1000/generated-corpus/travel_document/0699_3bfa3d0b-d2f5-4236-b967-4a270f65e326_passport.webp","travel_document","3","attachment",".webp","136104","491","181966","181475"
"artifacts/research-sync/metadata-first-benchmark-1000/generated-corpus/travel_document/0703_c0000001-0001-0001-0001-000000000001_visa.png","travel_document","3","attachment",".png","314715","480","420108","419628"
"artifacts/research-sync/metadata-first-benchmark-1000/generated-corpus/travel_document/0705_c0000001-0001-0001-0001-000000000001_visa_20260225112400811.png","travel_document","3","attachment",".png","288226","516","384810","384294"
"artifacts/research-sync/metadata-first-benchmark-1000/generated-corpus/travel_document/0709_c0000001-0001-0001-0001-000000000001_visa.png","travel_document","3","attachment",".png","314715","480","420108","419628"
"artifacts/research-sync/metadata-first-benchmark-1000/generated-corpus/travel_document/0711_3bfa3d0b-d2f5-4236-b967-4a270f65e326_passport.webp","travel_document","3","attachment",".webp","136104","491","181966","181475"
"artifacts/research-sync/metadata-first-benchmark-1000/generated-corpus/travel_document/0713_c0000001-0001-0001-0001-000000000003_passport.jpg","travel_document","3","attachment",".jpg","526059","489","701905","701416"
"artifacts/research-sync/metadata-first-benchmark-1000/generated-corpus/travel_document/0716_c0000001-0001-0001-0001-000000000001_visa.png","travel_document","3","attachment",".png","314715","480","420108","419628"
"artifacts/research-sync/metadata-first-benchmark-1000/generated-corpus/travel_document/0719_3bfa3d0b-d2f5-4236-b967-4a270f65e326_passport.webp","travel_document","3","attachment",".webp","136104","491","181966","181475"
"artifacts/research-sync/metadata-first-benchmark-1000/generated-corpus/travel_document/0722_c0000001-0001-0001-0001-000000000003_passport.jpg","travel_document","3","attachment",".jpg","526059","489","701905","701416"
"artifacts/research-sync/metadata-first-benchmark-1000/generated-corpus/travel_document/0723_c0000001-0001-0001-0001-000000000001_visa.png","travel_document","3","attachment",".png","314715","480","420108","419628"
"artifacts/research-sync/metadata-first-benchmark-1000/generated-corpus/travel_document/0726_c0000001-0001-0001-0001-000000000001_visa_20260225112400811.png","travel_document","3","attachment",".png","288226","516","384810","384294"
"artifacts/research-sync/metadata-first-benchmark-1000/generated-corpus/travel_document/0729_c0000001-0001-0001-0001-000000000001_visa.png","travel_document","3","attachment",".png","314715","480","420108","419628"
"artifacts/research-sync/metadata-first-benchmark-1000/generated-corpus/travel_document/0732_c0000001-0001-0001-0001-000000000001_visa.png","travel_document","3","attachment",".png","314715","480","420108","419628"
"artifacts/research-sync/metadata-first-benchmark-1000/generated-corpus/travel_document/0734_c0000001-0001-0001-0001-000000000001_visa.png","travel_document","3","attachment",".png","314715","480","420108","419628"
"artifacts/research-sync/metadata-first-benchmark-1000/generated-corpus/travel_document/0735_c0000001-0001-0001-0001-000000000001_visa_20260225112400811.png","travel_document","3","attachment",".png","288226","516","384810","384294"
"artifacts/research-sync/metadata-first-benchmark-1000/generated-corpus/travel_document/0738_c0000001-0001-0001-0001-000000000003_passport.jpg","travel_document","3","attachment",".jpg","526059","489","701905","701416"
"artifacts/research-sync/metadata-first-benchmark-1000/generated-corpus/travel_document/0739_3bfa3d0b-d2f5-4236-b967-4a270f65e326_passport.webp","travel_document","3","attachment",".webp","136104","491","181966","181475"
"artifacts/research-sync/metadata-first-benchmark-1000/generated-corpus/travel_document/0741_3bfa3d0b-d2f5-4236-b967-4a270f65e326_visa.png","travel_document","3","attachment",".png","473003","480","631160","630680"
"artifacts/research-sync/metadata-first-benchmark-1000/generated-corpus/travel_document/0743_3bfa3d0b-d2f5-4236-b967-4a270f65e326_passport.webp","travel_document","3","attachment",".webp","136104","491","181966","181475"
"artifacts/research-sync/metadata-first-benchmark-1000/generated-corpus/travel_document/0744_c0000001-0001-0001-0001-000000000003_passport.jpg","travel_document","3","attachment",".jpg","526059","489","701905","701416"
"artifacts/research-sync/metadata-first-benchmark-1000/generated-corpus/travel_document/0745_3bfa3d0b-d2f5-4236-b967-4a270f65e326_visa.png","travel_document","3","attachment",".png","473003","480","631160","630680"
"artifacts/research-sync/metadata-first-benchmark-1000/generated-corpus/travel_document/0747_c0000001-0001-0001-0001-000000000003_passport.jpg","travel_document","3","attachment",".jpg","526059","489","701905","701416"
"artifacts/research-sync/metadata-first-benchmark-1000/generated-corpus/travel_document/0749_c0000001-0001-0001-0001-000000000001_visa_20260225112400811.png","travel_document","3","attachment",".png","288226","516","384810","384294"
"artifacts/research-sync/metadata-first-benchmark-1000/generated-corpus/travel_document/0751_c0000001-0001-0001-0001-000000000001_visa.png","travel_document","3","attachment",".png","314715","480","420108","419628"
"artifacts/research-sync/metadata-first-benchmark-1000/generated-corpus/travel_document/0752_3bfa3d0b-d2f5-4236-b967-4a270f65e326_passport.webp","travel_document","3","attachment",".webp","136104","491","181966","181475"
"artifacts/research-sync/metadata-first-benchmark-1000/generated-corpus/travel_document/0753_c0000001-0001-0001-0001-000000000001_visa_20260225112400811.png","travel_document","3","attachment",".png","288226","516","384810","384294"
"artifacts/research-sync/metadata-first-benchmark-1000/generated-corpus/travel_document/0755_3bfa3d0b-d2f5-4236-b967-4a270f65e326_passport.webp","travel_document","3","attachment",".webp","136104","491","181966","181475"
"artifacts/research-sync/metadata-first-benchmark-1000/generated-corpus/travel_document/0766_c0000001-0001-0001-0001-000000000001_visa_20260225112400811.png","travel_document","3","attachment",".png","288226","516","384810","384294"
"artifacts/research-sync/metadata-first-benchmark-1000/generated-corpus/travel_document/0767_c0000001-0001-0001-0001-000000000001_visa.png","travel_document","3","attachment",".png","314715","480","420108","419628"
"artifacts/research-sync/metadata-first-benchmark-1000/generated-corpus/travel_document/0769_3bfa3d0b-d2f5-4236-b967-4a270f65e326_visa.png","travel_document","3","attachment",".png","473003","480","631160","630680"
"artifacts/research-sync/metadata-first-benchmark-1000/generated-corpus/travel_document/0773_c0000001-0001-0001-0001-000000000003_passport.jpg","travel_document","3","attachment",".jpg","526059","489","701905","701416"
"artifacts/research-sync/metadata-first-benchmark-1000/generated-corpus/travel_document/0774_3bfa3d0b-d2f5-4236-b967-4a270f65e326_passport.webp","travel_document","3","attachment",".webp","136104","491","181966","181475"
"artifacts/research-sync/metadata-first-benchmark-1000/generated-corpus/travel_document/0778_c0000001-0001-0001-0001-000000000001_visa_20260225112400811.png","travel_document","3","attachment",".png","288226","516","384810","384294"
"artifacts/research-sync/metadata-first-benchmark-1000/generated-corpus/travel_document/0779_3bfa3d0b-d2f5-4236-b967-4a270f65e326_visa.png","travel_document","3","attachment",".png","473003","480","631160","630680"
"artifacts/research-sync/metadata-first-benchmark-1000/generated-corpus/travel_document/0780_c0000001-0001-0001-0001-000000000001_visa_20260225112400811.png","travel_document","3","attachment",".png","288226","516","384810","384294"
"artifacts/research-sync/metadata-first-benchmark-1000/generated-corpus/travel_document/0781_c0000001-0001-0001-0001-000000000003_passport.jpg","travel_document","3","attachment",".jpg","526059","489","701905","701416"
"artifacts/research-sync/metadata-first-benchmark-1000/generated-corpus/travel_document/0785_3bfa3d0b-d2f5-4236-b967-4a270f65e326_visa.png","travel_document","3","attachment",".png","473003","480","631160","630680"
"artifacts/research-sync/metadata-first-benchmark-1000/generated-corpus/travel_document/0787_c0000001-0001-0001-0001-000000000001_visa_20260225112400811.png","travel_document","3","attachment",".png","288226","516","384810","384294"
"artifacts/research-sync/metadata-first-benchmark-1000/generated-corpus/travel_document/0793_c0000001-0001-0001-0001-000000000001_visa_20260225112400811.png","travel_document","3","attachment",".png","288226","516","384810","384294"
"artifacts/research-sync/metadata-first-benchmark-1000/generated-corpus/travel_document/0794_3bfa3d0b-d2f5-4236-b967-4a270f65e326_passport.webp","travel_document","3","attachment",".webp","136104","491","181966","181475"
"artifacts/research-sync/metadata-first-benchmark-1000/generated-corpus/travel_document/0795_c0000001-0001-0001-0001-000000000001_visa_20260225112400811.png","travel_document","3","attachment",".png","288226","516","384810","384294"
"artifacts/research-sync/metadata-first-benchmark-1000/generated-corpus/travel_document/0799_c0000001-0001-0001-0001-000000000001_visa_20260225112400811.png","travel_document","3","attachment",".png","288226","516","384810","384294"
"artifacts/research-sync/metadata-first-benchmark-1000/generated-corpus/travel_document/0800_c0000001-0001-0001-0001-000000000001_visa.png","travel_document","3","attachment",".png","314715","480","420108","419628"
"artifacts/research-sync/metadata-first-benchmark-1000/generated-corpus/travel_document/0801_3bfa3d0b-d2f5-4236-b967-4a270f65e326_passport.webp","travel_document","3","attachment",".webp","136104","491","181966","181475"
"artifacts/research-sync/metadata-first-benchmark-1000/generated-corpus/travel_document/0802_c0000001-0001-0001-0001-000000000001_visa.png","travel_document","3","attachment",".png","314715","480","420108","419628"
"artifacts/research-sync/metadata-first-benchmark-1000/generated-corpus/travel_document/0803_c0000001-0001-0001-0001-000000000001_visa_20260225112400811.png","travel_document","3","attachment",".png","288226","516","384810","384294"
"artifacts/research-sync/metadata-first-benchmark-1000/generated-corpus/travel_document/0804_c0000001-0001-0001-0001-000000000001_visa.png","travel_document","3","attachment",".png","314715","480","420108","419628"
"artifacts/research-sync/metadata-first-benchmark-1000/generated-corpus/travel_document/0806_3bfa3d0b-d2f5-4236-b967-4a270f65e326_visa.png","travel_document","3","attachment",".png","473003","480","631160","630680"
"artifacts/research-sync/metadata-first-benchmark-1000/generated-corpus/travel_document/0807_3bfa3d0b-d2f5-4236-b967-4a270f65e326_visa.png","travel_document","3","attachment",".png","473003","480","631160","630680"
"artifacts/research-sync/metadata-first-benchmark-1000/generated-corpus/travel_document/0809_c0000001-0001-0001-0001-000000000001_visa.png","travel_document","3","attachment",".png","314715","480","420108","419628"
"artifacts/research-sync/metadata-first-benchmark-1000/generated-corpus/travel_document/0813_3bfa3d0b-d2f5-4236-b967-4a270f65e326_passport.webp","travel_document","3","attachment",".webp","136104","491","181966","181475"
"artifacts/research-sync/metadata-first-benchmark-1000/generated-corpus/travel_document/0816_3bfa3d0b-d2f5-4236-b967-4a270f65e326_visa.png","travel_document","3","attachment",".png","473003","480","631160","630680"
"artifacts/research-sync/metadata-first-benchmark-1000/generated-corpus/travel_document/0819_3bfa3d0b-d2f5-4236-b967-4a270f65e326_visa.png","travel_document","3","attachment",".png","473003","480","631160","630680"
"artifacts/research-sync/metadata-first-benchmark-1000/generated-corpus/travel_document/0821_c0000001-0001-0001-0001-000000000003_passport.jpg","travel_document","3","attachment",".jpg","526059","489","701905","701416"
"artifacts/research-sync/metadata-first-benchmark-1000/generated-corpus/travel_document/0822_c0000001-0001-0001-0001-000000000001_visa.png","travel_document","3","attachment",".png","314715","480","420108","419628"
"artifacts/research-sync/metadata-first-benchmark-1000/generated-corpus/travel_document/0829_3bfa3d0b-d2f5-4236-b967-4a270f65e326_visa.png","travel_document","3","attachment",".png","473003","480","631160","630680"
"artifacts/research-sync/metadata-first-benchmark-1000/generated-corpus/travel_document/0831_3bfa3d0b-d2f5-4236-b967-4a270f65e326_visa.png","travel_document","3","attachment",".png","473003","480","631160","630680"
"artifacts/research-sync/metadata-first-benchmark-1000/generated-corpus/travel_document/0834_c0000001-0001-0001-0001-000000000003_passport.jpg","travel_document","3","attachment",".jpg","526059","489","701905","701416"
"artifacts/research-sync/metadata-first-benchmark-1000/generated-corpus/travel_document/0837_3bfa3d0b-d2f5-4236-b967-4a270f65e326_passport.webp","travel_document","3","attachment",".webp","136104","491","181966","181475"
"artifacts/research-sync/metadata-first-benchmark-1000/generated-corpus/travel_document/0841_c0000001-0001-0001-0001-000000000001_visa_20260225112400811.png","travel_document","3","attachment",".png","288226","516","384810","384294"
"artifacts/research-sync/metadata-first-benchmark-1000/generated-corpus/travel_document/0842_3bfa3d0b-d2f5-4236-b967-4a270f65e326_passport.webp","travel_document","3","attachment",".webp","136104","491","181966","181475"
"artifacts/research-sync/metadata-first-benchmark-1000/generated-corpus/travel_document/0844_c0000001-0001-0001-0001-000000000001_visa.png","travel_document","3","attachment",".png","314715","480","420108","419628"
"artifacts/research-sync/metadata-first-benchmark-1000/generated-corpus/travel_document/0846_3bfa3d0b-d2f5-4236-b967-4a270f65e326_visa.png","travel_document","3","attachment",".png","473003","480","631160","630680"
"artifacts/research-sync/metadata-first-benchmark-1000/generated-corpus/travel_document/0848_3bfa3d0b-d2f5-4236-b967-4a270f65e326_passport.webp","travel_document","3","attachment",".webp","136104","491","181966","181475"
"artifacts/research-sync/metadata-first-benchmark-1000/generated-corpus/travel_document/0853_3bfa3d0b-d2f5-4236-b967-4a270f65e326_passport.webp","travel_document","3","attachment",".webp","136104","491","181966","181475"
"artifacts/research-sync/metadata-first-benchmark-1000/generated-corpus/travel_document/0855_c0000001-0001-0001-0001-000000000001_visa.png","travel_document","3","attachment",".png","314715","480","420108","419628"
"artifacts/research-sync/metadata-first-benchmark-1000/generated-corpus/travel_document/0856_c0000001-0001-0001-0001-000000000001_visa_20260225112400811.png","travel_document","3","attachment",".png","288226","516","384810","384294"
"artifacts/research-sync/metadata-first-benchmark-1000/generated-corpus/travel_document/0857_c0000001-0001-0001-0001-000000000001_visa.png","travel_document","3","attachment",".png","314715","480","420108","419628"
"artifacts/research-sync/metadata-first-benchmark-1000/generated-corpus/travel_document/0859_3bfa3d0b-d2f5-4236-b967-4a270f65e326_passport.webp","travel_document","3","attachment",".webp","136104","491","181966","181475"
"artifacts/research-sync/metadata-first-benchmark-1000/generated-corpus/travel_document/0860_3bfa3d0b-d2f5-4236-b967-4a270f65e326_passport.webp","travel_document","3","attachment",".webp","136104","491","181966","181475"
"artifacts/research-sync/metadata-first-benchmark-1000/generated-corpus/travel_document/0864_3bfa3d0b-d2f5-4236-b967-4a270f65e326_visa.png","travel_document","3","attachment",".png","473003","480","631160","630680"
"artifacts/research-sync/metadata-first-benchmark-1000/generated-corpus/travel_document/0865_3bfa3d0b-d2f5-4236-b967-4a270f65e326_passport.webp","travel_document","3","attachment",".webp","136104","491","181966","181475"
"artifacts/research-sync/metadata-first-benchmark-1000/generated-corpus/travel_document/0868_3bfa3d0b-d2f5-4236-b967-4a270f65e326_visa.png","travel_document","3","attachment",".png","473003","480","631160","630680"
"artifacts/research-sync/metadata-first-benchmark-1000/generated-corpus/travel_document/0869_c0000001-0001-0001-0001-000000000003_passport.jpg","travel_document","3","attachment",".jpg","526059","489","701905","701416"
"artifacts/research-sync/metadata-first-benchmark-1000/generated-corpus/travel_document/0870_c0000001-0001-0001-0001-000000000003_passport.jpg","travel_document","3","attachment",".jpg","526059","489","701905","701416"
"artifacts/research-sync/metadata-first-benchmark-1000/generated-corpus/travel_document/0872_3bfa3d0b-d2f5-4236-b967-4a270f65e326_passport.webp","travel_document","3","attachment",".webp","136104","491","181966","181475"
"artifacts/research-sync/metadata-first-benchmark-1000/generated-corpus/travel_document/0873_c0000001-0001-0001-0001-000000000003_passport.jpg","travel_document","3","attachment",".jpg","526059","489","701905","701416"
"artifacts/research-sync/metadata-first-benchmark-1000/generated-corpus/travel_document/0874_3bfa3d0b-d2f5-4236-b967-4a270f65e326_visa.png","travel_document","3","attachment",".png","473003","480","631160","630680"
"artifacts/research-sync/metadata-first-benchmark-1000/generated-corpus/travel_document/0875_3bfa3d0b-d2f5-4236-b967-4a270f65e326_passport.webp","travel_document","3","attachment",".webp","136104","491","181966","181475"
"artifacts/research-sync/metadata-first-benchmark-1000/generated-corpus/travel_document/0883_c0000001-0001-0001-0001-000000000001_visa.png","travel_document","3","attachment",".png","314715","480","420108","419628"
"artifacts/research-sync/metadata-first-benchmark-1000/generated-corpus/travel_document/0885_c0000001-0001-0001-0001-000000000001_visa_20260225112400811.png","travel_document","3","attachment",".png","288226","516","384810","384294"
"artifacts/research-sync/metadata-first-benchmark-1000/generated-corpus/travel_document/0888_3bfa3d0b-d2f5-4236-b967-4a270f65e326_passport.webp","travel_document","3","attachment",".webp","136104","491","181966","181475"
"artifacts/research-sync/metadata-first-benchmark-1000/generated-corpus/travel_document/0893_c0000001-0001-0001-0001-000000000001_visa_20260225112400811.png","travel_document","3","attachment",".png","288226","516","384810","384294"
"artifacts/research-sync/metadata-first-benchmark-1000/generated-corpus/travel_document/0894_3bfa3d0b-d2f5-4236-b967-4a270f65e326_passport.webp","travel_document","3","attachment",".webp","136104","491","181966","181475"
"artifacts/research-sync/metadata-first-benchmark-1000/generated-corpus/travel_document/0900_c0000001-0001-0001-0001-000000000001_visa.png","travel_document","3","attachment",".png","314715","480","420108","419628"
"artifacts/research-sync/metadata-first-benchmark-1000/generated-corpus/travel_document/0902_3bfa3d0b-d2f5-4236-b967-4a270f65e326_visa.png","travel_document","3","attachment",".png","473003","480","631160","630680"
"artifacts/research-sync/metadata-first-benchmark-1000/generated-corpus/travel_document/0903_3bfa3d0b-d2f5-4236-b967-4a270f65e326_passport.webp","travel_document","3","attachment",".webp","136104","491","181966","181475"
"artifacts/research-sync/metadata-first-benchmark-1000/generated-corpus/travel_document/0906_3bfa3d0b-d2f5-4236-b967-4a270f65e326_visa.png","travel_document","3","attachment",".png","473003","480","631160","630680"
"artifacts/research-sync/metadata-first-benchmark-1000/generated-corpus/travel_document/0908_c0000001-0001-0001-0001-000000000001_visa_20260225112400811.png","travel_document","3","attachment",".png","288226","516","384810","384294"
"artifacts/research-sync/metadata-first-benchmark-1000/generated-corpus/travel_document/0909_c0000001-0001-0001-0001-000000000001_visa.png","travel_document","3","attachment",".png","314715","480","420108","419628"
"artifacts/research-sync/metadata-first-benchmark-1000/generated-corpus/travel_document/0915_3bfa3d0b-d2f5-4236-b967-4a270f65e326_passport.webp","travel_document","3","attachment",".webp","136104","491","181966","181475"
"artifacts/research-sync/metadata-first-benchmark-1000/generated-corpus/travel_document/0916_c0000001-0001-0001-0001-000000000001_visa_20260225112400811.png","travel_document","3","attachment",".png","288226","516","384810","384294"
"artifacts/research-sync/metadata-first-benchmark-1000/generated-corpus/travel_document/0918_c0000001-0001-0001-0001-000000000003_passport.jpg","travel_document","3","attachment",".jpg","526059","489","701905","701416"
"artifacts/research-sync/metadata-first-benchmark-1000/generated-corpus/travel_document/0919_c0000001-0001-0001-0001-000000000001_visa.png","travel_document","3","attachment",".png","314715","480","420108","419628"
"artifacts/research-sync/metadata-first-benchmark-1000/generated-corpus/travel_document/0921_3bfa3d0b-d2f5-4236-b967-4a270f65e326_visa.png","travel_document","3","attachment",".png","473003","480","631160","630680"
"artifacts/research-sync/metadata-first-benchmark-1000/generated-corpus/travel_document/0922_3bfa3d0b-d2f5-4236-b967-4a270f65e326_visa.png","travel_document","3","attachment",".png","473003","480","631160","630680"
"artifacts/research-sync/metadata-first-benchmark-1000/generated-corpus/travel_document/0923_3bfa3d0b-d2f5-4236-b967-4a270f65e326_passport.webp","travel_document","3","attachment",".webp","136104","491","181966","181475"
"artifacts/research-sync/metadata-first-benchmark-1000/generated-corpus/travel_document/0924_3bfa3d0b-d2f5-4236-b967-4a270f65e326_passport.webp","travel_document","3","attachment",".webp","136104","491","181966","181475"
"artifacts/research-sync/metadata-first-benchmark-1000/generated-corpus/travel_document/0926_c0000001-0001-0001-0001-000000000001_visa_20260225112400811.png","travel_document","3","attachment",".png","288226","516","384810","384294"
"artifacts/research-sync/metadata-first-benchmark-1000/generated-corpus/travel_document/0927_3bfa3d0b-d2f5-4236-b967-4a270f65e326_visa.png","travel_document","3","attachment",".png","473003","480","631160","630680"
"artifacts/research-sync/metadata-first-benchmark-1000/generated-corpus/travel_document/0932_c0000001-0001-0001-0001-000000000003_passport.jpg","travel_document","3","attachment",".jpg","526059","489","701905","701416"
"artifacts/research-sync/metadata-first-benchmark-1000/generated-corpus/travel_document/0934_3bfa3d0b-d2f5-4236-b967-4a270f65e326_passport.webp","travel_document","3","attachment",".webp","136104","491","181966","181475"
"artifacts/research-sync/metadata-first-benchmark-1000/generated-corpus/travel_document/0935_c0000001-0001-0001-0001-000000000003_passport.jpg","travel_document","3","attachment",".jpg","526059","489","701905","701416"
"artifacts/research-sync/metadata-first-benchmark-1000/generated-corpus/travel_document/0937_c0000001-0001-0001-0001-000000000001_visa_20260225112400811.png","travel_document","3","attachment",".png","288226","516","384810","384294"
"artifacts/research-sync/metadata-first-benchmark-1000/generated-corpus/travel_document/0943_c0000001-0001-0001-0001-000000000001_visa.png","travel_document","3","attachment",".png","314715","480","420108","419628"
"artifacts/research-sync/metadata-first-benchmark-1000/generated-corpus/travel_document/0944_3bfa3d0b-d2f5-4236-b967-4a270f65e326_passport.webp","travel_document","3","attachment",".webp","136104","491","181966","181475"
"artifacts/research-sync/metadata-first-benchmark-1000/generated-corpus/travel_document/0945_c0000001-0001-0001-0001-000000000003_passport.jpg","travel_document","3","attachment",".jpg","526059","489","701905","701416"
"artifacts/research-sync/metadata-first-benchmark-1000/generated-corpus/travel_document/0946_c0000001-0001-0001-0001-000000000001_visa_20260225112400811.png","travel_document","3","attachment",".png","288226","516","384810","384294"
"artifacts/research-sync/metadata-first-benchmark-1000/generated-corpus/travel_document/0950_3bfa3d0b-d2f5-4236-b967-4a270f65e326_passport.webp","travel_document","3","attachment",".webp","136104","491","181966","181475"
"artifacts/research-sync/metadata-first-benchmark-1000/generated-corpus/travel_document/0951_c0000001-0001-0001-0001-000000000003_passport.jpg","travel_document","3","attachment",".jpg","526059","489","701905","701416"
"artifacts/research-sync/metadata-first-benchmark-1000/generated-corpus/travel_document/0953_c0000001-0001-0001-0001-000000000001_visa.png","travel_document","3","attachment",".png","314715","480","420108","419628"
"artifacts/research-sync/metadata-first-benchmark-1000/generated-corpus/travel_document/0954_c0000001-0001-0001-0001-000000000003_passport.jpg","travel_document","3","attachment",".jpg","526059","489","701905","701416"
"artifacts/research-sync/metadata-first-benchmark-1000/generated-corpus/travel_document/0956_3bfa3d0b-d2f5-4236-b967-4a270f65e326_visa.png","travel_document","3","attachment",".png","473003","480","631160","630680"
"artifacts/research-sync/metadata-first-benchmark-1000/generated-corpus/travel_document/0961_c0000001-0001-0001-0001-000000000003_passport.jpg","travel_document","3","attachment",".jpg","526059","489","701905","701416"
"artifacts/research-sync/metadata-first-benchmark-1000/generated-corpus/travel_document/0962_c0000001-0001-0001-0001-000000000003_passport.jpg","travel_document","3","attachment",".jpg","526059","489","701905","701416"
"artifacts/research-sync/metadata-first-benchmark-1000/generated-corpus/travel_document/0963_c0000001-0001-0001-0001-000000000001_visa.png","travel_document","3","attachment",".png","314715","480","420108","419628"
"artifacts/research-sync/metadata-first-benchmark-1000/generated-corpus/travel_document/0964_c0000001-0001-0001-0001-000000000001_visa.png","travel_document","3","attachment",".png","314715","480","420108","419628"
"artifacts/research-sync/metadata-first-benchmark-1000/generated-corpus/travel_document/0971_c0000001-0001-0001-0001-000000000003_passport.jpg","travel_document","3","attachment",".jpg","526059","489","701905","701416"
"artifacts/research-sync/metadata-first-benchmark-1000/generated-corpus/travel_document/0974_3bfa3d0b-d2f5-4236-b967-4a270f65e326_passport.webp","travel_document","3","attachment",".webp","136104","491","181966","181475"
"artifacts/research-sync/metadata-first-benchmark-1000/generated-corpus/travel_document/0977_c0000001-0001-0001-0001-000000000003_passport.jpg","travel_document","3","attachment",".jpg","526059","489","701905","701416"
"artifacts/research-sync/metadata-first-benchmark-1000/generated-corpus/travel_document/0978_c0000001-0001-0001-0001-000000000003_passport.jpg","travel_document","3","attachment",".jpg","526059","489","701905","701416"
"artifacts/research-sync/metadata-first-benchmark-1000/generated-corpus/travel_document/0979_3bfa3d0b-d2f5-4236-b967-4a270f65e326_passport.webp","travel_document","3","attachment",".webp","136104","491","181966","181475"
"artifacts/research-sync/metadata-first-benchmark-1000/generated-corpus/travel_document/0980_3bfa3d0b-d2f5-4236-b967-4a270f65e326_visa.png","travel_document","3","attachment",".png","473003","480","631160","630680"
"artifacts/research-sync/metadata-first-benchmark-1000/generated-corpus/travel_document/0981_3bfa3d0b-d2f5-4236-b967-4a270f65e326_passport.webp","travel_document","3","attachment",".webp","136104","491","181966","181475"
"artifacts/research-sync/metadata-first-benchmark-1000/generated-corpus/travel_document/0992_c0000001-0001-0001-0001-000000000001_visa_20260225112400811.png","travel_document","3","attachment",".png","288226","516","384810","384294"
"artifacts/research-sync/metadata-first-benchmark-1000/generated-corpus/travel_document/0997_c0000001-0001-0001-0001-000000000001_visa.png","travel_document","3","attachment",".png","314715","480","420108","419628"
"artifacts/research-sync/metadata-first-benchmark-1000/generated-corpus/travel_document/1000_3bfa3d0b-d2f5-4236-b967-4a270f65e326_passport.webp","travel_document","3","attachment",".webp","136104","491","181966","181475"
